kind,code,short_description,added,terminated
code,A0021,Outside state ambulance serv,19850101,
code,A0080,Noninterest escort in non er,19820101,
code,A0090,Interest escort in non er,19820101,
code,A0100,Nonemergency transport taxi,19820101,
code,A0110,Nonemergency transport bus,19840101,
code,A0120,Noner transport mini-bus,19820101,
code,A0130,Noner transport wheelch van,19820101,
code,A0140,Nonemergency transport air,19850101,
code,A0160,Noner transport case worker,19840101,
code,A0170,Transport parking fees/tolls,19820101,
code,A0180,Noner transport lodgng recip,19820101,
code,A0190,Noner transport meals recip,19840101,
code,A0200,Noner transport lodgng escrt,19820101,
code,A0210,Noner transport meals escort,19840101,
code,A0225,Neonatal emergency transport,19850101,
code,A0380,Basic life support mileage,19950101,
code,A0382,Basic support routine suppls,19950101,
code,A0384,Bls defibrillation supplies,19950101,
code,A0390,Advanced life support mileag,19950101,
code,A0392,Als defibrillation supplies,19950101,
code,A0394,Als iv drug therapy supplies,19950101,
code,A0396,Als esophageal intub suppls,19950101,
code,A0398,Als routine disposble suppls,19950101,
code,A0420,Ambulance waiting 1/2 hr,19950101,
code,A0422,Ambulance 02 life sustaining,19950101,
code,A0424,Extra ambulance attendant,19950101,
code,A0425,Ground mileage,20010101,
code,A0426,Als 1,20010101,
code,A0427,Als1-emergency,20010101,
code,A0428,Bls,20010101,
code,A0429,Bls-emergency,20010101,
code,A0430,Fixed wing air transport,20010101,
code,A0431,Rotary wing air transport,20010101,
code,A0432,Pi volunteer ambulance co,20010101,
code,A0433,Als 2,20010101,
code,A0434,Specialty care transport,20010101,
code,A0435,Fixed wing air mileage,20010101,
code,A0436,Rotary wing air mileage,20010101,
code,A0888,Noncovered ambulance mileage,19950101,
code,A0998,Ambulance response/treatment,20060101,
code,A0999,Unlisted ambulance service,19870101,
code,A2001,"Innovamatrix ac, per sq cm",20220101,
code,A2002,Mirragen adv wnd mat per sq,20220101,
code,A2004,"Xcellistem, 1 mg",20220101,
code,A2005,"Microlyte matrix, per sq cm",20220101,
code,A2006,Novosorb synpath per sq cm,20220101,
code,A2007,"Restrata, per sq cm",20220101,
code,A2008,"Theragenesis, per sq cm",20220101,
code,A2009,"Symphony, per sq cm",20220101,
code,A2010,"Apis, per square centimeter",20220101,
code,A2011,"Supra sdrm, per sq cm",20220401,
code,A2012,"Suprathel, per sq cm",20220401,
code,A2013,"Innovamatrix fs, per sq cm",20220401,
code,A2014,Omeza collag compl 100 mg,20221001,
code,A2015,"Phoenix wnd mtrx, per sq cm",20221001,
code,A2016,"Permeaderm b, per sq cm",20221001,
code,A2017,"Permeaderm glove, each",20221001,
code,A2018,"Permeaderm c, per sq cm",20221001,
code,A2019,Kerecis marigen shld sq cm,20230401,
code,A2020,Ac5 wound system,20230401,
code,A2021,Neomatrix per sq cm,20230401,
code,A2022,Innovabrn/innovamatx xl sqcm,20231001,
code,A2023,"Innovamatrix pd, 1 mg",20231001,
code,A2024,Resolve or xenopatch sq cm,20231001,
code,A2025,Miro3d per cubic cm,20231001,
code,A2026,"Restrata minimatrix, 5 mg",20240401,
code,A2027,Matriderm per sq cm,20241001,
code,A2028,Micromatrix flex per mg,20241001,
code,A2029,Mirotract matrix sheet,20241001,
code,A2030,"Miro3d fibers, per mg",20250401,
code,A2031,"Mirodry, per sq cm",20250401,
code,A2032,"Myriad matrix, per sq cm",20250401,
code,A2033,"Myriad morcells, 4 mg",20250401,
code,A2034,"Found drs solo, per sq cm",20250401,
code,A2035,Corpl p therac p allac p mg,20250401,
code,A2036,Cohealyx col dml mx pr sq cm,20251001,
code,A2037,"G4derm plus/suprello, pr ml",20251001,
code,A2038,"Marigen pacto, per sq cm",20251001,
code,A2039,"Innovamatrix fd, per sq cm",20251001,
code,A2040,Microlyte painguard pr sq cm,20260401,
code,A2041,Foundation drs+ duo pr sq cm,20260401,
code,A2042,"Foundation drs+ solo, sq cm",20260401,
code,A2043,"Biobrane, per sq cm",20260401,
code,A2044,"Biobrane glove, each",20260401,
code,A2045,Novashield/novogen pr sq cm,20260401,
code,A2046,"Dermisphere hdrt, per sq cm",20261001,
code,A2047,"Lacertamatrix, per sq cm",20261001,
code,A2048,"Puraply mz, per mg",20261001,
code,A2049,"Theracor, per sq cm",20261001,
code,A2050,"Fibrillar collagen, per mg",20261001,
code,A4100,Nosht skin sub fda clrd nos,20220401,
code,A4206,1 cc sterile syringe&needle,19850101,
code,A4207,2 cc sterile syringe&needle,19850101,
code,A4208,3 cc sterile syringe&needle,19850101,
code,A4209,5+ cc sterile syringe&needle,19850101,
code,A4210,Nonneedle injection device,19890101,
code,A4211,Supp for self-adm injections,19930101,
code,A4212,Non coring needle or stylet,19930101,
code,A4213,20+ cc syringe only,19850101,
code,A4215,Sterile needle,19850101,
code,A4216,"Sterile water/saline, 10 ml",20040101,
code,A4217,"Sterile water/saline, 500 ml",20040101,
code,A4218,Sterile saline or water,20060101,
code,A4220,Infusion pump refill kit,19940101,
code,A4221,Supp non-insulin inf cath/wk,19970101,
code,A4222,Infusion supplies with pump,19970101,
code,A4223,Infusion supplies w/o pump,20050101,
code,A4224,Supply insulin inf cath/wk,20170101,
code,A4225,Sup/ext insulin inf pump syr,20170101,
code,A4226,Weekly supply maint cgs pump,20200101,
code,A4228,Dev-drug combo cath supplies,20261001,
code,A4230,Infus insulin pump non needl,19960101,
code,A4231,Infusion insulin pump needle,19960101,
code,A4232,Syringe w/needle insulin 3cc,19960101,
code,A4233,Alkalin batt for glucose mon,20060101,
code,A4234,J-cell batt for glucose mon,20060101,
code,A4235,Lithium batt for glucose mon,20060101,
code,A4236,Silvr oxide batt glucose mon,20060101,
code,A4238,Adju cgm supply allowance,20220401,
code,A4239,Non-adju cgm supply allow,20230101,
code,A4244,Alcohol or peroxide per pint,19850101,
code,A4245,Alcohol wipes per box,19850101,
code,A4246,Betadine/phisohex solution,19850101,
code,A4247,Betadine/iodine swabs/wipes,19850101,
code,A4248,Chlorhexidine antisept,20040101,
code,A4250,Urine reagent strips/tablets,19900101,
code,A4252,Blood ketone test or strip,20080101,
code,A4253,Blood glucose/reagent strips,19860101,
code,A4255,Glucose monitor platforms,19970101,
code,A4256,Calibrator solution/chips,19850101,
code,A4257,Replace lensshield cartridge,20020101,
code,A4258,Lancet device each,19960101,
code,A4259,Lancets per box,19850101,
code,A4261,Cervical cap contraceptive,19990101,
code,A4262,Temporary tear duct plug,19940101,
code,A4263,Permanent tear duct plug,19940101,
code,A4264,Intratubal occlusion device,20100101,
code,A4265,Paraffin,19860101,
code,A4266,Diaphragm,20030101,
code,A4267,Male condom,20030101,
code,A4268,Female condom,20030101,
code,A4269,Spermicide,20030101,
code,A4270,Disposable endoscope sheath,19940101,
code,A4271,Home lancing/test cartridges,20240401,
code,A4280,Brst prsths adhsv attchmnt,20000101,
code,A4281,Replacement breastpump tube,20030101,
code,A4282,Replacement breastpump adpt,20030101,
code,A4283,Replacement breastpump cap,20030101,
code,A4284,Replcmnt breast pump shield,20030101,
code,A4285,Replcmnt breast pump bottle,20030101,
code,A4286,Replcmnt breastpump lok ring,20030101,
code,A4287,Disp col sto bag breast milk,20240101,
code,A4288,Replacement breastpump valve,20251001,
code,A4290,Sacral nerve stim test lead,20010101,
code,A4295,Straigh tip hydrophilic cath,20260101,
code,A4296,Coude tip hydrophilic cath,20260101,
code,A4297,Hydrophilic coat insert sup,20260101,
code,A4300,Cath impl vasc access portal,19860101,
code,A4301,Implantable access syst perc,19960101,
code,A4305,Drug delivery system >=50 ml,19930101,
code,A4306,Drug delivery system <=50 ml,19930101,
code,A4310,Insert tray w/o bag/cath,19900101,
code,A4311,Catheter w/o bag 2-way latex,19900101,
code,A4312,Cath w/o bag 2-way silicone,19900101,
code,A4313,Catheter w/bag 3-way,19900101,
code,A4314,Cath w/drainage 2-way latex,19900101,
code,A4315,Cath w/drainage 2-way silcne,19900101,
code,A4316,Cath w/drainage 3-way,19900101,
code,A4318,Fem urinary cup w/wo attch,20260401,
code,A4320,Irrigation tray,19900101,
code,A4321,Cath therapeutic irrig agent,19970101,
code,A4322,Irrigation syringe,19900101,
code,A4326,Male external catheter,19900101,
code,A4327,Fem urinary collect dev cup,19900101,
code,A4328,Fem urinary collect pouch,19900101,
code,A4330,Stool collection pouch,19900101,
code,A4331,Extension drainage tubing,20010101,
code,A4332,Lube sterile packet,20010101,
code,A4333,Urinary cath anchor device,20010101,
code,A4334,Urinary cath leg strap,20010101,
code,A4335,Incontinence supply,19900101,
code,A4336,Urethral insert,20100101,
code,A4337,Incontinent rectal insert,20160101,
code,A4338,Indwelling catheter latex,19900101,
code,A4340,Indwelling catheter special,19900101,
code,A4341,Iduc valve pat inst repl,20230401,
code,A4342,Iduc valve sply repl,20230401,
code,A4344,Cath indw foley 2 way silicn,19830101,
code,A4346,Cath indw foley 3 way,19830101,
code,A4349,Disposable male external cat,20050101,
code,A4351,Straight tip urine catheter,19900101,
code,A4352,Coude tip urinary catheter,19900101,
code,A4353,Intermittent urinary cath,19970101,
code,A4354,Cath insertion tray w/bag,19860101,
code,A4355,Bladder irrigation tubing,19840101,
code,A4356,Ext ureth clmp or compr dvc,19850101,
code,A4357,Bedside drainage bag,19850101,
code,A4358,Urinary leg or abdomen bag,19850101,
code,A4360,Disposable ext urethral dev,20100101,
code,A4361,Ostomy face plate,19850101,
code,A4362,Solid skin barrier,19850101,
code,A4363,"Ostomy clamp, replacement",20060101,
code,A4364,"Adhesive, liquid or equal",19850101,
code,A4366,Ostomy vent,20040101,
code,A4367,Ostomy belt,19850101,
code,A4368,Ostomy filter,19970101,
code,A4369,Skin barrier liquid per oz,20000101,
code,A4371,Skin barrier powder per oz,20000101,
code,A4372,Skin barrier solid 4x4 equiv,20000101,
code,A4373,Skin barrier with flange,20000101,
code,A4375,Drainable plastic pch w fcpl,20000101,
code,A4376,Drainable rubber pch w fcplt,20000101,
code,A4377,Drainable plstic pch w/o fp,20000101,
code,A4378,Drainable rubber pch w/o fp,20000101,
code,A4379,Urinary plastic pouch w fcpl,20000101,
code,A4380,Urinary rubber pouch w fcplt,20000101,
code,A4381,Urinary plastic pouch w/o fp,20000101,
code,A4382,Urinary hvy plstc pch w/o fp,20000101,
code,A4383,Urinary rubber pouch w/o fp,20000101,
code,A4384,Ostomy faceplt/silicone ring,20000101,
code,A4385,Ost skn barrier sld ext wear,20000101,
code,A4387,Ost clsd pouch w att st barr,20000101,
code,A4388,Drainable pch w ex wear barr,20000101,
code,A4389,Drainable pch w st wear barr,20000101,
code,A4390,Drainable pch ex wear convex,20000101,
code,A4391,Urinary pouch w ex wear barr,20000101,
code,A4392,Urinary pouch w st wear barr,20000101,
code,A4393,Urine pch w ex wear bar conv,20000101,
code,A4394,Ostomy pouch liq deodorant,20000101,
code,A4395,Ostomy pouch solid deodorant,20000101,
code,A4396,Peristomal hernia supprt blt,20010101,
code,A4397,Irrigation supply sleeve,19900101,20211231
code,A4398,Ostomy irrigation bag,19890101,
code,A4399,Ostomy irrig cone/cath w brs,19890101,
code,A4400,Ostomy irrigation set,19820101,
code,A4402,Lubricant per ounce,19850101,
code,A4404,Ostomy ring each,19850101,
code,A4405,Nonpectin based ostomy paste,20030101,
code,A4406,Pectin based ostomy paste,20030101,
code,A4407,"Ext wear ost skn barr <=4sq""",20030101,
code,A4408,"Ext wear ost skn barr >4sq""",20030101,
code,A4409,Ost skn barr convex <=4 sq i,20030101,
code,A4410,Ost skn barr extnd >4 sq,20030101,
code,A4411,Ost skn barr extnd =4sq,20060101,
code,A4412,Ost pouch drain high output,20060101,
code,A4413,2 pc drainable ost pouch,20030101,
code,A4414,Ost sknbar w/o conv<=4 sq in,20030101,
code,A4415,Ost skn barr w/o conv >4 sqi,20030101,
code,A4416,Ost pch clsd w barrier/filtr,20040101,
code,A4417,Ost pch w bar/bltinconv/fltr,20040101,
code,A4418,Ost pch clsd w/o bar w filtr,20040101,
code,A4419,Ost pch for bar w flange/flt,20040101,
code,A4420,Ost pch clsd for bar w lk fl,20040101,
code,A4421,Ostomy supply misc,19850101,
code,A4422,Ost pouch absorbent material,20030101,
code,A4423,Ost pch for bar w lk fl/fltr,20040101,
code,A4424,Ost pch drain w bar & filter,20040101,
code,A4425,Ost pch drain for barrier fl,20040101,
code,A4426,Ost pch drain 2 piece system,20040101,
code,A4427,Ost pch drain/barr lk flng/f,20040101,
code,A4428,Urine ost pouch w faucet/tap,20040101,
code,A4429,Urine ost pouch w bltinconv,20040101,
code,A4430,Ost urine pch w b/bltin conv,20040101,
code,A4431,Ost pch urine w barrier/tapv,20040101,
code,A4432,Os pch urine w bar/fange/tap,20040101,
code,A4433,Urine ost pch bar w lock fln,20040101,
code,A4434,Ost pch urine w lock flng/ft,20040101,
code,A4435,1pc ost pch drain hgh output,20130101,
code,A4436,Irr supply sleev reus per mo,20220101,
code,A4437,Irr supply sleev disp per mo,20220101,
code,A4438,Adhesive clip ext ens contr,20240401,
code,A4450,Non-waterproof tape,20030101,
code,A4452,Waterproof tape,20030101,
code,A4453,"Rec cath any transanal, each",20211001,
code,A4455,Adhesive remover per ounce,19890101,
code,A4456,"Adhesive remover, wipes",20100101,
code,A4457,Enema tube any type repl,20240101,
code,A4458,Reusable enema bag,20030101,
code,A4459,"Transanal irrigation, manual",20150101,
code,A4461,Surgicl dress hold non-reuse,20070101,
code,A4463,Surgical dress holder reuse,20070101,
code,A4465,Non-elastic extremity binder,19940101,
code,A4466,Elastic garment/covering,20100101,20161231
code,A4467,Belt strap sleev grmnt cover,20170101,
code,A4468,Exsuff belt incl all sup acc,20240101,
code,A4470,Gravlee jet washer,19860101,
code,A4479,"Transanal irrigation, electr",20260401,
code,A4480,Vabra aspirator,19860101,
code,A4481,Tracheostoma filter,19970101,
code,A4483,Moisture exchanger,19990101,
code,A4490,Above knee surgical stocking,19860101,
code,A4495,Thigh length surg stocking,19860101,
code,A4500,Below knee surgical stocking,19860101,
code,A4510,Full length surg stocking,19860101,
code,A4520,Incontinence garment anytype,20050101,
code,A4540,Trans elec nerv periph nerv,20240101,
code,A4541,Monthly supp use with e0733,20240101,
code,A4542,Supp ext up limb tremor stim,20240101,
code,A4543,Supply trans elec nerve stim,20241001,
code,A4544,Electro nerve stimulator rls,20241001,
code,A4545,Suppl accessor tibial stim,20241001,
code,A4550,Surgical trays,19820101,
code,A4553,"Nondisp underpads, all sizes",20170101,
code,A4554,Disposable underpads,19860101,
code,A4555,Ca tx e-stim electr/transduc,20140101,
code,A4556,"Electrodes, pair",19840101,
code,A4557,"Lead wires, pair",19840101,
code,A4558,Conductive gel or paste,19850101,
code,A4559,Coupling gel or paste,20070101,
code,A4560,Nmes disposable,20230401,
code,A4561,Pessary reusable rub anytype,20010101,
code,A4562,Pessary reusable nonrubber,20010101,
code,A4563,Vag inser rectal control sys,20190101,
code,A4564,"Pessary, disposable any type",20240401,
code,A4565,Slings,19830101,
code,A4566,Should sling/vest/abrestrain,20110101,
code,A4570,Splint,19820101,
code,A4575,Hyperbaric o2 chamber disps,19960101,
code,A4580,Cast supplies (plaster),19820101,
code,A4590,Special casting material,19840101,
code,A4593,Neuromod sti sys adj rehab,20240401,
code,A4594,Neuromod adj rehab mouthpie,20240401,
code,A4595,Tens suppl 2 lead per month,19960101,
code,A4596,Ces system monthly supp,20221001,
code,A4600,"Sleeve, inter limb comp dev",20070101,
code,A4601,Lith ion non prosth recharge,20070101,
code,A4602,Replace lithium battery 1.5v,20150101,
code,A4604,Tubing with heating element,20060101,
code,A4605,Trach suction cath close sys,20050101,
code,A4606,Oxygen probe used w oximeter,20030101,
code,A4608,Transtracheal oxygen cath,20010101,
code,A4611,Heavy duty battery,19900101,
code,A4612,Battery cables,19900101,
code,A4613,Battery charger,19900101,
code,A4614,Hand-held pefr meter,19990101,
code,A4615,Cannula nasal,19900101,
code,A4616,Tubing (oxygen) per foot,19900101,
code,A4617,Mouth piece,19900101,
code,A4618,Breathing circuits,19900101,
code,A4619,Face tent,19900101,
code,A4620,Variable concentration mask,19900101,
code,A4623,Tracheostomy inner cannula,19900101,
code,A4624,Tracheal suction tube,19900101,
code,A4625,Trach care kit for new trach,19900101,
code,A4626,Tracheostomy cleaning brush,19900101,
code,A4627,Spacer bag/reservoir,19910101,
code,A4628,Oropharyngeal suction cath,19960101,
code,A4629,Tracheostomy care kit,19960101,
code,A4630,Repl bat t.e.n.s. own by pt,19910101,
code,A4633,Uvl replacement bulb,20030101,
code,A4634,Replacement bulb th lightbox,20030101,
code,A4635,Underarm crutch pad,19910101,
code,A4636,Handgrip for cane etc,19910101,
code,A4637,Repl tip cane/crutch/walker,19910101,
code,A4638,Repl batt pulse gen sys,20040101,
code,A4639,Infrared ht sys replcmnt pad,20030101,
code,A4640,Alternating pressure pad,19910101,
code,A4641,Radiopharm dx agent noc,19940101,
code,A4642,In111 satumomab,19950101,
code,A4648,Implantable tissue marker,20080101,
code,A4649,Surgical supplies,19820101,
code,A4650,Implant radiation dosimeter,20080101,
code,A4651,Calibrated microcap tube,20020101,
code,A4652,Microcapillary tube sealant,20020101,
code,A4653,Pd catheter anchor belt,20030101,
code,A4657,Syringe w/wo needle,20020101,
code,A4660,Sphyg/bp app w cuff and stet,19860101,
code,A4663,Dialysis blood pressure cuff,19860101,
code,A4670,"Automatic bp monitor, dial",19860101,
code,A4671,Disposable cycler set,20040101,
code,A4672,"Drainage ext line, dialysis",20040101,
code,A4673,Ext line w easy lock connect,20040101,
code,A4674,"Chem/antisept solution, 8oz",20040101,
code,A4680,"Activated carbon filter, ea",19860101,
code,A4690,"Dialyzer, each",19860101,
code,A4706,Bicarbonate conc sol per gal,20020101,
code,A4707,Bicarbonate conc pow per pac,20020101,
code,A4708,Acetate conc sol per gallon,20020101,
code,A4709,Acid conc sol per gallon,20020101,
code,A4714,Treated water per gallon,19860101,
code,A4719,"""y set"" tubing",20020101,
code,A4720,Dialysat sol fld vol > 249cc,20020101,
code,A4721,Dialysat sol fld vol > 999cc,20020101,
code,A4722,Dialys sol fld vol > 1999cc,20020101,
code,A4723,Dialys sol fld vol > 2999cc,20020101,
code,A4724,Dialys sol fld vol > 3999cc,20020101,
code,A4725,Dialys sol fld vol > 4999cc,20020101,
code,A4726,Dialys sol fld vol > 5999cc,20020101,
code,A4728,"Dialysate solution, non-dex",20040101,
code,A4730,"Fistula cannulation set, ea",19860101,
code,A4736,"Topical anesthetic, per gram",20020101,
code,A4737,Inj anesthetic per 10 ml,20020101,
code,A4740,Shunt accessory,19860101,
code,A4750,Art or venous blood tubing,19860101,
code,A4755,Comb art/venous blood tubing,19860101,
code,A4760,"Dialysate sol test kit, each",19860101,
code,A4765,Dialysate conc pow per pack,19860101,
code,A4766,Dialysate conc sol add 10 ml,20020101,
code,A4770,Blood collection tube/vacuum,19860101,
code,A4771,Serum clotting time tube,19860101,
code,A4772,Blood glucose test strips,19860101,
code,A4773,Occult blood test strips,19860101,
code,A4774,Ammonia test strips,19860101,
code,A4802,Protamine sulfate per 50 mg,20020101,
code,A4860,Disposable catheter tips,19860101,
code,A4870,Plumb/elec wk hm hemo equip,19860101,
code,A4890,Repair/maint cont hemo equip,19860101,
code,A4911,Drain bag/bottle,20020101,
code,A4913,Misc dialysis supplies noc,19860101,
code,A4918,Venous pressure clamp,19860101,
code,A4927,Non-sterile gloves,19860101,
code,A4928,Surgical mask,20020101,
code,A4929,"Tourniquet for dialysis, ea",20020101,
code,A4930,"Sterile, gloves per pair",20030101,
code,A4931,Reusable oral thermometer,20030101,
code,A4932,Reusable rectal thermometer,20030101,
code,A5051,Pouch clsd w barr attached,19900101,
code,A5052,Clsd ostomy pouch w/o barr,19900101,
code,A5053,Clsd ostomy pouch faceplate,19900101,
code,A5054,Clsd ostomy pouch w/flange,19900101,
code,A5055,Stoma cap,19900101,
code,A5056,1 pc ost pouch w filter,20120101,
code,A5057,1 pc ost pou w built-in conv,20120101,
code,A5061,Pouch drainable w barrier at,19900101,
code,A5062,Drnble ostomy pouch w/o barr,19900101,
code,A5063,Drain ostomy pouch w/flange,19900101,
code,A5071,Urinary pouch w/barrier,19900101,
code,A5072,Urinary pouch w/o barrier,19900101,
code,A5073,Urinary pouch on barr w/flng,19900101,
code,A5081,"Stoma plug or seal, any type",19900101,
code,A5082,Continent stoma catheter,19900101,
code,A5083,Stoma absorptive cover,20080101,
code,A5093,Ostomy accessory convex inse,19900101,
code,A5102,Bedside drain btl w/wo tube,19900101,
code,A5105,Urinary suspensory,19900101,
code,A5112,Urinary leg bag,19900101,
code,A5113,Latex leg strap,19900101,
code,A5114,Foam/fabric leg strap,19900101,
code,A5120,"Skin barrier, wipe or swab",20060101,
code,A5121,Solid skin barrier 6x6,19900101,
code,A5122,Solid skin barrier 8x8,19900101,
code,A5126,Disk/foam pad +or- adhesive,19900101,
code,A5131,Appliance cleaner,19900101,
code,A5200,Percutaneous catheter anchor,19990101,
code,A5500,Diab shoe for density insert,19950101,
code,A5501,Diabetic custom molded shoe,19950101,
code,A5503,Diabetic shoe w/roller/rockr,19950101,
code,A5504,Diabetic shoe with wedge,19950101,
code,A5505,Diab shoe w/metatarsal bar,19950101,
code,A5506,Diabetic shoe w/off set heel,19950101,
code,A5507,Modification diabetic shoe,19950101,
code,A5508,Diabetic deluxe shoe,20000101,
code,A5510,Compression form shoe insert,20020101,
code,A5512,Multi den insert direct form,20060101,
code,A5513,Multi den insert custom mold,20060101,
code,A5514,Mult den insert dir carv/cam,20190101,
code,A6000,Wound warming wound cover,20020101,
code,A6010,Collagen based wound filler,20020101,
code,A6011,Collagen gel/paste wound fil,20030101,
code,A6021,Collagen dressing <=16 sq in,20010101,
code,A6022,Collagen drsg>16<=48 sq in,20010101,
code,A6023,Collagen dressing >48 sq in,20010101,
code,A6024,Collagen dsg wound filler,20010101,
code,A6025,"Silicone gel sheet, each",19970101,
code,A6154,Wound pouch each,19970101,
code,A6196,Alginate dressing <=16 sq in,19970101,
code,A6197,Alginate drsg >16 <=48 sq in,19970101,
code,A6198,Alginate dressing > 48 sq in,19970101,
code,A6199,Alginate drsg wound filler,19970101,
code,A6203,Composite drsg <= 16 sq in,19970101,
code,A6204,Composite drsg >16<=48 sq in,19970101,
code,A6205,Composite drsg > 48 sq in,19970101,
code,A6206,Contact layer <= 16 sq in,19970101,
code,A6207,Contact layer >16<= 48 sq in,19970101,
code,A6208,Contact layer > 48 sq in,19970101,
code,A6209,Foam drsg <=16 sq in w/o bdr,19970101,
code,A6210,Foam drg >16<=48 sq in w/o b,19970101,
code,A6211,Foam drg > 48 sq in w/o brdr,19970101,
code,A6212,Foam drg <=16 sq in w/border,19970101,
code,A6213,Foam drg >16<=48 sq in w/bdr,19970101,
code,A6214,Foam drg > 48 sq in w/border,19970101,
code,A6215,Foam dressing wound filler,19970101,
code,A6216,Non-sterile gauze<=16 sq in,19970101,
code,A6217,Non-sterile gauze>16<=48 sq,19970101,
code,A6218,Non-sterile gauze > 48 sq in,19970101,
code,A6219,Gauze <= 16 sq in w/border,19970101,
code,A6220,Gauze >16 <=48 sq in w/bordr,19970101,
code,A6221,Gauze > 48 sq in w/border,19970101,
code,A6222,Gauze <=16 in no w/sal w/o b,19970101,
code,A6223,Gauze >16<=48 no w/sal w/o b,19970101,
code,A6224,Gauze > 48 in no w/sal w/o b,19970101,
code,A6228,Gauze <= 16 sq in water/sal,19970101,
code,A6229,Gauze >16<=48 sq in watr/sal,19970101,
code,A6230,Gauze > 48 sq in water/salne,19970101,
code,A6231,Hydrogel dsg<=16 sq in,20010101,
code,A6232,Hydrogel dsg>16<=48 sq in,20010101,
code,A6233,Hydrogel dressing >48 sq in,20010101,
code,A6234,Hydrocolld drg <=16 w/o bdr,19970101,
code,A6235,Hydrocolld drg >16<=48 w/o b,19970101,
code,A6236,Hydrocolld drg > 48 in w/o b,19970101,
code,A6237,Hydrocolld drg <=16 in w/bdr,19970101,
code,A6238,Hydrocolld drg >16<=48 w/bdr,19970101,
code,A6239,Hydrocolld drg > 48 in w/bdr,19970101,
code,A6240,Hydrocolld drg filler paste,19970101,
code,A6241,Hydrocolloid drg filler dry,19970101,
code,A6242,Hydrogel drg <=16 in w/o bdr,19970101,
code,A6243,Hydrogel drg >16<=48 w/o bdr,19970101,
code,A6244,Hydrogel drg >48 in w/o bdr,19970101,
code,A6245,Hydrogel drg <= 16 in w/bdr,19970101,
code,A6246,Hydrogel drg >16<=48 in w/b,19970101,
code,A6247,Hydrogel drg > 48 sq in w/b,19970101,
code,A6248,Hydrogel drsg gel filler,19970101,
code,A6250,Skin seal protect moisturizr,19970101,
code,A6251,Absorpt drg <=16 sq in w/o b,19970101,
code,A6252,Absorpt drg >16 <=48 w/o bdr,19970101,
code,A6253,Absorpt drg > 48 sq in w/o b,19970101,
code,A6254,Absorpt drg <=16 sq in w/bdr,19970101,
code,A6255,Absorpt drg >16<=48 in w/bdr,19970101,
code,A6256,Absorpt drg > 48 sq in w/bdr,19970101,
code,A6257,Transparent film <= 16 sq in,19970101,
code,A6258,Transparent film >16<=48 in,19970101,
code,A6259,Transparent film > 48 sq in,19970101,
code,A6260,Wound cleanser any type/size,19970101,
code,A6261,Wound filler gel/paste /oz,19970101,
code,A6262,Wound filler dry form / gram,19970101,
code,A6266,Impreg gauze no h20/sal/yard,19970101,
code,A6402,Sterile gauze <= 16 sq in,19970101,
code,A6403,Sterile gauze>16 <= 48 sq in,19970101,
code,A6404,Sterile gauze > 48 sq in,19970101,
code,A6407,"Packing strips, non-impreg",20040101,
code,A6410,Sterile eye pad,20030101,
code,A6411,Non-sterile eye pad,20030101,
code,A6412,Occlusive eye patch,20030101,
code,A6413,"Adhesive bandage, first-aid",20080101,
code,A6441,"Pad band w>=3"" <5""/yd",20040101,
code,A6442,"Conform band n/s w<3""/yd",20040101,
code,A6443,"Conform band n/s w>=3""<5""/yd",20040101,
code,A6444,"Conform band n/s w>=5""/yd",20040101,
code,A6445,"Conform band s w <3""/yd",20040101,
code,A6446,"Conform band s w>=3"" <5""/yd",20040101,
code,A6447,"Conform band s w >=5""/yd",20040101,
code,A6448,"Lt compres band <3""/yd",20040101,
code,A6449,"Lt compres band >=3"" <5""/yd",20040101,
code,A6450,"Lt compres band >=5""/yd",20040101,
code,A6451,"Mod compres band w>=3""<5""/yd",20040101,
code,A6452,"High compres band w>=3""<5""yd",20040101,
code,A6453,"Self-adher band w <3""/yd",20040101,
code,A6454,"Self-adher band w>=3"" <5""/yd",20040101,
code,A6455,"Self-adher band >=5""/yd",20040101,
code,A6456,"Zinc paste band w >=3""<5""/yd",20040101,
code,A6457,Tubular dressing,20060101,
code,A6460,Synthetic drsg <= 16 sq in,20190101,
code,A6461,Synthetic drsg >16<=48 sq in,20190101,
code,A6501,Compres burngarment bodysuit,20030101,
code,A6502,Compres burngarment chinstrp,20030101,
code,A6503,Compres burngarment facehood,20030101,
code,A6504,Cmprsburngarment glove-wrist,20030101,
code,A6505,Cmprsburngarment glove-elbow,20030101,
code,A6506,Cmprsburngrmnt glove-axilla,20030101,
code,A6507,Cmprs burngarment foot-knee,20030101,
code,A6508,Cmprs burngarment foot-thigh,20030101,
code,A6509,Compres burn garment jacket,20030101,
code,A6510,Compres burn garment leotard,20030101,
code,A6511,Compres burn garment panty,20030101,
code,A6512,"Compres burn garment, noc",20030101,
code,A6513,Compress burn mask face/neck,20060101,
code,A6515,Grad com wrap w str fu le cu,20250401,
code,A6516,Grad com wrap w strap foo cu,20250401,
code,A6517,Grad com wrap w strap bn cus,20250401,
code,A6518,Grad com wrap w strap arm cu,20250401,
code,A6519,Grad com garm noc night use,20250401,
code,A6520,G com garmnt glove nghttime,20240101,
code,A6521,G com garmnt glove nght cust,20240101,
code,A6522,G com garment arm nighttime,20240101,
code,A6523,G com garment arm nght custm,20240101,
code,A6524,G com garmnt lwr leg/ft nght,20240101,
code,A6525,G com garm lwrleg/ft ngt cus,20240101,
code,A6526,G com garmt full leg/ft nght,20240101,
code,A6527,G garmt full leg/ft nght cus,20240101,
code,A6528,G com garment bra nighttime,20240101,
code,A6529,G com garmt bra night custm,20240101,
code,A6530,Compression stocking bk18-30,20060101,
code,A6531,Compress stking bk30-40 surg,20060101,
code,A6532,Compress stking bk40-50 surg,20060101,
code,A6533,Gc stocking thighlngth 18-30,20060101,
code,A6534,Gc stocking thighlngth 30-40,20060101,
code,A6535,Gc stocking thighlngth 40+,20060101,
code,A6536,Gc stocking full lngth 18-30,20060101,
code,A6537,Gc stocking full lngth 30-40,20060101,
code,A6538,Gc stocking full lngth 40+,20060101,
code,A6539,Gc stocking waistlngth 18-30,20060101,
code,A6540,Gc stocking waistlngth 30-40,20060101,
code,A6541,Gc stocking waistlngth 40+,20060101,
code,A6544,Gc stocking garter belt,20060101,
code,A6545,Grad com non-elastic bk surg,20090101,
code,A6548,Acces cust grad silic band,20260401,
code,A6549,Grad com garm noc day use,20060101,
code,A6550,Neg pres wound ther drsg set,20040101,
code,A6552,Grad com stocking bk 30-40,20240101,
code,A6553,G com stcking bk 30-40 custm,20240101,
code,A6554,Grad com stocking bk 40+,20240101,
code,A6555,G com stcking bk 40+ custm,20240101,
code,A6556,G com stcking thgh18-30 cust,20240101,
code,A6557,G com stcking thgh30-40 cust,20240101,
code,A6558,G com stcking thgh 40+ cust,20240101,
code,A6559,G stckng full/chap18-30 cust,20240101,
code,A6560,G stckng full/chap30-40 cust,20240101,
code,A6561,G stockng full/chap 40+ cust,20240101,
code,A6562,G com stckng waist18-30 cust,20240101,
code,A6563,G com stckng waist30-40 cust,20240101,
code,A6564,G com stckng waist 40+ cust,20240101,
code,A6565,Grad comp gauntlet custom,20240101,
code,A6566,Grad com garment neck/head,20240101,
code,A6567,G com garment neck/head cust,20240101,
code,A6568,G com garment torso/shldr,20240101,
code,A6569,G com garmnt torso/shdr cust,20240101,
code,A6570,Grad com garment genital,20240101,
code,A6571,G com garment genital custm,20240101,
code,A6572,Grad com garment toe caps,20240101,
code,A6573,Grad com garmnt toe cap cust,20240101,
code,A6574,Custom gradient sleev/glov,20240101,
code,A6575,Gradient comp sleev/glov,20240101,
code,A6576,Custom grad com sleeve med,20240101,
code,A6577,Custom grad cm sleeve heavy,20240101,
code,A6578,Gradient comp sleeve,20240101,
code,A6579,Custom grad com glove med,20240101,
code,A6580,Custom grad com glove heavy,20240101,
code,A6581,Gradient comp glove,20240101,
code,A6582,Gradient comp gauntlet,20240101,
code,A6583,Grad com wrap w straps bk,20240101,
code,A6584,Grad com wrap w straps,20240101,
code,A6585,Grad com wrap w straps ak,20240101,
code,A6586,Grad com wrap w strap fu leg,20240101,
code,A6587,Grad com wrap w straps foot,20240101,
code,A6588,Grad com wrap w strap arm,20240101,
code,A6589,Grad com wrap w straps bra,20240101,
code,A6590,Urinary cath disp suc pump,20230401,
code,A6591,Urinary cath suc pump,20230401,
code,A6593,Grad com accessory gmt_wrap,20240101,
code,A6594,G comp bandge liner lwr extr,20240101,
code,A6595,G comp bandge liner upr extr,20240101,
code,A6596,G comp bandge conform gauze,20240101,
code,A6597,G comp bandage long stretch,20240101,
code,A6598,G comp bandage med stretch,20240101,
code,A6599,G comp bandage short stretch,20240101,
code,A6600,G com bandge hgh dn foam sht,20240101,
code,A6601,G com bandge hgh dn foam pad,20240101,
code,A6602,G com bandge hgh dn foamroll,20240101,
code,A6603,G com bandge low dn foamchnl,20240101,
code,A6604,G com bandge low dn foam flt,20240101,
code,A6605,G com bandage padded foam,20240101,
code,A6606,G com bandage padded textile,20240101,
code,A6607,G com bandage tub protct lyr,20240101,
code,A6608,G com bandage tub protct pad,20240101,
code,A6609,G compression bandaging,20240101,
code,A6610,G com stcking bk 18-30 custm,20240101,
code,A6611,Grad com wrap w strap ak cus,20250401,
code,A6614,Sup ext oculr neg pres pump,20261001,
code,A7000,Disposable canister for pump,20000101,
code,A7001,Nondisposable pump canister,20000101,
code,A7002,Tubing used w suction pump,20000101,
code,A7003,Nebulizer administration set,20000101,
code,A7004,Disposable nebulizer sml vol,20000101,
code,A7005,Nondisposable nebulizer set,20000101,
code,A7006,Filtered nebulizer admin set,20000101,
code,A7007,Lg vol nebulizer disposable,20000101,
code,A7008,Disposable nebulizer prefill,20000101,
code,A7009,Nebulizer reservoir bottle,20000101,
code,A7010,Disposable corrugated tubing,20000101,
code,A7011,Nondispos corrugated tubing,20000101,20151231
code,A7012,Nebulizer water collec devic,20000101,
code,A7013,Disposable compressor filter,20000101,
code,A7014,Compressor nondispos filter,20000101,
code,A7015,Aerosol mask used w nebulize,20000101,
code,A7016,Nebulizer dome & mouthpiece,20000101,
code,A7017,Nebulizer not used w oxygen,20000101,
code,A7018,Water distilled w/nebulizer,20010101,
code,A7020,"Interface, cough stim device",20110101,
code,A7021,Suppl and access lung expan,20241001,
code,A7023,Mech allergen parti barrier,20240101,
code,A7025,Replace chest compress vest,20030101,
code,A7026,Replace chst cmprss sys hose,20030101,
code,A7027,Combination oral/nasal mask,20080101,
code,A7028,Repl oral cushion combo mask,20080101,
code,A7029,Repl nasal pillow comb mask,20080101,
code,A7030,Cpap full face mask,20030101,
code,A7031,Replacement facemask interfa,20030101,
code,A7032,Replacement nasal cushion,20030101,
code,A7033,Replacement nasal pillows,20030101,
code,A7034,Nasal application device,20030101,
code,A7035,Pos airway press headgear,20030101,
code,A7036,Pos airway press chinstrap,20030101,
code,A7037,Pos airway pressure tubing,20030101,
code,A7038,Pos airway pressure filter,20030101,
code,A7039,"Filter, non disposable w pap",20030101,
code,A7040,One way chest drain valve,20050101,
code,A7041,Water seal drain container,20050101,
code,A7042,Implanted pleural catheter,20030101,20141231
code,A7043,Vacuum drainagebottle/tubing,20030101,20141231
code,A7044,Pap oral interface,20030101,
code,A7045,Repl exhalation port for pap,20050101,
code,A7046,"Repl water chamber, pap dev",20040101,
code,A7047,Resp suction oral interface,20140101,
code,A7048,Vacuum drain bottle/tube kit,20150101,
code,A7049,Epap nasal valve,20230401,
code,A7501,Tracheostoma valve w diaphra,20010101,
code,A7502,Replacement diaphragm/fplate,20010101,
code,A7503,Hmes filter holder or cap,20010101,
code,A7504,Tracheostoma hmes filter,20010101,
code,A7505,Hmes or trach valve housing,20010101,
code,A7506,Hmes/trachvalve adhesivedisk,20010101,
code,A7507,Integrated filter & holder,20010101,
code,A7508,Housing & integrated adhesiv,20010101,
code,A7509,Heat & moisture exchange sys,20010101,
code,A7520,Trach/laryn tube non-cuffed,20040101,
code,A7521,Trach/laryn tube cuffed,20040101,
code,A7522,Trach/laryn tube stainless,20040101,
code,A7523,Tracheostomy shower protect,20040101,
code,A7524,Tracheostoma stent/stud/bttn,20040101,
code,A7525,Tracheostomy mask,20040101,
code,A7526,Tracheostomy tube collar,20040101,
code,A7527,Trach/laryn tube plug/stop,20050101,
code,A8000,Soft protect helmet prefab,20070101,
code,A8001,Hard protect helmet prefab,20070101,
code,A8002,Soft protect helmet custom,20070101,
code,A8003,Hard protect helmet custom,20070101,
code,A8004,"Repl soft interface, helmet",20070101,
code,A8005,Grip glove w microprocessor,20260401,
code,A8006,Grip glove replacement only,20260401,
code,A9150,Misc/exper non-prescript dru,19860101,
code,A9152,Single vitamin nos,20050101,
code,A9153,Multi-vitamin nos,20050101,
code,A9154,"Artificial saliva, 1 ml",20250401,
code,A9155,Artificial saliva,20080101,20250331
code,A9156,Oral mucoadhesive per 1 ml,20231001,
code,A9180,"Lice treatment, topical",20050101,
code,A9268,Programmer orally ingest cap,20231001,
code,A9269,Programable ingest capsule,20231001,
code,A9270,Non-covered item or service,19860101,
code,A9272,"Disp wound suct, drsg/access",20120101,
code,A9273,Hot/cold botle/cap/col/wrap,20110101,
code,A9274,Ext amb insulin delivery sys,20080101,
code,A9275,Disp home glucose monitor,20060101,
code,A9276,"Disposable sensor, cgm sys",20080101,
code,A9277,"External transmitter, cgm",20080101,
code,A9278,"External receiver, cgm sys",20080101,
code,A9279,Monitoring feature/devicenoc,20070101,
code,A9280,"Alert device, noc",20040101,
code,A9281,Reaching/grabbing device,20060101,
code,A9282,Wig any type,20060101,
code,A9283,Foot press off load supp dev,20080101,
code,A9284,Non-electronic spirometer,20090101,
code,A9285,Inversion eversion cor devic,20170101,
code,A9286,"Any hygienic item, device",20170101,
code,A9291,Pres dig cog behav thera fda,20220401,
code,A9292,Pres dig visual therapy fda,20231001,
code,A9293,Fertility cycl tracking soft,20240401,
code,A9294,Biofeed dig cog behav tx fda,20260401,
code,A9300,Exercise equipment,19930101,
code,A9500,Tc99m sestamibi,19960101,
code,A9501,Technetium tc-99m teboroxime,20080101,
code,A9502,Tc99m tetrofosmin,19980101,
code,A9503,Tc99m medronate,19970101,
code,A9504,Tc99m apcitide,20000101,
code,A9505,Tl201 thallium,19960101,
code,A9506,Tc-99m graphite crucible,20240701,
code,A9507,In111 capromab,19990101,
code,A9508,"I131 iodobenguate, dx",20010101,
code,A9509,Iodine i-123 sod iodide mil,20080101,
code,A9510,Tc99m disofenin,20010101,
code,A9512,Tc99m pertechnetate,20030101,
code,A9513,Lutetium lu 177 dotatat ther,20190101,
code,A9515,Choline c-11,20170101,
code,A9516,Iodine i-123 sod iodide mic,20030101,
code,A9517,"I131 iodide cap, rx",20030101,
code,A9520,Tc99 tilmanocept diag 0.5mci,20140101,
code,A9521,Tc99m exametazime,20030101,
code,A9524,"I131 serum albumin, dx",20030101,
code,A9526,Nitrogen n-13 ammonia,20040101,
code,A9527,Iodine i-125 sodium iodide,20070101,
code,A9528,"Iodine i-131 iodide cap, dx",20040101,
code,A9529,"I131 iodide sol, dx",20040101,
code,A9530,"I131 iodide sol, rx",20040101,
code,A9531,I131 max 100uci,20040101,
code,A9532,"I125 serum albumin, dx",20040101,
code,A9536,Tc99m depreotide,20060101,
code,A9537,Tc99m mebrofenin,20060101,
code,A9538,Tc99m pyrophosphate,20060101,
code,A9539,Tc99m pentetate,20060101,
code,A9540,Tc99m maa,20060101,
code,A9541,Tc99m sulfur colloid,20060101,
code,A9542,"In111 ibritumomab, dx",20060101,
code,A9543,"Y90 ibritumomab, rx",20060101,
code,A9544,"I131 tositumomab, dx",20060101,20161231
code,A9545,"I131 tositumomab, rx",20060101,20161231
code,A9546,Co57/58,20060101,
code,A9547,In111 oxyquinoline,20060101,
code,A9548,In111 pentetate,20060101,
code,A9550,Tc99m gluceptate,20060101,
code,A9551,Tc99m succimer,20060101,
code,A9552,F18 fdg,20060101,
code,A9553,Cr51 chromate,20060101,
code,A9554,"I125 iothalamate, dx",20060101,
code,A9555,Rb82 rubidium,20060101,
code,A9556,Ga67 gallium,20060101,
code,A9557,Tc99m bicisate,20060101,
code,A9558,Xe133 xenon 10mci,20060101,
code,A9559,Co57 cyano,20060101,
code,A9560,Tc99m labeled rbc,20060101,
code,A9561,Tc99m oxidronate,20060101,
code,A9562,Tc99m mertiatide,20060101,
code,A9563,P32 na phosphate,20060101,
code,A9564,P32 chromic phosphate,20060101,
code,A9566,Tc99m fanolesomab,20060101,
code,A9567,Technetium tc-99m aerosol,20060101,
code,A9568,Technetium tc99m arcitumomab,20070101,
code,A9569,Technetium tc-99m auto wbc,20080101,
code,A9570,Indium in-111 auto wbc,20080101,
code,A9571,Indium in-111 auto platelet,20080101,
code,A9572,Indium in-111 pentetreotide,20080101,
code,A9573,"Inj, gadopiclenol, 1 ml",20231001,
code,A9574,"Inj. ferumoxytol, 1 mg",20260701,
code,A9575,Inj gadoterate meglumi 0.1ml,20140101,
code,A9576,Inj prohance multipack,20080101,
code,A9577,Inj multihance,20080101,
code,A9578,Inj multihance multipack,20080101,
code,A9579,"Gad-base mr contrast nos,1ml",20080101,
code,A9580,Sodium fluoride f-18,20090101,
code,A9581,Gadoxetate disodium inj,20100101,
code,A9582,Iodine i-123 iobenguane,20100101,
code,A9583,Gadofosveset trisodium inj,20100101,
code,A9584,Iodine i-123 ioflupane,20120101,
code,A9585,Gadobutrol injection,20120101,
code,A9586,Florbetapir f18,20130101,
code,A9587,Gallium ga-68,20170101,
code,A9588,Fluciclovine f-18,20170101,
code,A9589,Insti hexaminolevulinate hcl,20190101,
code,A9590,Iodine i-131 iobenguane 1mci,20200101,
code,A9591,Fluoroestradiol f 18,20210101,
code,A9592,Copper cu 64 dotatate diag,20210401,
code,A9593,Gallium ga-68 psma-11 ucsf,20210701,
code,A9594,"Gallium ga-68 psma-11, ucla",20210701,
code,A9595,Piflu f 18 pylarify dx 1 mci,20220101,
code,A9596,Gallium illuccix 1 millicure,20220701,
code,A9597,"Pet, dx, for tumor id, noc",20170101,
code,A9598,"Pet dx for non-tumor id, noc",20170101,
code,A9599,Radioph dx b amyloid pet nos,20140101,20171231
code,A9600,Sr89 strontium,19980101,
code,A9601,Flortaucipir inj 1 millicuri,20220701,
code,A9602,Fluorodopa f-18 diag per mci,20221001,
code,A9603,"Inj, pafolacianine, 0.1 mg",20231001,
code,A9604,Sm 153 lexidronam,20100101,
code,A9606,Radium ra223 dichloride ther,20150101,
code,A9607,Lutetium lu 177 vipivotide,20221001,
code,A9608,Flotufolastat f18 diag 1 mci,20240101,
code,A9609,"F18 fdg, 15 millicuries",20240101,
code,A9610,"Xe129 xenon, diagnostic",20241001,
code,A9611,"Flurpiridaz f18, diag, 1 mci",20250401,
code,A9612,"Inj, fluorescein, 1 mg",20251001,
code,A9613,"F 18 pylarify truvu, dx 1mci",20261001,
code,A9615,"Inj, pegulicianine, 1 mg",20250101,
code,A9616,Gallium gozellix 1 millicuri,20251001,
code,A9697,"Inj, magtrace per study dose",20231001,
code,A9698,Non-rad contrast materialnoc,20060101,
code,A9699,Radiopharm rx agent noc,20030101,
code,A9700,Echocardiography contrast,20010101,
code,A9800,Gallium locametz 1 millicuri,20221001,
code,A9900,Supply/accessory/service,20000101,
code,A9901,Delivery/set up/dispensing,20000101,
code,A9999,"Dme supply or accessory, nos",20040101,
code,B4034,Enter feed supkit syr by day,19860101,
code,B4035,Enteral feed supp pump per d,19860101,
code,B4036,Enteral feed sup kit grav by,19860101,
code,B4081,Enteral ng tubing w/ stylet,19860101,
code,B4082,Enteral ng tubing w/o stylet,19860101,
code,B4083,Enteral stomach tube levine,19860101,
code,B4087,"Gastro/jejuno tube, std",20080101,
code,B4088,"Gastro/jejuno tube, low-pro",20080101,
code,B4100,Food thickener oral,20030101,
code,B4102,Ef adult fluids and electro,20050101,
code,B4103,Ef ped fluid and electrolyte,20050101,
code,B4104,Additive for enteral formula,20050101,
code,B4105,Enzyme cartridge enteral nut,20190101,
code,B4148,Enteral feed elastomer daily,20231001,
code,B4149,Ef blenderized foods,20050101,
code,B4150,Ef complet w/intact nutrient,19860101,
code,B4152,Ef calorie dense>/=1.5kcal,19840101,
code,B4153,Ef hydrolyzed/amino acids,19860101,
code,B4154,Ef spec metabolic noninherit,19840101,
code,B4155,Ef incomplete/modular,19860101,
code,B4157,Ef special metabolic inherit,20050101,
code,B4158,Ef ped complete intact nut,20050101,
code,B4159,Ef ped complete soy based,20050101,
code,B4160,Ef ped caloric dense>/=0.7kc,20050101,
code,B4161,Ef ped hydrolyzed/amino acid,20050101,
code,B4162,Ef ped specmetabolic inherit,20050101,
code,B4164,Parenteral 50% dextrose solu,19860101,
code,B4168,Parenteral sol amino acid 3.,19840101,
code,B4172,Parenteral sol amino acid 5.,19840101,
code,B4176,Parenteral sol amino acid 7-,19860101,
code,B4178,Parenteral sol amino acid >,19880101,
code,B4180,Parenteral sol carb > 50%,19860101,
code,B4185,Pn soln nos 10 grams lipids,20060101,
code,B4187,"Omegaven, 10 grams lipids",20200101,
code,B4189,Parenteral sol amino acid &,19880101,
code,B4193,Parenteral sol 52-73 gm prot,19880101,
code,B4197,Parenteral sol 74-100 gm pro,19880101,
code,B4199,Parenteral sol > 100gm prote,19880101,
code,B4216,Parenteral nutrition additiv,19840101,
code,B4220,Parenteral supply kit premix,19840101,
code,B4222,Parenteral supply kit homemi,19860101,
code,B4224,Parenteral administration ki,19860101,
code,B5000,Parenteral sol renal-amirosy,19880101,
code,B5100,Parenteral solution hepatic,19880101,
code,B5200,Parenteral sol hepatic fream,19880101,
code,B9000,Enter infusion pump w/o alrm,19880101,20161231
code,B9002,Enter nutr inf pump any type,19880101,
code,B9004,Parenteral infus pump portab,19880101,
code,B9006,Parenteral infus pump statio,19880101,
code,B9998,Enteral supp not otherwise c,19850101,
code,B9999,Parenteral supp not othrws c,19850101,
code,C1052,"Hemostatic agent, gi, topic",20210101,
code,C1062,Intravertebral fx aug impl,20210101,
code,C1300,Hyperbaric oxygen,20000801,20141231
code,C1600,"Cath, bladed, vasc prep",20240101,
code,C1601,"Endo, single, pulmonary",20240101,
code,C1602,Orth/matrx/bn fill drug-elut,20240101,
code,C1603,"Ret dev, laser, ivc filter",20240101,
code,C1604,"Grft, trnsmurl/trnsvens byps",20240101,
code,C1605,"Pmkr, dual, leadless",20240701,
code,C1606,"Adapter, us to endoscope",20240701,
code,C1607,Neurostim integ rechg,20260101,
code,C1608,"Prosthesis, dual mob cmc1",20260101,
code,C1609,Vert dev motion-preserv,20260701,
code,C1713,"Anchor/screw bn/bn,tis/bn",20010401,
code,C1714,"Cath, trans atherectomy, dir",20010401,
code,C1715,Brachytherapy needle,20010401,
code,C1716,"Brachytx, non-str, gold-198",20010401,
code,C1717,"Brachytx, non-str,hdr ir-192",20010401,
code,C1719,"Brachytx, ns, non-hdrir-192",20010401,
code,C1721,"Aicd, dual chamber",20010401,
code,C1722,"Aicd, single chamber",20010401,
code,C1724,"Cath, trans atherec,rotation",20010401,
code,C1725,"Cath, translumin non-laser",20010401,
code,C1726,"Cath, bal dil, non-vascular",20010401,
code,C1727,"Cath, bal tis dis, non-vas",20010401,
code,C1728,"Cath, brachytx seed adm",20010401,
code,C1729,"Cath, drainage",20010401,
code,C1730,"Cath, ep, 19 or few elect",20010401,
code,C1731,"Cath, ep, 20 or more elec",20010401,
code,C1732,"Cath, ep, diag/abl, 3d/vect",20010401,
code,C1733,"Cath, ep, othr than cool-tip",20010401,
code,C1734,"Orth/devic/drug bn/bn,tis/bn",20200101,
code,C1735,Cath renal denerv radiofreq,20250101,
code,C1736,Cath renal denerv ultrasnd,20250101,
code,C1737,Si&pelvis fusn&fixn dev,20250101,
code,C1738,Power endo us-guid bx dev,20250101,
code,C1739,Marker uniq detect w/prbe,20250101,
code,C1740,"Lt vent pacing syst, sequen",20251001,
code,C1741,Anchor/screw bone absorb,20251001,
code,C1742,"Pressure sens syst, cont im",20251001,
code,C1743,Scafld endovas resrb drg elu,20260401,
code,C1747,"Endo, single, urinary tract",20230101,
code,C1748,"Endoscope, single, ugi",20200701,
code,C1749,"Endo, colon, retro imaging",20101001,
code,C1750,"Cath, hemodialysis,long-term",20010401,
code,C1751,"Cath, inf, per/cent/midline",20010401,
code,C1752,"Cath,hemodialysis,short-term",20010401,
code,C1753,"Cath, intravas ultrasound",20010401,
code,C1754,"Catheter, intradiscal",20010401,
code,C1755,"Catheter, intraspinal",20010401,
code,C1756,"Cath, pacing, transesoph",20010401,
code,C1757,"Cath, thrombectomy/embolect",20010401,
code,C1758,"Catheter, ureteral",20010401,
code,C1759,"Cath, intra echocardiography",20010401,
code,C1760,"Closure dev, vasc",20010401,
code,C1761,"Cath, trans intra litho/coro",20210701,
code,C1762,"Conn tiss, human(inc fascia)",20010401,
code,C1763,"Conn tiss, non-human",20010401,
code,C1764,"Event recorder, cardiac",20010401,
code,C1765,Adhesion barrier,20010701,
code,C1766,"Intro/sheath,strble,non-peel",20010401,
code,C1767,"Generator, neuro non-recharg",20010401,
code,C1768,"Graft, vascular",20010401,
code,C1769,Guide wire,20010401,
code,C1770,"Imaging coil, mr, insertable",20010401,
code,C1771,"Rep dev, urinary, w/sling",20010401,
code,C1772,"Infusion pump, programmable",20010401,
code,C1773,"Ret dev, insertable",20010401,
code,C1776,Joint device (implantable),20010401,
code,C1777,"Lead, aicd, endo single coil",20010401,
code,C1778,"Lead, neurostimulator",20010401,
code,C1779,"Lead, pmkr, transvenous vdd",20010401,
code,C1780,"Lens, intraocular (new tech)",20010401,
code,C1781,Mesh (implantable),20010401,
code,C1782,Morcellator,20010401,
code,C1783,"Ocular imp, aqueous drain de",20020701,
code,C1784,"Ocular dev, intraop, det ret",20010401,
code,C1785,"Pmkr, dual, rate-resp",20010401,
code,C1786,"Pmkr, single, rate-resp",20010401,
code,C1787,"Patient progr, neurostim",20010401,
code,C1788,"Port, indwelling, imp",20010401,
code,C1789,"Prosthesis, breast, imp",20010401,
code,C1813,"Prosthesis, penile, inflatab",20010401,
code,C1814,"Retinal tamp, silicone oil",20030401,
code,C1815,"Pros, urinary sph, imp",20010401,
code,C1816,"Receiver/transmitter, neuro",20010401,
code,C1817,Septal defect imp sys,20010401,
code,C1818,Integrated keratoprosthesis,20030701,
code,C1819,Tissue localization-excision,20040101,
code,C1820,Generator neuro rechg bat sy,20060101,
code,C1821,Interspinous implant,20070101,
code,C1822,"Gen, neuro, hf, rechg bat",20160101,
code,C1823,"Gen, neuro, trans sen/stim",20190101,
code,C1824,"Generator, ccm, implant",20200101,
code,C1825,"Gen, neuro, carot sinus baro",20210101,
code,C1826,"Gen, neuro, clo loop, rechg",20230101,
code,C1827,"Gen, neuro, imp led, ex cntr",20230101,
code,C1830,Power bone marrow bx needle,20111001,
code,C1831,Personalized interbody cage,20211001,
code,C1832,Auto cell process sys,20220101,
code,C1833,Cardiac monitor sys,20220101,
code,C1834,"Pressure sensor system, im",20221001,20230331
code,C1839,Iris prosthesis,20200101,
code,C1840,Telescopic intraocular lens,20111001,
code,C1841,Retinal prosth int/ext comp,20131001,20221231
code,C1842,"Retinal prosth, add-on",20170101,20221231
code,C1849,"Skin substitute, synthetic",20200701,20221231
code,C1874,"Stent, coated/cov w/del sys",20010401,
code,C1875,"Stent, coated/cov w/o del sy",20010401,
code,C1876,"Stent, non-coa/non-cov w/del",20010401,
code,C1877,"Stent, non-coat/cov w/o del",20010401,
code,C1878,Matrl for vocal cord,20010401,
code,C1880,Vena cava filter,20010401,
code,C1881,Dialysis access system,20010401,
code,C1882,"Aicd, other than sing/dual",20010401,
code,C1883,"Adapt/ext, pacing/neuro lead",20010401,
code,C1884,Embolization protect syst,20030101,
code,C1885,"Cath, translumin angio laser",20010401,
code,C1886,"Catheter, ablation",20120101,
code,C1887,"Catheter, guiding",20010401,
code,C1888,Endovas non-cardiac abl cath,20020701,
code,C1889,"Implant/insert device, noc",20170101,
code,C1890,No device w/dev-intensive px,20190101,
code,C1891,"Infusion pump,non-prog, perm",20010401,
code,C1892,"Intro/sheath,fixed,peel-away",20010401,
code,C1893,"Intro/sheath, fixed,non-peel",20010401,
code,C1894,"Intro/sheath, non-laser",20010401,
code,C1895,"Lead, aicd, endo dual coil",20010401,
code,C1896,"Lead, aicd, non sing/dual",20010401,
code,C1897,"Lead, neurostim test kit",20010401,
code,C1898,"Lead, pmkr, other than trans",20010401,
code,C1899,"Lead, pmkr/aicd combination",20010401,
code,C1900,"Lead, coronary venous",20020701,
code,C1982,"Cath, pressure,valve-occlu",20200101,
code,C2596,"Probe, robotic, water-jet",20200101,
code,C2613,Lung bx plug w/del sys,20150701,
code,C2614,"Probe, perc lumb disc",20030101,
code,C2615,"Sealant, pulmonary, liquid",20010401,
code,C2616,"Brachytx, non-str,yttrium-90",20010401,
code,C2617,"Stent, non-cor, tem w/o del",20010401,
code,C2618,"Probe/needle, cryo",20010401,
code,C2619,"Pmkr, dual, non rate-resp",20010401,
code,C2620,"Pmkr, single, non rate-resp",20010401,
code,C2621,"Pmkr, other than sing/dual",20010401,
code,C2622,"Prosthesis, penile, non-inf",20010401,
code,C2623,"Cath, translumin, drug-coat",20150401,
code,C2624,Wireless pressure sensor,20150101,
code,C2625,"Stent, non-cor, tem w/del sy",20010401,
code,C2626,"Infusion pump, non-prog,temp",20010401,
code,C2627,"Cath, suprapubic/cystoscopic",20010401,
code,C2628,"Catheter, occlusion",20010401,
code,C2629,"Intro/sheath, laser",20010401,
code,C2630,"Cath, ep, cool-tip",20010401,
code,C2631,"Rep dev, urinary, w/o sling",20010401,
code,C2634,"Brachytx, non-str, ha, i-125",20050101,
code,C2635,"Brachytx, non-str, ha, p-103",20050101,
code,C2636,"Brachy linear, non-str,p-103",20050101,
code,C2637,"Brachy,non-str,ytterbium-169",20051001,
code,C2638,"Brachytx, stranded, i-125",20070701,
code,C2639,"Brachytx, non-stranded,i-125",20070701,
code,C2640,"Brachytx, stranded, p-103",20070701,
code,C2641,"Brachytx, non-stranded,p-103",20070701,
code,C2642,"Brachytx, stranded, c-131",20070701,
code,C2643,"Brachytx, non-stranded,c-131",20070701,
code,C2644,Brachytx cesium-131 chloride,20140701,
code,C2645,"Brachytx planar, p-103",20160101,
code,C2698,"Brachytx, stranded, nos",20070701,
code,C2699,"Brachytx, non-stranded, nos",20070701,
code,C5271,Low cost skin substitute app,20140101,20251231
code,C5272,Low cost skin substitute app,20140101,20251231
code,C5273,Low cost skin substitute app,20140101,20251231
code,C5274,Low cost skin substitute app,20140101,20251231
code,C5275,Low cost skin substitute app,20140101,20251231
code,C5276,Low cost skin substitute app,20140101,20251231
code,C5277,Low cost skin substitute app,20140101,20251231
code,C5278,Low cost skin substitute app,20140101,20251231
code,C7500,Deb bone 20 cm2 w/drug dev,20230101,
code,C7501,Perc bx breast lesions stero,20230101,
code,C7502,Perc bx breast lesions mr,20230101,
code,C7503,Open exc cerv node(s) w/ id,20230101,
code,C7504,Perq cvt&ls inj vert bodies,20230101,
code,C7505,Perq ls&cvt inj vert bodies,20230101,
code,C7506,Fusion of finger joints,20230101,
code,C7507,Perq thor&lumb vert aug,20230101,
code,C7508,Perq lumb&thor vert aug,20230101,
code,C7509,Dx bronch w/ navigation,20230101,
code,C7510,Bronch/lavag w/ navigation,20230101,
code,C7511,Bronch/bpsy(s) w/ navigation,20230101,
code,C7512,Bronch/bpsy(s) w/ ebus,20230101,
code,C7513,Cath/angio dialcir w/aplasty,20230101,
code,C7514,Cath/angio dial cir w/stents,20230101,
code,C7515,Cath/angio dial cir w/embol,20230101,
code,C7516,Cor angio w/ ivus or oct,20230101,
code,C7517,Cor angio w/ilic/fem angio,20230101,
code,C7518,Cor/gft angio w/ ivus or oct,20230101,
code,C7519,Cor/gft angio w/ flow resrv,20230101,
code,C7520,Cor/gft angio w/ilic/fem ang,20230101,
code,C7521,R hrt angio w/ ivus or oct,20230101,
code,C7522,R hrt angio w/flow resrv,20230101,
code,C7523,L hrt angio w/ ivus or oct,20230101,
code,C7524,L hrt angio w/flow resrv,20230101,
code,C7525,L hrt gft ang w/ ivus or oct,20230101,
code,C7526,L hrt gft ang w/flow resrv,20230101,
code,C7527,R&l hrt angio w/ ivus or oct,20230101,
code,C7528,R&l hrt angio w/flow resrv,20230101,
code,C7529,R&l hrt gft ang w/flow resrv,20230101,
code,C7530,Cath/aplasty dial cir w/stnt,20230101,
code,C7531,Angio fem/pop w/ us,20230101,
code,C7532,Angio w/ us non-coronary,20230101,
code,C7533,Ptca w/ plcmt brachytx dev,20230101,
code,C7534,Fem/pop revasc w/arthr & us,20230101,
code,C7535,Fem/pop revasc w/stent & us,20230101,
code,C7537,Insrt atril pm w/l vent lead,20230101,
code,C7538,Insrt vent pm w/l vent lead,20230101,
code,C7539,Insrt a & v pm w/l vent lead,20230101,
code,C7540,Rmv&rplc pm dul w/l vnt lead,20230101,
code,C7541,Ercp w/ pancreatoscopy,20230101,
code,C7542,Ercp w/bx & pancreatoscopy,20230101,
code,C7543,"Ercp w/otomy, pancreatoscopy",20230101,
code,C7544,Ercp rmv calc pancreatoscopy,20230101,
code,C7545,Exch bil cath w/ rmv calculi,20230101,
code,C7546,Rep nph/urt cath w/dil stric,20230101,
code,C7547,Cnvrt neph cath w/ dil stric,20230101,
code,C7548,Exch neph cath w/ dil stric,20230101,
code,C7549,Chge urtr stent w/ dil stric,20230101,
code,C7550,Cysto w/ bx(s) w/ blue light,20230101,
code,C7551,Exc neuroma w/ implnt nv end,20230101,
code,C7552,R hrt art/grft ang hrt flow,20230101,
code,C7553,R&i hrt art/vent ang drg ad,20230101,
code,C7554,Cystureth blu li cyst fl img,20230101,
code,C7555,Rmvl thyrd w/autotran parath,20230101,
code,C7556,Bronch lavage w/ebus,20240101,
code,C7557,Cor angio/vent w/ffr,20240101,
code,C7558,Cor angio/vent w/drug admin,20240101,20241231
code,C7560,Ercp remove forgn body&endo,20240101,
code,C7562,R&l hrt angio w/ffr & 3d map,20250101,
code,C7563,Trluml ballo angiop all art,20250101,
code,C7564,Vein mech throm w/intrvas us,20250101,
code,C7565,Rpr aa hrn < 3 rdc w/ rmvl,20250101,
code,C7566,Fuse finger joints w/grafts,20260101,
code,C7567,Bronch/needle bx(s) w/ nav,20260101,
code,C7568,Cor angio w/flow resrv,20260101,
code,C7569,Ptca w/ ivus or oct,20260101,
code,C7570,Cor angio w/ffr & 3d map,20260101,
code,C7571,Pcta w/ cor lithotrip,20260101,
code,C7900,"Hopd mntl hlt, 15-29 min",20230101,
code,C7901,"Hopd mntl hlt, 30-60 min",20230101,
code,C7902,"Hopd mntl hlt, ea addl",20230101,
code,C7903,"Hopd mntl hlt, grp",20240101,
code,C8000,"Suprt dev, a-v fistula, imp",20241001,
code,C8001,3d anat seg imaging preop,20250101,
code,C8002,"Prep skin cell susp, automtd",20250101,
code,C8003,Imp extar knee shck absrb,20250101,
code,C8004,Sim ang w/prs cath rad emb,20250401,
code,C8005,Pef bronch ablt 3d nav ebus,20250401,
code,C8006,Inst pleu-perit shnt w pump,20251001,
code,C8007,Opn mplnt hpgls ns ary ps gn,20260101,
code,C8008,Rv/rpl hpgls ns inc cnt pg,20260101,
code,C8009,Rmv hpgls ns ary and pg,20260101,
code,C8010,Pc plm pm c ctd emb prtc,20260401,20260930
code,C8011,Opn mplnt hpgls ns ary rec,20260101,
code,C8012,Rv/rpl hpgls ns ary rec,20260101,
code,C8013,Rmv hpls ns ary rec,20260101,
code,C8014,"Cysto, litho, w suct sheath",20260701,
code,C8900,"Mra w/cont, abd",20011001,
code,C8901,"Mra w/o cont, abd",20011001,
code,C8902,"Mra w/o fol w/cont, abd",20011001,
code,C8903,"Mri w/cont, breast,  uni",20011001,
code,C8904,"Mri w/o cont, breast, uni",20011001,20181231
code,C8905,"Mri w/o fol w/cont, brst, un",20011001,
code,C8906,"Mri w/cont, breast,  bi",20011001,
code,C8907,"Mri w/o cont, breast, bi",20011001,20181231
code,C8908,"Mri w/o fol w/cont, breast,",20011001,
code,C8909,"Mra w/cont, chest",20011001,
code,C8910,"Mra w/o cont, chest",20011001,
code,C8911,"Mra w/o fol w/cont, chest",20011001,
code,C8912,"Mra w/cont, lwr ext",20011001,
code,C8913,"Mra w/o cont, lwr ext",20011001,
code,C8914,"Mra w/o fol w/cont, lwr ext",20011001,
code,C8918,"Mra w/cont, pelvis",20030701,
code,C8919,"Mra w/o cont, pelvis",20030701,
code,C8920,"Mra w/o fol w/cont, pelvis",20030701,
code,C8921,"Tte w or w/o fol w/cont, com",20080101,
code,C8922,"Tte w or w/o fol w/cont, f/u",20080101,
code,C8923,"2d tte w or w/o fol w/con,co",20080101,
code,C8924,"2d tte w or w/o fol w/con,fu",20080101,
code,C8925,"2d tee w or w/o fol w/con,in",20080101,
code,C8926,"Tee w or w/o fol w/cont,cong",20080101,
code,C8927,"Tee w or w/o fol w/cont, mon",20080101,
code,C8928,"Tte w or w/o fol w/con,stres",20080101,
code,C8929,"Tte w or wo fol wcon,doppler",20090101,
code,C8930,"Tte w or w/o contr, cont ecg",20090101,
code,C8931,"Mra, w/dye, spinal canal",20101001,
code,C8932,"Mra, w/o dye, spinal canal",20101001,
code,C8933,"Mra, w/o&w/dye, spinal canal",20101001,
code,C8934,"Mra, w/dye, upper extremity",20101001,
code,C8935,"Mra, w/o dye, upper extr",20101001,
code,C8936,"Mra, w/o&w/dye, upper extr",20101001,
code,C8937,Cad breast mri,20190101,
code,C8957,"Prolonged iv inf, req pump",20060101,
code,C9014,"Injection, cerliponase alfa",20180101,20181231
code,C9015,"C-1 esterase, haegarda",20180101,20181231
code,C9016,"Inj, triptorelin ext rel",20180101,20181231
code,C9021,"Injection, obinutuzumab",20140401,20141231
code,C9022,"Injection, elosulfase alfa",20140701,20141231
code,C9023,Inj testosterone undecanoate,20141001,20141231
code,C9024,"Inj, daunorubicin-cytarabine",20180101,20181231
code,C9025,"Injection, ramucirumab",20141001,20151231
code,C9026,"Injection, vedolizumab",20141001,20151231
code,C9027,"Injection, pembrolizumab",20150101,20151231
code,C9028,Inj. inotuzumab ozogamicin,20180101,20181231
code,C9029,"Injection, guselkumab",20180101,20181231
code,C9030,Inj copanlisib,20180701,20181231
code,C9031,"Lutetium lu 177 dotatate, tx",20180701,20181231
code,C9032,Voretigene neparvovec-rzyl,20180701,20181231
code,C9033,"Inj, akynzeo",20181001,20181231
code,C9034,"Injection, dexamethasone 9%",20181001,20181231
code,C9035,"Injection, aristada initio",20190101,20190930
code,C9036,"Injection, patisiran",20190101,20190930
code,C9037,"Injection, risperidone",20190101,20190930
code,C9038,Inj mogamulizumab-kpkc,20190101,20190930
code,C9039,"Injection, plazomicin",20190101,20190930
code,C9040,"Injection, fremanezumab-vfrm",20190401,20190930
code,C9041,"Inj, coagulation factor xa",20190401,20200630
code,C9042,"Inj., belrapzo 1 mg",20190401,20190630
code,C9043,"Injection, levoleucovorin",20190401,20191231
code,C9044,"Injection, cemiplimab-rwlc",20190401,20190930
code,C9045,Moxetumomab pasudotox-tdfk,20190401,20190930
code,C9046,Cocaine hcl nasal (goprelto),20190401,20260930
code,C9047,"Injection, caplacizumab-yhdp",20190701,
code,C9048,Dexamethasone ophth insert,20190701,20190930
code,C9049,"Injection, tagraxofusp-erzs",20190701,20190930
code,C9050,"Injection, emapalumab-lzsg",20190701,20190930
code,C9051,"Injection, omadacycline",20190701,20190930
code,C9052,"Injection, ravulizumab-cwv",20190701,20190930
code,C9053,"Inj,  crizanlizumab-tmca",20200401,20200630
code,C9054,"Injection, lefamulin",20200101,20200630
code,C9055,"Inj, brexanolone",20200101,20200930
code,C9056,"Injection, givosiran",20200401,20200630
code,C9057,Inj cetirizine hydrochloride,20200401,20200630
code,C9058,"Injection,pegfilgrastim-bmez",20191115,20200630
code,C9059,"Injection, meloxicam",20200701,20200930
code,C9060,Fluoroestradiol f18,20201001,20201231
code,C9061,"Injection, teprotumumab-trbw",20200701,20200930
code,C9062,Daratumumab hyaluronidase,20201001,20201231
code,C9063,"Injection, eptinezumab-jjmr",20200701,20200930
code,C9064,Mitomycin pyelocalyceal inst,20201001,20201231
code,C9065,Romidepsin non-lyophilized,20201001,20210930
code,C9066,Sacituzumab govitecan-hziy,20201001,20201231
code,C9067,Gallium ga-68 dotatoc,20201001,
code,C9068,"Copper cu-64, dotatate, dx",20210101,20210331
code,C9069,Belantamab mafodontin-blmf,20210101,20210331
code,C9070,"Injection, tafasitamab-cxix",20210101,20210331
code,C9071,"Injection, viltolarsen",20210101,20210331
code,C9072,"Inj, imm glob asceniv",20210101,20210331
code,C9073,Brexucabtagene autoleucel ca,20210101,20210331
code,C9074,"Injection, lumasiran",20210401,20210630
code,C9075,"Injection, casimersen, 10 mg",20210701,20210930
code,C9076,Lisocabtagene car pos t,20210701,20210930
code,C9077,Inj cabotegravir/rilpivirine,20210701,20210930
code,C9078,"Inj, trilaciclib, 1 mg",20210701,20210930
code,C9079,"Inj, evinacumab-dgnb, 5 mg",20210701,20210930
code,C9080,"Inj, melphalan flufen, 1 mg",20210701,20210930
code,C9081,Idecabtagene car pos t,20211001,20211231
code,C9082,"Inj dostarlimab-gxly, 100 mg",20211001,20211231
code,C9083,"Inj, amivantamab-vmjw, 10 mg",20211001,20211231
code,C9084,"Loncastuximab-lpyl, 0.1 mg",20211001,20220331
code,C9085,Inj avalglucosid alfa-ngpt,20220101,20220331
code,C9086,"Inj, anifrolumab-fnia",20220101,20220331
code,C9087,Inj cyclophosphamd auromedic,20220101,20220331
code,C9088,"Instill, bupivac and meloxic",20220101,20250930
code,C9089,"Bupivacaine implant, 1 mg",20220101,20251231
code,C9090,"Plasminogen, human-tvmh 1 mg",20220401,20220630
code,C9091,"Sirolimus, protein-bound,1mg",20220401,20220630
code,C9092,"Inj., xipere, 1 mg",20220401,20220630
code,C9093,"Inj., susvimo, 0.1 mg",20220401,20220630
code,C9094,"Inj, sutimlimab-jome, 10 mg",20220701,20220930
code,C9095,"Inj, tebentafusp-tebn, 1 mcg",20220701,20220930
code,C9096,"Inj, releuko, 1 mcg",20220701,20220930
code,C9097,"Inj, faricimab-svoa, 0.1 mg",20220701,20220930
code,C9098,Ciltacabtagene car pos t,20220701,20220930
code,C9101,"Inj, oliceridine 0.1 mg",20221001,
code,C9113,"Inj pantoprazole sodium, via",20020101,20240630
code,C9121,"Injection, argatroban",20030101,20161231
code,C9122,Mometasone furoate (sinuva),20200701,20210331
code,C9132,"Kcentra, per i.u.",20131001,20210630
code,C9133,Factor ix recombinant,20140101,20141231
code,C9134,Factor xiii a-subunit recomb,20140701,20141231
code,C9135,Factor ix (alprolix),20141001,20141231
code,C9136,Factor viii (eloctate),20150101,20150331
code,C9137,Adynovate factor viii recom,20160401,20161231
code,C9138,Nuwiq factor viii recomb,20160401,20161231
code,C9139,"Idelvion, 1 i.u.",20161001,20161231
code,C9140,Afstyla factor viii recomb,20170101,20171231
code,C9141,Factor viii pegylated-aucl,20190401,20190630
code,C9142,"Inj, alymsys, 10 mg",20221001,20221231
code,C9143,Cocaine hcl nasal (numbrino),20230101,
code,C9144,"Inj, bupivacaine (posimir)",20230101,
code,C9145,"Inj, aponvie, 1 mg",20230401,20260331
code,C9146,"Inj, elahere, 1 mg",20230401,20230630
code,C9147,"Inj, tremelimumab-actl, 1 mg",20230401,20230630
code,C9148,"Inj, teclistamab-cqyv, 0.5mg",20230401,20230630
code,C9149,"Inj, teplizumab-mzwv, 5 mcg",20230401,20230630
code,C9150,"Xe129 xenon, diagnostic",20230701,20240930
code,C9151,"Inj, pegcetacoplan 1 mg",20230701,20230930
code,C9152,"Inj, abilify asimtufii, 1 mg",20231001,20231231
code,C9153,"Inj, amisulpride, 1 mg",20231001,20231231
code,C9154,Inj buprenorph (brixadi) 1mg,20231001,20231231
code,C9155,"Inj epcoritamab-bysp,0.16 mg",20231001,20231231
code,C9156,"Flotufolastat f18, dia 1 mci",20231001,20231231
code,C9157,"Inj, tofersen, 1 mg",20231001,20231231
code,C9158,"Inj, uzedy, 1 mg",20231001,20231231
code,C9159,"Inj, balfaxar, per i.u",20240101,20240331
code,C9160,Inj daxibotulinumtoxina-lanm,20240101,20240331
code,C9161,"Inj, aflibercept hd, 1 mg",20240101,20240331
code,C9162,"Inj, avacincaptad peg 0.1 mg",20240101,20240331
code,C9163,Inj talquetamab-tgvs 0.25 mg,20240101,20240331
code,C9164,"Cantharidin top, applicator",20240101,20240331
code,C9165,"Inj, elranatamab-bcmm, 1 mg",20240101,20240331
code,C9166,"Injection, secukinumab",20240401,20240630
code,C9167,"Inj, adzynma, 10 iu",20240401,20240630
code,C9168,"Injection, mirikizumab-mrkz",20240401,20240630
code,C9169,"Inj, nogapendekin pmln 1 mcg",20241001,20241231
code,C9170,"Inj, tarlatamab-dlle, 1 mg",20241001,20241231
code,C9171,"Inj, pegulicianine, 1 mg",20241001,20241231
code,C9172,"Inj, beqvez, per tx dose",20241001,20241231
code,C9173,"Inj, nypozi, 1 mcg",20250101,20250630
code,C9174,"Datopotamab deruxtecan, 1 mg",20250701,20250930
code,C9175,"Inj, treosulfan, 50 mg",20250701,20250930
code,C9176,Dom nonheu tc99m add-on/dose,20260101,
code,C9248,"Inj, clevidipine butyrate",20090101,20250930
code,C9250,Artiss fibrin sealant,20090701,
code,C9254,"Injection, lacosamide",20100101,
code,C9257,Bevacizumab injection,20100101,
code,C9275,Hexaminolevulinate hcl,20110101,20181231
code,C9285,"Patch, lidocaine/tetracaine",20110701,
code,C9290,"Inj, bupivacaine liposome",20120401,20241231
code,C9293,"Injection, glucarpidase",20121001,
code,C9300,"Indigotindisulfonate, 1 mg",20250401,20250630
code,C9301,Obecabtagene car pos t,20250401,20250630
code,C9302,"Inj zanidatamab, 2 mg",20250401,20250630
code,C9303,"Inj zolbetuximab, 1 mg",20250401,20250630
code,C9304,"Inj marstacimab, 0.5 mg",20250401,20250630
code,C9305,"Inj, nipocalimab-aahu, 3 mg",20251001,20251231
code,C9306,Telisotuzumab vedotin-tllv,20251001,20251231
code,C9307,Inj linvoseltamab-gcpt 1 mg,20260101,20260331
code,C9308,"Inj, carboplatin (avyxa)",20260101,20260331
code,C9309,Inj onase abepar-brve treat,20260401,20260630
code,C9310,"Inj, leucovorin cal (avyxa)",20260701,20260930
code,C9311,"Inj, eplontersen, 1 mg",20261001,
code,C9312,"Inj trabecte apotex, 0.01 mg",20261001,
code,C9313,"Inj, pivekimab sunirine pvzy",20261001,
code,C9349,"Puraply, puraply antimic",20150101,20161231
code,C9352,"Neuragen nerve guide, per cm",20080101,
code,C9353,"Neurawrap nerve protector,cm",20080101,
code,C9354,"Veritas collagen matrix, cm2",20080101,
code,C9355,"Neuromatrix nerve cuff, cm",20080101,
code,C9356,"Tenoglide tendon prot, cm2",20080701,
code,C9358,"Surgimend, fetal",20080701,
code,C9359,"Implnt,bon void filler-putty",20081001,
code,C9360,"Surgimend, neonatal",20090701,
code,C9361,Neuromend nerve wrap,20090701,
code,C9362,"Implnt,bon void filler-strip",20090701,
code,C9363,Integra meshed bil wound mat,20090701,
code,C9364,"Porcine implant, permacol",20090701,
code,C9399,Unclassified drugs or biolog,20040101,
code,C9407,"Iodine i-131 iobenguane, dx",20190101,20191231
code,C9408,"Iodine i-131 iobenguane, tx",20190101,20191231
code,C9441,"Inj, ferric carboxymaltose",20140101,20140630
code,C9442,"Injection, belinostat",20150101,20151231
code,C9443,"Injection, dalbavancin",20150101,20151231
code,C9444,"Injection, oritavancin",20150101,20151231
code,C9445,"C-1 esterase, ruconest",20150401,20151231
code,C9446,"Inj, tedizolid phosphate",20150101,20151231
code,C9447,"Inj, phenylephrine ketorolac",20150101,20190930
code,C9448,Oral netupitant palonosetron,20150401,20150630
code,C9449,"Inj, blinatumomab",20150401,20151231
code,C9450,Fluocinolone acetonide implt,20150401,20151231
code,C9451,"Injection, peramivir",20150401,20151231
code,C9452,"Inj, ceftolozane/tazobactam",20150401,20151231
code,C9453,"Injection, nivolumab",20150701,20151231
code,C9454,"Inj, pasireotide long acting",20150701,20151231
code,C9455,"Injection, siltuximab",20150701,20151231
code,C9456,"Inj, isavuconazonium sulfate",20151001,20151231
code,C9457,Lumason contrast agent,20151001,20151231
code,C9458,Florbetaben f18,20160101,20160630
code,C9459,Flutemetamol f18,20160101,20160630
code,C9460,"Injection, cangrelor",20160101,
code,C9461,"Choline c 11, diagnostic",20160401,20161231
code,C9462,"Injection, delafloxacin",20180401,20260930
code,C9463,"Injection, aprepitant",20180401,20181231
code,C9464,"Injection, rolapitant",20180401,20181231
code,C9465,"Injection, durolane",20180401,20181231
code,C9466,"Injection, benralizumab",20180401,20181231
code,C9467,Inj rituximab hyaluronidase,20180401,20181231
code,C9468,"Inj, factor ix, rebinyn",20180401,20181231
code,C9469,Inj triamcinolone acetonide,20180401,20180630
code,C9470,Aripiprazole lauroxil im,20160401,20161231
code,C9471,"Hymovis, 1 mg",20160401,20161231
code,C9472,Inj talimogene laherparepvec,20160401,20161231
code,C9473,"Injection, mepolizumab",20160401,20161231
code,C9474,"Inj, irinotecan liposome",20160401,20161231
code,C9475,"Injection, necitumumab",20160401,20161231
code,C9476,"Injection, daratumumab",20160701,20161231
code,C9477,"Injection, elotuzumab",20160701,20161231
code,C9478,"Injection, sebelipase alfa",20160701,20161231
code,C9479,"Instill, ciprofloxacin otic",20160701,20161231
code,C9480,"Injection, trabectedin",20160701,20161231
code,C9481,"Injection, reslizumab",20161001,20161231
code,C9482,Sotalol hydrochloride iv,20161001,
code,C9483,"Injection, atezolizumab",20161001,20171231
code,C9484,"Injection, eteplirsen",20170401,20171231
code,C9485,"Injection, olaratumab",20170401,20171231
code,C9486,"Inj, granisetron ext",20170401,20171231
code,C9487,"Ustekinumab iv inj, 1 mg",20170401,20170630
code,C9488,Conivaptan hcl,20170401,
code,C9489,"Injection, nusinersen",20170701,20171231
code,C9490,"Injection, bezlotoxumab",20170701,20171231
code,C9491,"Injection, avelumab",20171001,20171231
code,C9492,"Injection, durvalumab",20171001,20181231
code,C9493,"Injection, edaravone",20171001,20181231
code,C9494,"Injection, ocrelizumab",20171001,20171231
code,C9497,"Loxapine, inhalation powder",20140101,20181231
code,C9507,Covid-19 convalescent plasma,20211228,
code,C9600,Perc drug-el cor stent sing,20130101,
code,C9601,Perc drug-el cor stent bran,20130101,
code,C9602,Perc d-e cor stent ather s,20130101,
code,C9603,Perc d-e cor stent ather br,20130101,
code,C9604,Perc d-e cor revasc t cabg s,20130101,
code,C9605,Perc d-e cor revasc t cabg b,20130101,
code,C9606,Perc d-e cor revasc w ami s,20130101,
code,C9607,Perc d-e cor revasc chro sin,20130101,
code,C9608,Perc d-e cor revasc chro add,20130101,
code,C9610,Cath coronary drug-delivery,20250101,
code,C9724,Eps stomach plic,20050401,20151231
code,C9725,Place endorectal app,20051001,
code,C9726,Rxt breast appl place/remov,20060101,
code,C9727,Insert palate implants,20061001,
code,C9728,"Place device/marker, non pro",20070701,
code,C9733,Non-ophthalmic fva,20120401,
code,C9734,"U/s trtmt, not leiomyomata",20130401,
code,C9735,"Anoscopy, submucosal inj",20130401,20141231
code,C9737,Lap esoph augmentation,20140101,20150630
code,C9738,Blue light cysto imag agent,20180101,
code,C9739,Cystoscopy prostatic imp 1-3,20140401,
code,C9740,Cysto impl 4 or more,20140401,
code,C9741,Impl pressure sensor w/angio,20141001,20181231
code,C9742,Laryngoscopy with injection,20150101,20161231
code,C9743,Bulking/spacer material impl,20151001,20160630
code,C9744,Abd us w/contrast,20161001,20181231
code,C9745,Nasal endo eustachian tube,20170701,20201231
code,C9746,Trans imp balloon cont,20170701,20190630
code,C9747,"Ablation, hifu, prostate",20170701,20201231
code,C9748,Prostatic rf water vapor tx,20180101,20181231
code,C9749,Repair nasal stenosis w/imp,20180401,20201231
code,C9750,Ins/rem-replace compl iims,20181001,20181231
code,C9751,"Microwave bronch, 3d, ebus",20190101,20251231
code,C9752,Intraosseous des lumb/sacrum,20190101,20211231
code,C9753,Intraosseous destruct add'l,20190101,20211231
code,C9754,"Perc av fistula, direct",20190101,20200630
code,C9755,Rf magnetic-guide av fistula,20190101,20200630
code,C9756,Fluorescence lymph map w/icg,20190701,
code,C9757,Spine device implant surgery,20200101,
code,C9758,Blind interatrial shunt ide,20200101,
code,C9759,Transcath intraop microinf,20200701,
code,C9760,Non-blind interatrial shunt,20200701,
code,C9761,"Cysto, litho, vacuum kidney",20201001,
code,C9762,Cardiac mri seg dys strain,20200701,
code,C9763,Cardiac mri seg dys stress,20200701,
code,C9764,Revasc intravasc lithotripsy,20200701,
code,C9765,Revasc intra lithotrip-stent,20200701,
code,C9766,Revasc intra lithotrip-ather,20200701,
code,C9767,Revasc lithotrip-stent-ather,20200701,
code,C9768,Endo us-guide hep porto grad,20201001,
code,C9769,Cysto w/temp pros implant,20201001,20241231
code,C9770,"Vitrec/mech pars, subret inj",20210101,20231231
code,C9771,Nsl/sins cryo post nasal tis,20210101,20231231
code,C9772,Revasc lithotrip tibi/perone,20210101,
code,C9773,Revasc lithotr-stent tib/per,20210101,
code,C9774,Revasc lithotr-ather tib/per,20210101,
code,C9775,Revasc lith-sten-ath tib/per,20210101,
code,C9776,Fluo bile duct imaging w/icg,20210401,
code,C9777,Esophag muc integ w/eso egd,20210401,
code,C9778,"Colpopexy, min/inv, ex-perit",20210701,
code,C9779,Esd endoscopy or colonoscopy,20211001,
code,C9780,Insert cv cath inf & sup app,20211001,
code,C9781,Arthro/shoul surg; w/spacer,20220401,
code,C9782,Blind myocar trpl bon marrow,20220401,
code,C9783,Blind cor sinus reducer impl,20220401,
code,C9784,Endo sleeve gastro w/tube,20230701,20251231
code,C9785,Endo outlet restrict w/tube,20230701,
code,C9786,Echo cad for hf preserved ef,20230701,20241231
code,C9787,Gastric ep mapg simult pt sx,20230701,20240630
code,C9788,Uni breas optoacoustic imag,20231001,20231231
code,C9789,Instill pharm renal pelvis,20231001,
code,C9790,Kidney histotripsy w/image,20231001,20240630
code,C9791,Mri hyperpolarized xenon129,20231001,
code,C9792,Blind/nonblind trans atrial,20231001,
code,C9793,Pre 3d mdl w/ccta and/or mri,20240101,
code,C9794,Complex simulation w/pet-ct,20240101,20241231
code,C9795,Sbrt w/positron emission del,20240101,20241231
code,C9796,Rpr intst excl anrect fist,20240101,
code,C9797,Vasc emb/occ w/prs cath,20240101,
code,C9800,Dermal filler inj px/suppl,20100701,20161231
code,C9803,Hopd covid-19 spec collect,20200301,20231231
code,C9804,Pump elastomc non-opioid dev,20250101,
code,C9806,Pump perist non-opioid dev,20250101,
code,C9807,Nerve stim non-opioid dev,20250101,
code,C9808,Cryo probe non-opioid dev,20250101,
code,C9809,Cryo needle non-opioid dev,20250101,
code,C9810,Cold therapy non-opioid dev,20260101,
code,C9811,Elec amb pmp nonopioid dev,20260101,
code,C9812,Echg/stim nv ndls nonopi dev,20260101,
code,C9813,Prf infs cth nonopioid dev,20260101,
code,C9814,Echognc cathr nonopioid dev,20260101,
code,C9815,Peristlc pmp nonopioid dev,20260101,
code,C9816,Pmp prs reusbl nonopioid dev,20260101,
code,C9817,Crypnm cmprs nonopioid dev,20260101,
code,C9818,"Suzetrigine, orl, 1mg",20260123,
code,C9898,Inpnt stay radiolabeled item,20080101,
code,C9899,"Inpt implant pros dev,no cov",20090101,
code,C9901,Endo defect closure gi tract,20240701,
code,E0100,Cane adjust/fixed with tip,19860101,
code,E0105,Cane adjust/fixed quad/3 pro,19860101,
code,E0110,Crutch forearm pair,19860101,
code,E0111,Crutch forearm each,19860101,
code,E0112,Crutch underarm pair wood,19860101,
code,E0113,Crutch underarm each wood,19860101,
code,E0114,Crutch underarm pair no wood,19860101,
code,E0116,Crutch underarm each no wood,19860101,
code,E0117,Underarm springassist crutch,20030101,
code,E0118,Crutch substitute,20040101,
code,E0130,Walker rigid adjust/fixed ht,19860101,
code,E0135,Walker folding adjust/fixed,19860101,
code,E0140,Walker w trunk support,20040101,
code,E0141,Rigid wheeled walker adj/fix,19860101,
code,E0143,Walker folding wheeled w/o s,19860101,
code,E0144,Enclosed walker w rear seat,20000101,
code,E0147,Walker variable wheel resist,19860101,
code,E0148,Heavyduty walker no wheels,20010101,
code,E0149,Heavy duty wheeled walker,20010101,
code,E0150,Combo walker-transport chair,20251001,
code,E0152,"Walker, battery power wheels",20240401,
code,E0153,Forearm crutch platform atta,19860101,
code,E0154,Walker platform attachment,19860101,
code,E0155,"Walker wheel attachment,pair",19860101,
code,E0156,Walker seat attachment,19860101,
code,E0157,Walker crutch attachment,19860101,
code,E0158,Walker leg extenders set of4,19860101,
code,E0159,Brake for wheeled walker,19970101,
code,E0160,Sitz type bath or equipment,19860101,
code,E0161,Sitz bath/equipment w/faucet,19860101,
code,E0162,Sitz bath chair,19860101,
code,E0163,Commode chair with fixed arm,19860101,
code,E0165,Commode chair with detacharm,19860101,
code,E0167,Commode chair pail or pan,19860101,
code,E0168,Heavyduty/wide commode chair,20010101,
code,E0170,Commode chair electric,20060101,
code,E0171,Commode chair non-electric,20060101,
code,E0172,Seat lift mechanism toilet,20060101,
code,E0175,Commode chair foot rest,19860101,
code,E0181,Press pad alternating w/ pum,19860101,
code,E0182,"Replace pump, alt press pad",19860101,
code,E0183,Press underlay alter w/pump,20221001,
code,E0184,Dry pressure mattress,19860101,
code,E0185,Gel pressure mattress pad,19860101,
code,E0186,Air pressure mattress,19860101,
code,E0187,Water pressure mattress,19860101,
code,E0188,Synthetic sheepskin pad,19860101,
code,E0189,Lambswool sheepskin pad,19860101,
code,E0190,Positioning cushion,20040101,
code,E0191,Protector heel or elbow,19860101,
code,E0193,Powered air flotation bed,19900101,
code,E0194,Air fluidized bed,19910101,
code,E0196,Gel pressure mattress,19910101,
code,E0197,Air pressure pad for mattres,19910101,
code,E0198,Water pressure pad for mattr,19910101,
code,E0199,Dry pressure pad for mattres,19910101,
code,E0200,Heat lamp without stand,19860101,
code,E0201,Penile contractur devic manu,20250401,
code,E0202,Phototherapy light w/ photom,19850101,
code,E0203,Therapeutic lightbox tabletp,20030101,
code,E0205,Heat lamp with stand,19860101,
code,E0210,Electric heat pad standard,19860101,
code,E0215,Electric heat pad moist,19860101,
code,E0217,Water circ heat pad w pump,19970101,
code,E0218,Fluid circ cold pad w pump,19970101,
code,E0221,Infrared heating pad system,20020101,
code,E0225,Hydrocollator unit,19860101,
code,E0231,Wound warming device,20020101,
code,E0232,Warming card for nwt,20020101,
code,E0235,Paraffin bath unit portable,19860101,
code,E0236,Pump for water circulating p,19860101,
code,E0239,Hydrocollator unit portable,19860101,
code,E0240,Bath/shower chair,20040101,
code,E0241,Bath tub wall rail,19860101,
code,E0242,Bath tub rail floor,19860101,
code,E0243,Toilet rail,19860101,
code,E0244,Toilet seat raised,19860101,
code,E0245,Tub stool or bench,19860101,
code,E0246,Transfer tub rail attachment,19860101,
code,E0247,Trans bench w/wo comm open,20040101,
code,E0248,Hdtrans bench w/wo comm open,20040101,
code,E0249,Pad water circulating heat u,19860101,
code,E0250,Hosp bed fixed ht w/ mattres,19860101,
code,E0251,Hosp bed fixd ht w/o mattres,19860101,
code,E0255,Hospital bed var ht w/ mattr,19860101,
code,E0256,Hospital bed var ht w/o matt,19910101,
code,E0260,Hosp bed semi-electr w/ matt,19860101,
code,E0261,Hosp bed semi-electr w/o mat,19910101,
code,E0265,Hosp bed total electr w/ mat,19860101,
code,E0266,Hosp bed total elec w/o matt,19860101,
code,E0270,Hospital bed institutional t,19860101,
code,E0271,Mattress innerspring,19860101,
code,E0272,Mattress foam rubber,19860101,
code,E0273,Bed board,19860101,
code,E0274,Over-bed table,19860101,
code,E0275,Bed pan standard,19860101,
code,E0276,Bed pan fracture,19860101,
code,E0277,Powered pres-redu air mattrs,19920101,
code,E0280,Bed cradle,19860101,
code,E0290,Hosp bed fx ht w/o rails w/m,19910101,
code,E0291,Hosp bed fx ht w/o rail w/o,19910101,
code,E0292,Hosp bed var ht no sr w/matt,19910101,
code,E0293,Hosp bed var ht no sr no mat,19910101,
code,E0294,Hosp bed semi-elect w/ mattr,19910101,
code,E0295,Hosp bed semi-elect w/o matt,19910101,
code,E0296,Hosp bed total elect w/ matt,19910101,
code,E0297,Hosp bed total elect w/o mat,19910101,
code,E0300,Enclosed ped crib hosp grade,20040101,
code,E0301,"Hd hosp bed, 350-600 lbs",20040101,
code,E0302,Ex hd hosp bed > 600 lbs,20040101,
code,E0303,Hosp bed hvy dty xtra wide,20040101,
code,E0304,Hosp bed xtra hvy dty x wide,20040101,
code,E0305,Rails bed side half length,19860101,
code,E0310,Rails bed side full length,19860101,
code,E0315,Bed accessory brd/tbl/supprt,19860101,
code,E0316,Bed safety enclosure,20020101,
code,E0325,Urinal male jug-type,19860101,
code,E0326,Urinal female jug-type,19860101,
code,E0328,"Ped hospital bed, manual",20080101,
code,E0329,Ped hospital bed semi/elect,20080101,
code,E0350,Control unit bowel system,19950101,
code,E0352,Disposable pack w/bowel syst,19950101,
code,E0370,Air elevator for heel,19970101,
code,E0371,Nonpower mattress overlay,19980101,
code,E0372,Powered air mattress overlay,19980101,
code,E0373,Nonpowered pressure mattress,19980101,
code,E0424,Stationary compressed gas 02,19930101,
code,E0425,Gas system stationary compre,19860101,
code,E0430,Oxygen system gas portable,19860101,
code,E0431,Portable gaseous 02,19930101,
code,E0433,Portable liquid oxygen sys,20100101,
code,E0434,Portable liquid 02,19930101,
code,E0435,Oxygen system liquid portabl,19860101,
code,E0439,Stationary liquid 02,19930101,
code,E0440,Oxygen system liquid station,19860101,
code,E0441,"Stationary o2 contents, gas",19930101,
code,E0442,"Stationary o2 contents, liq",19930101,
code,E0443,"Portable 02 contents, gas",19930101,
code,E0444,"Portable 02 contents, liquid",19930101,
code,E0445,Oximeter non-invasive,20030101,
code,E0446,"Topical ox deliver sys, nos",20110101,
code,E0447,"Port o2 cont, liq over 4 lpm",20190101,
code,E0450,Vol control vent invasiv int,19850101,20151231
code,E0455,Oxygen tent excl croup/ped t,19860101,
code,E0457,Chest shell,19900101,
code,E0459,Chest wrap,19900101,
code,E0460,Neg press vent portabl/statn,19900101,20151231
code,E0461,Vol control vent noninv int,20030101,20151231
code,E0462,Rocking bed w/ or w/o side r,19900101,
code,E0463,Press supp vent invasive int,20050101,20151231
code,E0464,Press supp vent noninv int,20050101,20151231
code,E0465,Home vent invasive interface,20160101,
code,E0466,Home vent non-invasive inter,20160101,
code,E0467,Home vent multi-function,20190101,
code,E0468,Home vent dual fnct incl all,20240401,
code,E0469,Lung expans high oscil neb,20241001,
code,E0470,Rad w/o backup non-inv intfc,20040101,
code,E0471,Rad w/backup non inv intrfc,20040101,
code,E0472,Rad w backup invasive intrfc,20040101,
code,E0480,Percussor elect/pneum home m,19860101,
code,E0481,Intrpulmnry percuss vent sys,20020101,
code,E0482,Cough stimulating device,20020101,
code,E0483,Hi freq chest wall oscil sys,20030101,
code,E0484,Non-elec oscillatory pep dvc,20030101,
code,E0485,Oral device/appliance prefab,20060101,
code,E0486,Oral device/appliance cusfab,20060101,
code,E0487,Electronic spirometer,20090101,
code,E0490,Control unit nm hw remote,20231001,
code,E0491,Oral dv nm mouthpc hw remote,20231001,
code,E0492,Control unit nm stim w phone,20240101,
code,E0493,Oral dv/app neuromus mouthpi,20240101,
code,E0500,Ippb all types,19860101,
code,E0530,Electronic posa treatment,20240101,
code,E0550,Humidif extens supple w ippb,19860101,
code,E0555,Humidifier for use w/ regula,19860101,
code,E0560,Humidifier supplemental w/ i,19860101,
code,E0561,Humidifier nonheated w pap,20040101,
code,E0562,Humidifier heated used w pap,20040101,
code,E0565,Compressor air power source,19820101,
code,E0570,Nebulizer with compression,19860101,
code,E0572,Aerosol compressor adjust pr,20010101,
code,E0574,Ultrasonic generator w svneb,20010101,
code,E0575,Nebulizer ultrasonic,19860101,
code,E0580,Nebulizer for use w/ regulat,19860101,
code,E0585,Nebulizer w/ compressor & he,19860101,
code,E0600,Suction pump portab hom modl,19860101,
code,E0601,Cont airway pressure device,19880101,
code,E0602,Manual breast pump,20000101,
code,E0603,Electric breast pump,20020101,
code,E0604,Hosp grade elec breast pump,20020101,
code,E0605,Vaporizer room type,19860101,
code,E0606,Drainage board postural,19860101,
code,E0607,Blood glucose monitor home,19860101,
code,E0610,Pacemaker monitr audible/vis,19860101,
code,E0615,Pacemaker monitr digital/vis,19860101,
code,E0616,Cardiac event recorder,20000101,
code,E0617,Automatic ext defibrillator,20010101,
code,E0618,Apnea monitor,20030101,
code,E0619,Apnea monitor w recorder,20030101,
code,E0620,Cap bld skin piercing laser,20020101,
code,E0621,Patient lift sling or seat,19860101,
code,E0625,Patient lift bathroom or toi,19860101,
code,E0627,"Seat lift mech, electric any",19920101,
code,E0628,Seat lift for pt furn-electr,19920101,20161231
code,E0629,"Seat lift mech, non-electric",19920101,
code,E0630,Patient lift hydraulic,19860101,
code,E0635,Patient lift electric,19860101,
code,E0636,Pt support & positioning sys,20030101,
code,E0637,Combination sit to stand sys,20040101,
code,E0638,Standing frame sys,20040101,
code,E0639,Moveable patient lift system,20050101,
code,E0640,Fixed patient lift system,20050101,
code,E0641,Multi-position stnd fram sys,20060101,
code,E0642,Dynamic standing frame,20060101,
code,E0650,Pneuma compresor non-segment,19860101,
code,E0651,Pneum compressor segmental,19880101,
code,E0652,Pneum compres w/cal pressure,19880101,
code,E0655,Pneumatic appliance half arm,19860101,
code,E0656,Segmental pneumatic trunk,20090101,
code,E0657,Segmental pneumatic chest,20090101,
code,E0658,Seg pneum comp 2 arm chest,20251001,
code,E0659,Seg pneum comp head neck che,20251001,
code,E0660,Pneumatic appliance full leg,19860101,
code,E0665,Pneumatic appliance full arm,19860101,
code,E0666,Pneumatic appliance half leg,19860101,
code,E0667,Seg pneumatic appl full leg,19880101,
code,E0668,Seg pneumatic appl full arm,19880101,
code,E0669,Seg pneumatic appli half leg,19940101,
code,E0670,Seg pneum int legs/trunk,20130101,
code,E0671,Pressure pneum appl full leg,19950101,
code,E0672,Pressure pneum appl full arm,19950101,
code,E0673,Pressure pneum appl half leg,19950101,
code,E0675,Pneumatic compression device,20040101,
code,E0676,Inter limb compress dev nos,20070101,
code,E0677,Non pneum seq comp trunk,20230401,
code,E0678,Non pneum seq comp full leg,20240101,
code,E0679,Non pneum seq comp half leg,20240101,
code,E0680,Non pneum comp control cal,20240101,
code,E0681,Non pneu comp control w/o ca,20240101,
code,E0682,Non pneum compress full arm,20240101,
code,E0683,Non pneu peristalic comp pmp,20241001,
code,E0691,Uvl pnl 2 sq ft or less,20030101,
code,E0692,Uvl sys panel 4 ft,20030101,
code,E0693,Uvl sys panel 6 ft,20030101,
code,E0694,Uvl md cabinet sys 6 ft,20030101,
code,E0700,Safety equipment,19860101,
code,E0705,Transfer device,20060101,
code,E0710,Restraints any type,19860101,
code,E0711,Ue enclosure restr rom,20230401,
code,E0715,Intravag pelvic floor kegel,20241001,
code,E0716,Supp and acces intravag pelv,20241001,
code,E0720,Tens two lead,19860101,
code,E0721,Trans elec stim auricular,20241001,
code,E0730,Tens four lead,19860101,
code,E0731,Conductive garment for tens/,19890101,
code,E0732,Ces system,20240101,
code,E0733,Trans elec nerv for trigemin,20240101,
code,E0734,Ext up limb tremor stim wris,20240101,
code,E0735,Non-invasive vagus nerv stim,20240101,
code,E0736,Transcut tibial nerv stimula,20240401,
code,E0737,Transcut tibial stim by app,20241001,
code,E0738,Upper extremity rehab,20240401,
code,E0739,Rehab sys active assist rt,20240401,
code,E0740,Non-implant pelv flr e-stim,19860101,
code,E0743,Ext low ext nerve stimu rls,20241001,
code,E0744,Neuromuscular stim for scoli,19890101,
code,E0745,Neuromuscular stim for shock,19860101,
code,E0746,Electromyograph biofeedback,19890101,
code,E0747,Elec osteogen stim not spine,19860101,
code,E0748,Elec osteogen stim spinal,19960101,
code,E0749,Elec osteogen stim implanted,19860101,
code,E0755,Electronic salivary reflex s,19900101,
code,E0760,Osteogen ultrasound stimltor,19970101,
code,E0761,Nontherm electromgntc device,20030101,
code,E0762,Trans elec jt stim dev sys,20060101,
code,E0764,Functional neuromuscularstim,20060101,
code,E0765,Nerve stimulator for tx n&v,20010101,
code,E0766,Elec stim cancer treatment,20140101,
code,E0767,Intrabuc am rf emf cancer tx,20241001,
code,E0769,Electric wound treatment dev,20050101,
code,E0770,Functional electric stim nos,20090101,
code,E0776,Iv pole,19850101,
code,E0779,Amb infusion pump mechanical,20000101,
code,E0780,Mech amb infusion pump <8hrs,20000101,
code,E0781,External ambulatory infus pu,19870101,
code,E0782,Non-programble infusion pump,19860101,
code,E0783,Programmable infusion pump,19950101,
code,E0784,Ext amb infusn pump insulin,19960101,
code,E0785,Replacement impl pump cathet,19990101,
code,E0786,Implantable pump replacement,20010101,
code,E0787,Cgs dose adj insulin inf pmp,20200101,
code,E0788,Dev-drug combo infusion pump,20261001,
code,E0791,Parenteral infusion pump sta,19890101,
code,E0830,Ambulatory traction device,20010101,
code,E0840,Tract frame attach headboard,19840101,
code,E0849,Cervical pneum trac equip,20050101,
code,E0850,Traction stand free standing,19820101,
code,E0855,Cervical traction equipment,19980101,
code,E0856,Cervic collar w air bladders,20080101,
code,E0860,Tract equip cervical tract,19860101,
code,E0870,Tract frame attach footboard,19860101,
code,E0880,Trac stand free stand extrem,19860101,
code,E0890,Traction frame attach pelvic,19860101,
code,E0900,Trac stand free stand pelvic,19860101,
code,E0910,Trapeze bar attached to bed,19860101,
code,E0911,Hd trapeze bar attach to bed,20060101,
code,E0912,Hd trapeze bar free standing,20060101,
code,E0920,Fracture frame attached to b,19860101,
code,E0930,Fracture frame free standing,19860101,
code,E0935,Cont pas motion exercise dev,19860101,
code,E0936,"Cpm device, other than knee",20070101,
code,E0940,Trapeze bar free standing,19860101,
code,E0941,Gravity assisted traction de,19860101,
code,E0942,Cervical head harness/halter,19860101,
code,E0944,Pelvic belt/harness/boot,19850101,
code,E0945,Belt/harness extremity,19850101,
code,E0946,Fracture frame dual w cross,19860101,
code,E0947,Fracture frame attachmnts pe,19860101,
code,E0948,Fracture frame attachmnts ce,19860101,
code,E0950,Tray,19860101,
code,E0951,Loop heel,19860101,
code,E0952,"Toe loop/holder, each",19860101,
code,E0953,W/c lateral thigh/knee sup,20180101,
code,E0954,"Foot box, any type each foot",20180101,
code,E0955,Cushioned headrest,20040101,
code,E0956,W/c lateral trunk/hip suppor,20040101,
code,E0957,W/c medial thigh support,20040101,
code,E0958,Whlchr att- conv 1 arm drive,19860101,
code,E0959,Amputee adapter,19860101,
code,E0960,W/c shoulder harness/straps,20040101,
code,E0961,Wheelchair brake extension,19860101,
code,E0966,Wheelchair head rest extensi,19860101,
code,E0967,Man wc rim/projection rep ea,19860101,
code,E0968,Wheelchair commode seat,19860101,
code,E0969,Wheelchair narrowing device,19860101,
code,E0970,Wheelchair no. 2 footplates,19860101,
code,E0971,Wheelchair anti-tipping devi,19860101,
code,E0973,W/ch access det adj armrest,19860101,
code,E0974,W/ch access anti-rollback,19860101,
code,E0978,"W/c acc,saf belt pelv strap",19860101,
code,E0980,Wheelchair safety vest,19860101,
code,E0981,"Seat upholstery, replacement",20040101,
code,E0982,"Back upholstery, replacement",20040101,
code,E0983,Add pwr joystick,20040101,
code,E0984,Add pwr tiller,20040101,
code,E0985,W/c seat lift mechanism,20040101,
code,E0986,Man w/c powr assist syst,20040101,
code,E0988,Lever-activated wheel drive,20120101,
code,E0990,Wheelchair elevating leg res,19860101,
code,E0992,Wheelchair solid seat insert,19860101,
code,E0994,Wheelchair arm rest,19860101,
code,E0995,"Wc calf rest, pad replacemnt",19860101,
code,E1002,Pwr seat tilt,20040101,
code,E1003,Pwr seat recline,20040101,
code,E1004,Pwr seat recline mech,20040101,
code,E1005,Pwr seat recline pwr,20040101,
code,E1006,Pwr seat combo w/o shear,20040101,
code,E1007,Pwr seat combo w/shear,20040101,
code,E1008,Pwr seat combo pwr shear,20040101,
code,E1009,Add mech leg elevation,20040101,
code,E1010,Add pwr leg elevation,20040101,
code,E1011,Ped wc modify width adjustm,20030101,
code,E1012,Ctr mount pwr elev leg rest,20160101,
code,E1014,Reclining back add ped w/c,20030101,
code,E1015,Shock absorber for man w/c,20030101,
code,E1016,Shock absorber for power w/c,20030101,
code,E1017,Hd shck absrbr for hd man wc,20030101,
code,E1018,Hd shck absrber for hd powwc,20030101,
code,E1020,Residual limb support system,20030101,
code,E1022,Wheelchr transport secur,20250401,
code,E1023,Wheelchr transit securement,20250401,
code,E1028,W/c manual swingaway,20040101,
code,E1029,W/c vent tray fixed,20040101,
code,E1030,W/c vent tray gimbaled,20040101,
code,E1031,Rollabout chair with casters,19900101,
code,E1032,Wheelchair joystick drive,20250401,
code,E1033,Wheelchair hardware headrest,20250401,
code,E1034,Wheelchair trunk hip support,20250401,
code,E1035,Patient transfer system <300,20010101,
code,E1036,Patient transfer system >300,20100101,
code,E1037,"Transport chair, ped size",20030101,
code,E1038,Transport chair pt wt<=300lb,20030101,
code,E1039,Transport chair pt wt >300lb,20050101,
code,E1050,Whelchr fxd full length arms,19860101,
code,E1060,Wheelchair detachable arms,19860101,
code,E1070,Wheelchair detachable foot r,19860101,
code,E1083,Hemi-wheelchair fixed arms,19860101,
code,E1084,Hemi-wheelchair detachable a,19860101,
code,E1085,Hemi-wheelchair fixed arms,19860101,
code,E1086,Hemi-wheelchair detachable a,19860101,
code,E1087,Wheelchair lightwt fixed arm,19860101,
code,E1088,Wheelchair lightweight det a,19860101,
code,E1089,Wheelchair lightwt fixed arm,19860101,
code,E1090,Wheelchair lightweight det a,19860101,
code,E1092,Wheelchair wide w/ leg rests,19860101,
code,E1093,Wheelchair wide w/ foot rest,19860101,
code,E1100,Whchr s-recl fxd arm leg res,19860101,
code,E1110,Wheelchair semi-recl detach,19860101,
code,E1130,Whlchr stand fxd arm ft rest,19860101,
code,E1140,Wheelchair standard detach a,19860101,
code,E1150,Wheelchair standard w/ leg r,19860101,
code,E1160,Wheelchair fixed arms,19860101,
code,E1161,Manual adult wc w tiltinspac,20030101,
code,E1170,Whlchr ampu fxd arm leg rest,19860101,
code,E1171,Wheelchair amputee w/o leg r,19860101,
code,E1172,Wheelchair amputee detach ar,19860101,
code,E1180,Wheelchair amputee w/ foot r,19860101,
code,E1190,Wheelchair amputee w/ leg re,19860101,
code,E1195,Wheelchair amputee heavy dut,19860101,
code,E1200,Wheelchair amputee fixed arm,19860101,
code,E1220,Whlchr special size/constrc,19860101,
code,E1221,Wheelchair spec size w foot,19860101,
code,E1222,Wheelchair spec size w/ leg,19860101,
code,E1223,Wheelchair spec size w foot,19860101,
code,E1224,Wheelchair spec size w/ leg,19860101,
code,E1225,Manual semi-reclining back,19860101,
code,E1226,Manual fully reclining back,19860101,
code,E1227,Wheelchair spec sz spec ht a,19860101,
code,E1228,Wheelchair spec sz spec ht b,19860101,
code,E1229,Pediatric wheelchair nos,20050101,
code,E1230,Power operated vehicle,19860101,
code,E1231,Rigid ped w/c tilt-in-space,20030101,
code,E1232,Folding ped wc tilt-in-space,20030101,
code,E1233,Rig ped wc tltnspc w/o seat,20030101,
code,E1234,Fld ped wc tltnspc w/o seat,20030101,
code,E1235,Rigid ped wc adjustable,20030101,
code,E1236,Folding ped wc adjustable,20030101,
code,E1237,Rgd ped wc adjstabl w/o seat,20030101,
code,E1238,Fld ped wc adjstabl w/o seat,20030101,
code,E1239,Ped power wheelchair nos,20050101,
code,E1240,Whchr litwt det arm leg rest,19860101,
code,E1250,Wheelchair lightwt fixed arm,19860101,
code,E1260,Wheelchair lightwt foot rest,19860101,
code,E1270,Wheelchair lightweight leg r,19860101,
code,E1280,Whchr h-duty det arm leg res,19860101,
code,E1285,Wheelchair heavy duty fixed,19860101,
code,E1290,Wheelchair hvy duty detach a,19860101,
code,E1295,Wheelchair heavy duty fixed,19860101,
code,E1296,Wheelchair special seat heig,19860101,
code,E1297,Wheelchair special seat dept,19860101,
code,E1298,Wheelchair spec seat depth/w,19860101,
code,E1300,Whirlpool portable,19860101,
code,E1301,Whirlpool tub walkin portabl,20240101,
code,E1310,Whirlpool non-portable,19860101,
code,E1352,O2 flow reg pos inspir press,20140101,
code,E1353,Oxygen supplies regulator,19860101,
code,E1354,"Wheeled cart, port cyl/conc",20090101,
code,E1355,Oxygen supplies stand/rack,19860101,
code,E1356,"Batt pack/cart, port conc",20090101,
code,E1357,"Battery charger, port conc",20090101,
code,E1358,"Dc power adapter, port conc",20090101,
code,E1372,Oxy suppl heater for nebuliz,19860101,
code,E1390,Oxygen concentrator,20000101,
code,E1391,"Oxygen concentrator, dual",20040101,
code,E1392,Portable oxygen concentrator,20060101,
code,E1399,Durable medical equipment mi,19860101,
code,E1405,O2/water vapor enrich w/heat,19880101,
code,E1406,O2/water vapor enrich w/o he,19880101,
code,E1500,Centrifuge,20020101,
code,E1510,Kidney dialysate delivry sys,19860101,
code,E1520,Heparin infusion pump,19860101,
code,E1530,Replacement air bubble detec,19860101,
code,E1540,Replacement pressure alarm,19860101,
code,E1550,Bath conductivity meter,19860101,
code,E1560,Replace blood leak detector,19860101,
code,E1570,Adjustable chair for esrd pt,19860101,
code,E1575,Transducer protect/fld bar,19860101,
code,E1580,Unipuncture control system,19860101,
code,E1590,Hemodialysis machine,19860101,
code,E1592,Auto interm peritoneal dialy,19860101,
code,E1594,Cycler dialysis machine,19860101,
code,E1600,Deli/install chrg hemo equip,19860101,
code,E1610,Reverse osmosis h2o puri sys,19860101,
code,E1615,Deionizer h2o puri system,19860101,
code,E1620,Replacement blood pump,19860101,
code,E1625,Water softening system,19860101,
code,E1629,Tablo for dialysis service,20220101,
code,E1630,Reciprocating peritoneal dia,19860101,
code,E1632,Wearable artificial kidney,19860101,
code,E1634,Peritoneal dialysis clamp,20040101,
code,E1635,Compact travel hemodialyzer,19860101,
code,E1636,Sorbent cartridges per 10,19860101,
code,E1637,"Hemostats for dialysis, each",20020101,
code,E1639,"Scale, each",20020101,
code,E1699,Dialysis equipment noc,19860101,
code,E1700,Jaw motion rehab system,19930101,
code,E1701,Repl cushions for jaw motion,19930101,
code,E1702,Repl measr scales jaw motion,19930101,
code,E1800,Adjust elbow ext & flex dev,19960101,
code,E1801,Sps/pass elbow device,20020101,
code,E1802,Adjst forearm pro/sup device,20030101,
code,E1803,Adjust elbow extension dev,20250101,
code,E1804,Adjust elbow flexion dev,20250101,
code,E1805,Adjust wrist ext & flex dev,19960101,
code,E1806,Sps wrist device,20020101,
code,E1807,Adjust wrist extension dev,20250101,
code,E1808,Adjust wrist flexion device,20250101,
code,E1810,Adjust knee ext & flex dev,19960101,
code,E1811,Sps/pass knee device,20020101,
code,E1812,Knee ext/flex w act res ctrl,20060101,
code,E1813,Adjust knee extension device,20250101,
code,E1814,Adjust knee flexion device,20250101,
code,E1815,Adjust ankle ext & flex dev,19960101,
code,E1816,Sps/pass ankle device,20020101,
code,E1818,Sps/pass forearm device,20020101,
code,E1820,Soft interface material,19960101,
code,E1821,Replacement interface spsd,20020101,
code,E1822,Adjust ankle extension dev,20250101,
code,E1823,Adjust ankle flexion device,20250101,
code,E1825,Adjust finger ext & flex dev,19960101,
code,E1826,Adjust finger extension dev,20250101,
code,E1827,Adjust finger flexion device,20250101,
code,E1828,Adjust toe extension device,20250101,
code,E1829,Adjust toe flexion device,20250101,
code,E1830,Adjust toe ext & flex device,19960101,
code,E1831,Static str toe dev ext/flex,20110101,
code,E1832,Sps finger device,20250401,
code,E1840,Adj shoulder ext/flex device,20020101,
code,E1841,Sps/pass shoulder device,20050101,
code,E1902,Aac non-electronic board,20020101,
code,E1905,Vr cbt therapy,20230401,
code,E2000,Gastric suction pump hme mdl,20020101,
code,E2001,Suct pum ext mgmt sys,20240101,
code,E2100,Bld glucose monitor w voice,20020101,
code,E2101,Bld glucose monitor w lance,20020101,
code,E2102,Adju cgm receiver/monitor,20220401,
code,E2103,Non-adju cgm receiver/mon,20230101,
code,E2104,Glucose monitor w cartridge,20240401,
code,E2120,Pulse gen sys tx endolymp fl,20040101,
code,E2201,"Man w/ch acc seat w>=20""<24""",20040101,
code,E2202,Seat width 24-27 in,20040101,
code,E2203,Frame depth less than 22 in,20040101,
code,E2204,Frame depth 22 to 25 in,20040101,
code,E2205,"Manual wc accessory, handrim",20050101,
code,E2206,Man wc whl lock comp repl ea,20050101,
code,E2207,Crutch and cane holder,20060101,
code,E2208,Cylinder tank carrier,20060101,
code,E2209,Arm trough each,20060101,
code,E2210,Wheelchair bearings,20060101,
code,E2211,Pneumatic propulsion tire,20060101,
code,E2212,Pneumatic prop tire tube,20060101,
code,E2213,Pneumatic prop tire insert,20060101,
code,E2214,Pneumatic caster tire each,20060101,
code,E2215,Pneumatic caster tire tube,20060101,
code,E2216,Foam filled propulsion tire,20060101,
code,E2217,Foam filled caster tire each,20060101,
code,E2218,Foam propulsion tire each,20060101,
code,E2219,Foam caster tire any size ea,20060101,
code,E2220,"Solid propuls tire, repl, ea",20060101,
code,E2221,"Solid caster tire repl, each",20060101,
code,E2222,"Solid caster integ whl, repl",20060101,
code,E2224,Propulsion whl excl tire rep,20060101,
code,E2225,Caster wheel excludes tire,20060101,
code,E2226,Caster fork replacement only,20060101,
code,E2227,Gear reduction drive wheel,20080101,
code,E2228,"Mwc acc, wheelchair brake",20080101,
code,E2230,Manual standing system,20090101,
code,E2231,Solid seat support base,20090101,
code,E2291,Planar back for ped size wc,20050101,
code,E2292,Planar seat for ped size wc,20050101,
code,E2293,Contour back for ped size wc,20050101,
code,E2294,Contour seat for ped size wc,20050101,
code,E2295,Ped dynamic seating frame,20090101,
code,E2298,Pwr seat elev sys for crt,20240401,
code,E2300,Pwr seat elevation sys,20040101,20240331
code,E2301,Pwr standing,20040101,
code,E2310,Electro connect btw control,20040101,
code,E2311,Electro connect btw 2 sys,20040101,
code,E2312,Mini-prop remote joystick,20080101,
code,E2313,"Pwc harness, expand control",20080101,
code,E2321,Hand interface joystick,20040101,
code,E2322,Mult mech switches,20040101,
code,E2323,Special joystick handle,20040101,
code,E2324,Chin cup interface,20040101,
code,E2325,Sip and puff interface,20040101,
code,E2326,Breath tube kit,20040101,
code,E2327,Head control interface mech,20040101,
code,E2328,Head/extremity control inter,20040101,
code,E2329,Head control nonproportional,20040101,
code,E2330,Head control proximity switc,20040101,
code,E2331,Attendant control,20040101,
code,E2340,W/c wdth 20-23 in seat frame,20040101,
code,E2341,W/c wdth 24-27 in seat frame,20040101,
code,E2342,W/c dpth 20-21 in seat frame,20040101,
code,E2343,W/c dpth 22-25 in seat frame,20040101,
code,E2351,Electronic sgd interface,20040101,
code,E2358,Gr 34 nonsealed leadacid,20120101,
code,E2359,Gr34 sealed leadacid battery,20120101,
code,E2360,22nf nonsealed leadacid,20040101,
code,E2361,22nf sealed leadacid battery,20040101,
code,E2362,Gr24 nonsealed leadacid,20040101,
code,E2363,Gr24 sealed leadacid battery,20040101,
code,E2364,U1nonsealed leadacid battery,20040101,
code,E2365,U1 sealed leadacid battery,20040101,
code,E2366,"Battery charger, single mode",20040101,
code,E2367,"Battery charger, dual mode",20040101,
code,E2368,Pwr wc drivewheel motor repl,20050101,
code,E2369,Pwr wc drivewheel gear repl,20050101,
code,E2370,Pwr wc dr wh motor/gear comb,20050101,
code,E2371,Gr27 sealed leadacid battery,20060101,
code,E2372,Gr27 non-sealed leadacid,20060101,
code,E2373,Hand/chin ctrl spec joystick,20070101,
code,E2374,Hand/chin ctrl std joystick,20070101,
code,E2375,Non-expandable controller,20070101,
code,E2376,"Expandable controller, repl",20070101,
code,E2377,"Expandable controller, initl",20070101,
code,E2378,Pw actuator replacement,20130101,
code,E2381,Pneum drive wheel tire,20070101,
code,E2382,"Tube, pneum wheel drive tire",20070101,
code,E2383,"Insert, pneum wheel drive",20070101,
code,E2384,Pneumatic caster tire,20070101,
code,E2385,"Tube, pneumatic caster tire",20070101,
code,E2386,Foam filled drive wheel tire,20070101,
code,E2387,Foam filled caster tire,20070101,
code,E2388,Foam drive wheel tire,20070101,
code,E2389,Foam caster tire,20070101,
code,E2390,Solid drive wheel tire,20070101,
code,E2391,Solid caster tire,20070101,
code,E2392,"Solid caster tire, integrate",20070101,
code,E2394,Drive wheel excludes tire,20070101,
code,E2395,Caster wheel excludes tire,20070101,
code,E2396,Caster fork,20070101,
code,E2397,"Pwc acc, lith-based battery",20080101,
code,E2398,Wc dynamic pos back hardware,20200101,
code,E2402,Neg press wound therapy pump,20040101,
code,E2403,Ext oculr neg pres pump,20261001,
code,E2500,Sgd digitized pre-rec <=8min,20040101,
code,E2502,Sgd prerec msg >8min <=20min,20040101,
code,E2504,Sgd prerec msg>20min <=40min,20040101,
code,E2506,Sgd prerec msg > 40 min,20040101,
code,E2508,Sgd spelling phys contact,20040101,
code,E2510,Sgd w multi methods msg/accs,20040101,
code,E2511,Sgd sftwre prgrm for pc/pda,20040101,
code,E2512,"Sgd accessory, mounting sys",20040101,
code,E2513,"Sgd accessory, emg sensor",20241001,
code,E2599,Sgd accessory noc,20040101,
code,E2601,Gen w/c cushion wdth < 22 in,20050101,
code,E2602,Gen w/c cushion wdth >=22 in,20050101,
code,E2603,Skin protect wc cus wd <22in,20050101,
code,E2604,Skin protect wc cus wd>=22in,20050101,
code,E2605,Position wc cush wdth <22 in,20050101,
code,E2606,Position wc cush wdth>=22 in,20050101,
code,E2607,Skin pro/pos wc cus wd <22in,20050101,
code,E2608,Skin pro/pos wc cus wd>=22in,20050101,
code,E2609,Custom fabricate w/c cushion,20050101,
code,E2610,Powered w/c cushion,20050101,
code,E2611,Gen use back cush wdth <22in,20050101,
code,E2612,Gen use back cush wdth>=22in,20050101,
code,E2613,Position back cush wd <22in,20050101,
code,E2614,Position back cush wd>=22in,20050101,
code,E2615,Pos back post/lat wdth <22in,20050101,
code,E2616,Pos back post/lat wdth>=22in,20050101,
code,E2617,Custom fab w/c back cushion,20050101,
code,E2619,Replace cover w/c seat cush,20050101,
code,E2620,Wc planar back cush wd <22in,20050101,
code,E2621,Wc planar back cush wd>=22in,20050101,
code,E2622,Adj skin pro w/c cus wd<22in,20110101,
code,E2623,Adj skin pro wc cus wd>=22in,20110101,
code,E2624,Adj skin pro/pos cus<22in,20110101,
code,E2625,Adj skin pro/pos wc cus>=22,20110101,
code,E2626,Seo mobile arm sup att to wc,20120101,
code,E2627,Arm supp att to wc rancho ty,20120101,
code,E2628,Mobile arm supports reclinin,20120101,
code,E2629,Friction dampening arm supp,20120101,
code,E2630,Monosuspension arm/hand supp,20120101,
code,E2631,Elevat proximal arm support,20120101,
code,E2632,Offset/lat rocker arm w/ela,20120101,
code,E2633,Mobile arm support supinator,20120101,
code,E3000,Speech volume modulation sys,20240101,
code,E3200,Gait mod systm rhym auditory,20241001,
code,E8000,Posterior gait trainer,20050101,
code,E8001,Upright gait trainer,20050101,
code,E8002,Anterior gait trainer,20050101,
code,G0008,Admin influenza virus vac,19940101,
code,G0009,Admin pneumococcal vaccine,19940101,
code,G0010,Admin hepatitis b vaccine,19940101,
code,G0011,"Hiv prep counsel, md 15-30m",20240102,
code,G0012,Injection of hiv prep drug,20240102,
code,G0013,"Hiv prep counsel, clin staff",20240102,
code,G0017,Crisis psychotherapy 60m,20240101,
code,G0018,Crisis psychotherapy add 30m,20240101,
code,G0019,Comm hlth intg svs sdoh 60mn,20240101,
code,G0022,Comm hlth intg svs add 30 m,20240101,
code,G0023,Pin service 60m per month,20240101,
code,G0024,Pin srv add 30 min pr m,20240101,
code,G0027,Semen analysis,19950101,
code,G0028,Doc med rsn no scr tob,20220101,20221231
code,G0029,No tob scr/cess int,20220101,
code,G0030,Pt scr tob & cess int,20220101,
code,G0031,Pall serv during meas,20220101,
code,G0032,2+ antipsy schiz,20220101,
code,G0033,2+ benzo seiz,20220101,
code,G0034,Pall serv during meas,20220101,
code,G0035,Pt ed pos 23,20220101,
code,G0036,Pt/ptn decln assess,20220101,
code,G0037,Pt not able to participate,20220101,
code,G0038,Clin pt no ref,20220101,
code,G0039,"Pt no ref, rn spec",20220101,
code,G0040,Pt phys/occ therapy,20220101,
code,G0041,Pt/ptn decln referral,20220101,
code,G0042,Ref to therapy,20220101,
code,G0043,Pt mech pros ht valv,20220101,
code,G0044,Pt mitral stenosis,20220101,
code,G0045,Mrs 90 days post stk,20220101,
code,G0046,No mrs 90 days post stk,20220101,
code,G0047,Ped blunt hd traum,20220101,
code,G0048,Pall serv during meas,20220101,
code,G0049,Main hemo in-cntr,20220101,
code,G0050,Pt w/ lmted life expec,20220101,
code,G0051,Pt hospice mnth,20220101,
code,G0052,Pt peri dialysis dur mo,20220101,
code,G0053,Adv rheum pt care mvp,20220101,
code,G0054,Strk cr prev pos outcme mvp,20220101,
code,G0055,Adv care heart dx mvp,20220101,
code,G0056,Opt chronic dx mang mvp,20220101,20231231
code,G0057,Best pct pt safety em mvp,20220101,
code,G0058,Imprv care le jnt repr mvp,20220101,
code,G0059,Pt sfty pos exp w aneth mvp,20220101,
code,G0060,Allergy/immunology ss,20220101,
code,G0061,Anesthesiology ss,20220101,
code,G0062,Audiology ss,20220101,
code,G0063,Cardiology ss,20220101,
code,G0064,Cert nurse midwife ss,20220101,
code,G0065,Chiropractic ss,20220101,
code,G0066,Clinical social work ss,20220101,
code,G0067,Dentistry ss,20220101,
code,G0068,Adm iv infusion drug in home,20190101,
code,G0069,Adm sq infusion drug in home,20190101,
code,G0070,Adm of chemo drug in home,20190101,
code,G0071,Comm svcs by rhc/fqhc 5 min,20190101,20251231
code,G0076,Care manag h vst new pt 20 m,20190101,
code,G0077,Care manag h vst new pt 30 m,20190101,
code,G0078,Care manag h vst new pt 45 m,20190101,
code,G0079,Care manag h vst new pt 60 m,20190101,
code,G0080,Care manag h vst new pt 75 m,20190101,
code,G0081,Care man h v ext pt 20 mi,20190101,
code,G0082,Care man h v ext pt 30 m,20190101,
code,G0083,Care man h v ext pt 45 m,20190101,
code,G0084,Care man h v ext pt 60 m,20190101,
code,G0085,Care man h v ext pt 75 m,20190101,
code,G0086,Care man home care plan 30 m,20190101,
code,G0087,Care man home care plan 60 m,20190101,
code,G0088,Adm iv drug 1st home visit,20210101,
code,G0089,Adm subq drug 1st home visit,20210101,
code,G0090,Adm iv chemo 1st home visit,20210101,
code,G0101,Ca screen;pelvic/breast exam,19980101,
code,G0102,Prostate ca screening; dre,20000101,
code,G0103,Psa screening,20000101,
code,G0104,Ca screen;flexi sigmoidscope,19980101,
code,G0105,Colorectal scrn; hi risk ind,19980101,
code,G0106,Colon ca screen;barium enema,19980101,20241231
code,G0108,Diab manage trn  per indiv,19980701,
code,G0109,Diab manage trn ind/group,19980701,
code,G0117,Glaucoma scrn hgh risk direc,20020101,
code,G0118,Glaucoma scrn hgh risk direc,20020101,
code,G0120,Colon ca scrn; barium enema,19980101,20241231
code,G0121,Colon ca scrn not hi rsk ind,19980101,
code,G0122,Colon ca scrn; barium enema,19980101,20241231
code,G0123,Screen cerv/vag thin layer,19980401,
code,G0124,Screen c/v thin layer by md,19980401,
code,G0127,Trim nail(s),19980101,
code,G0128,Corf skilled nursing service,19980401,
code,G0129,Php/iop ot service,20000401,
code,G0130,Single energy x-ray study,19980701,
code,G0136,Adm of pa/n assess 5-15 m,20240101,
code,G0137,"Inten outpt svs,min 9 pr 7 d",20240101,
code,G0138,Iv cipaglucosidase alfa-atga,20240401,
code,G0140,Nav srv peer sup 60 min pr m,20240101,
code,G0141,"Scr c/v cyto,autosys and md",19990101,
code,G0143,"Scr c/v cyto,thinlayer,rescr",19990101,
code,G0144,"Scr c/v cyto,thinlayer,rescr",19990101,
code,G0145,"Scr c/v cyto,thinlayer,rescr",19990101,
code,G0146,Nav srv peer sup add 30 pr m,20240101,
code,G0147,"Scr c/v cyto, automated sys",19990101,
code,G0148,"Scr c/v cyto, autosys, rescr",19990101,
code,G0151,"Hhcp-serv of pt,ea 15 min",19990701,
code,G0152,"Hhcp-serv of ot,ea 15 min",19990701,
code,G0153,"Hhcp-svs of s/l path,ea 15mn",19990701,
code,G0154,"Hhcp-svs of rn,ea 15 min",19990701,20160229
code,G0155,"Hhcp-svs of csw,ea 15 min",19990701,
code,G0156,"Hhcp-svs of aide,ea 15 min",19990701,
code,G0157,Hhc pt assistant ea 15,20110101,
code,G0158,Hhc ot assistant ea 15,20110101,
code,G0159,Hhc pt maint ea 15 min,20110101,
code,G0160,Hhc occup therapy ea 15,20110101,
code,G0161,Hhc slp ea 15 min,20110101,
code,G0162,"Hhc rn e&m plan svs, 15 min",20110101,
code,G0163,Hhc lpn/rn obs/asses ea 15,20110101,20161231
code,G0164,Hhc lis nurse train ea 15,20110101,20161231
code,G0166,"Extrnl counterpulse, per tx",20000101,
code,G0168,Wound closure by adhesive,20000101,
code,G0173,Linear acc stereo radsur com,20000801,20141231
code,G0175,"Opps service,sched team conf",20000701,
code,G0176,Opps/php/iop; activity thrpy,20010101,
code,G0177,Opps/php/iop; train & educ,20010101,
code,G0179,Md recertification hha pt,20010101,
code,G0180,Md certification hha patient,20001001,
code,G0181,Home health care supervision,20010101,
code,G0182,Hospice care supervision,20010101,
code,G0183,Software meas of cardiac vol,20250401,
code,G0186,"Dstry eye lesn,fdr vssl tech",20010101,
code,G0202,Scr mammo bi incl cad,20010401,20171231
code,G0204,Dx mammo incl cad bi,20010401,20171231
code,G0206,Dx mammo incl cad uni,20010401,20171231
code,G0219,Pet img wholbod melano nonco,20010701,
code,G0235,Pet not otherwise specified,20060101,
code,G0237,Therapeutic procd strg endur,20020101,
code,G0238,"Oth resp proc, indiv",20020101,
code,G0239,"Oth resp proc, group",20020101,
code,G0245,Initial foot exam pt lops,20020701,
code,G0246,Followup eval of foot pt lop,20020701,
code,G0247,Routine footcare pt w lops,20020701,
code,G0248,Demonstrate use home inr mon,20020701,
code,G0249,Provide inr test mater/equip,20020701,
code,G0250,Md inr test revie inter mgmt,20020701,
code,G0251,Linear acc based stero radio,20020401,20141231
code,G0252,Pet imaging initial dx,20021001,
code,G0255,Current percep threshold tst,20021001,
code,G0257,Unsched dialysis esrd pt hos,20030101,
code,G0259,Inject for sacroiliac joint,20030101,
code,G0260,Inj for sacroiliac jt anesth,20030101,
code,G0268,Removal of impacted wax md,20030101,
code,G0269,Occlusive device in vein art,20030101,
code,G0270,Mnt subs tx for change dx,20030101,
code,G0271,Group mnt 2 or more 30 mins,20030101,
code,G0276,Pild/placebo control clin tr,20150101,
code,G0277,"Hbot, full body chamber, 30m",20150101,
code,G0278,"Iliac art angio,cardiac cath",20030101,
code,G0279,"Tomosynthesis, mammo",20150101,
code,G0281,Elec stim unattend for press,20030401,
code,G0282,Elect stim wound care not pd,20030401,
code,G0283,Elec stim other than wound,20030101,
code,G0288,"Recon, cta for surg plan",20030101,
code,G0289,"Arthro, loose body + chondro",20030101,
code,G0293,"Non-cov surg proc,clin trial",20030101,
code,G0294,"Non-cov proc, clinical trial",20030101,
code,G0295,Electromagnetic therapy onc,20030401,
code,G0296,Visit to determ ldct elig,20150205,
code,G0297,Ldct for lung ca screen,20150205,20201231
code,G0299,Hhs/hospice of rn ea 15 min,20151102,
code,G0300,Hhs/hospice of lpn ea 15 min,20151102,
code,G0302,Pre-op service lvrs complete,20040101,
code,G0303,Pre-op service lvrs 10-15dos,20040101,
code,G0304,Pre-op service lvrs 1-9 dos,20040101,
code,G0305,Post op service lvrs min 6,20040101,
code,G0306,Cbc/diffwbc w/o platelet,20040101,
code,G0307,Cbc without platelet,20040101,
code,G0308,180 d implant glucose sensor,20220701,20221231
code,G0309,Rem/inser glu sensor dif sit,20220701,20221231
code,G0310,Immunize counsel 5-15 min,20220511,
code,G0311,Immunize counsel 16-30 mins,20220511,
code,G0312,Immunize couns < 21yr 5-15 m,20220511,
code,G0313,Immunize couns < 21yr 6-30 m,20220511,
code,G0314,Counsel immune <21 16-30 m,20220511,
code,G0315,Counsel immune <21  5-15 m,20220511,
code,G0316,Prolong inpt eval add15 m,20230101,
code,G0317,Prolong nursin fac eval 15m,20230101,
code,G0318,Prolong home eval add 15m,20230101,
code,G0320,Two-way audio and video hhs,20230101,
code,G0321,Audio-only hhs,20230101,
code,G0322,Home h physio data collec tr,20230101,
code,G0323,Care manage beh svs 20mins,20230101,
code,G0327,Colon ca scrn;bld-bsd biomrk,20210701,
code,G0328,Fecal blood scrn immunoassay,20040101,
code,G0329,Electromagntic tx for ulcers,20040701,
code,G0330,Facility svs dental rehab,20230101,
code,G0333,Dispense fee initial 30 day,20060101,
code,G0337,Hospice evaluation preelecti,20050101,
code,G0339,"Robot lin-radsurg com, first",20040101,
code,G0340,Robt lin-radsurg fractx 2-5,20040101,
code,G0341,Percutaneous islet celltrans,20041001,
code,G0342,Laparoscopy islet cell trans,20041001,
code,G0343,Laparotomy islet cell transp,20041001,
code,G0364,Bone marrow aspirate &biopsy,20050101,20171231
code,G0365,Vessel mapping hemo access,20050101,20191231
code,G0372,Md service required for pmd,20051025,
code,G0378,Hospital observation per hr,20060101,
code,G0379,Direct refer hospital observ,20060101,
code,G0380,Lev 1 hosp type b ed visit,20070101,
code,G0381,Lev 2 hosp type b ed visit,20070101,
code,G0382,Lev 3 hosp type b ed visit,20070101,
code,G0383,Lev 4 hosp type b ed visit,20070101,
code,G0384,Lev 5 hosp type b ed visit,20070101,
code,G0389,Ultrasound exam aaa screen,20070101,20161231
code,G0390,Trauma respons w/hosp criti,20070101,
code,G0396,Alcohol/subs interv 15-30mn,20080101,
code,G0397,Alcohol/subs interv >30 min,20080101,
code,G0398,Home sleep test/type 2 porta,20080313,
code,G0399,Home sleep test/type 3 porta,20080313,
code,G0400,Home sleep test/type 4 porta,20080313,
code,G0402,Initial preventive exam,20090101,
code,G0403,Ekg for initial prevent exam,20090101,
code,G0404,Ekg tracing for initial prev,20090101,
code,G0405,Ekg interpret & report preve,20090101,
code,G0406,Inpt/tele follow up 15,20090101,
code,G0407,Inpt/tele follow up 25,20090101,
code,G0408,Inpt/tele follow up 35,20090101,
code,G0409,Corf related serv 15 mins ea,20090101,
code,G0410,Grp psych php/iop 45-50,20090101,
code,G0411,Interactive grp psyc php/iop,20090101,
code,G0412,Open tx iliac spine uni/bil,20090101,
code,G0413,Pelvic ring fracture uni/bil,20090101,
code,G0414,Pelvic ring fx treat int fix,20090101,
code,G0415,Open tx post pelvic fxcture,20090101,
code,G0416,"Prostate biopsy, any mthd",20090101,
code,G0417,Sat biopsy prostate 21-40,20090101,20141231
code,G0418,Sat biopsy prostate 41-60,20090101,20141231
code,G0419,Sat biopsy prostate: >60,20090101,20141231
code,G0420,Ed svc ckd ind per session,20100101,
code,G0421,Ed svc ckd grp per session,20100101,
code,G0422,Intens cardiac rehab w/exerc,20100101,
code,G0423,Intens cardiac rehab no exer,20100101,
code,G0424,Pulmonary rehab w exer,20100101,20211231
code,G0425,Inpt/ed teleconsult30,20100101,
code,G0426,Inpt/ed teleconsult50,20100101,
code,G0427,Inpt/ed teleconsult70,20100101,
code,G0428,Collagen meniscus implant,20100525,
code,G0429,Dermal filler injection(s),20100323,
code,G0431,Drug screen multiple class,20100101,20151231
code,G0432,Eia hiv-1/hiv-2 screen,20091208,
code,G0433,Elisa hiv-1/hiv-2 screen,20091208,
code,G0434,Drug screen multi drug class,20110101,20151231
code,G0435,Oral hiv-1/hiv-2 screen,20091208,
code,G0436,Tobacco-use counsel 3-10 min,20110101,20160930
code,G0437,Tobacco-use counsel>10min,20110101,20160930
code,G0438,"Ppps, initial visit",20110101,
code,G0439,"Ppps, subseq visit",20110101,
code,G0442,Annual alcohol screen 15 min,20111014,
code,G0443,Brief alcohol misuse counsel,20111014,
code,G0444,Depression screen annual,20111014,
code,G0445,High inten beh couns std 30m,20111108,
code,G0446,Intens behave ther cardio dx,20111108,
code,G0447,Behavior counsel obesity 15m,20111129,
code,G0448,Place perm pacing cardiovert,20120101,
code,G0451,Devlopment test interpt&rep,20120101,
code,G0452,Molecular pathology interpr,20130101,
code,G0453,Cont intraop neuro monitor,20130101,
code,G0454,Md document visit by npp,20130101,
code,G0455,Fecal microbiota prep instil,20130101,
code,G0456,Neg pre wound <=50 sq cm,20130101,20141231
code,G0457,Neg pres wound >50 sq cm,20130101,20141231
code,G0458,Ldr prostate brachy comp rat,20130101,
code,G0459,Telehealth inpt pharm mgmt,20120802,
code,G0460,Autolog prp not diab ulcer,20120802,
code,G0461,Immunohisto/cyto chem 1st st,20140101,20141231
code,G0462,Immunohisto/cyto chem add,20140101,20141231
code,G0463,Hospital outpt clinic visit,20140101,
code,G0464,"Colorec ca scr, sto bas dna",20141009,20151231
code,G0465,Autolog prp diab wound ulcer,20210413,
code,G0466,Fqhc visit new patient,20141001,
code,G0467,"Fqhc visit, estab pt",20141001,
code,G0468,"Fqhc visit, ippe or awv",20141001,
code,G0469,"Fqhc visit, mh new pt",20141001,
code,G0470,"Fqhc visit, mh estab pt",20141001,
code,G0471,Ven blood coll snf/hha,20140401,
code,G0472,Hep c screen high risk/other,20140602,
code,G0473,Group behave couns 2-10,20150101,
code,G0475,Hiv combination assay,20150413,
code,G0476,Hpv combo assay ca screen,20150709,
code,G0477,Drug test presump optical,20160101,20161231
code,G0478,Drug test presump opt inst,20160101,20161231
code,G0479,Drug test presump not opt,20160101,20161231
code,G0480,Drug test def 1-7 classes,20160101,
code,G0481,Drug test def 8-14 classes,20160101,
code,G0482,Drug test def 15-21 classes,20160101,
code,G0483,Drug test def 22+ classes,20160101,
code,G0490,"Home visit rn, lpn by rhc/fq",20160401,
code,G0491,Dialysis acu kidney no esrd,20170101,
code,G0492,Md/oth eval acut kid no esrd,20170101,
code,G0493,Rn care ea 15 min hh/hospice,20170101,
code,G0494,Lpn care ea 15min hh/hospice,20170101,
code,G0495,Rn care train/edu in hh,20170101,
code,G0496,Lpn care train/edu in hh,20170101,
code,G0498,Chemo extend iv infus w/pump,20160101,
code,G0499,Hepb screen high risk indiv,20160928,
code,G0500,Mod sedat endo service >5yrs,20170101,
code,G0501,Resource-inten svc during ov,20170101,
code,G0502,"Init psych care manag, 70min",20170101,20171231
code,G0503,"Subseq  psych care man,60mi",20170101,20171231
code,G0504,Init/sub psych care add 30 m,20170101,20171231
code,G0505,Cog/func assessment  outpt,20170101,20171231
code,G0506,Comp asses care plan ccm svc,20170101,
code,G0507,Care manage serv minimum 20,20170101,20171231
code,G0508,Crit care telehea consult 60,20170101,
code,G0509,Crit care telehea consult 50,20170101,
code,G0511,Ccm/bhi by rhc/fqhc 20min mo,20180101,20251231
code,G0512,Cocm by rhc/fqhc 60 min mo,20180101,20251231
code,G0513,"Prolong prev svcs, first 30m",20180101,
code,G0514,"Prolong prev svcs, addl 30m",20180101,
code,G0515,Cognitive skills development,20180101,20191231
code,G0516,"Insert drug del implant, >=4",20180101,
code,G0517,Remove drug implant,20180101,
code,G0518,Remove w insert drug implant,20180101,
code,G0519,New pt-cg dyad dem low cmplx,20240701,
code,G0520,New pt-cg dyad dem mod cmplx,20240701,
code,G0521,New pt-cg dyad dem hig cmplx,20240701,
code,G0522,Mgt nw pt dementia low cmplx,20240701,
code,G0523,Mgt nw pt dem mod-high cmplx,20240701,
code,G0524,Est pt-cg dyad dem low cmplx,20240701,
code,G0525,Est pt-cg dyad dem mod cmplx,20240701,
code,G0526,Est pt-cg dyad dem hig cmplx,20240701,
code,G0527,Mgt est pt dmentia low cmplx,20240701,
code,G0528,Mgt est pt dem mod-hi cmplx,20240701,
code,G0529,"In home respite care, 4 hr u",20240701,
code,G0530,"Adult daycare center, 8 hr u",20240701,
code,G0531,"Fclty-based respite, 24 hr u",20240701,
code,G0532,Take home supp nasal spray,20250101,
code,G0533,Buprenorphone inj weekly,20250101,
code,G0534,Coordinated care/or referral,20250101,
code,G0535,Pt navigat svs direct/ref,20250101,
code,G0536,Peer recover support svs,20250101,
code,G0537,Risk ascvd tst once pr 12 mo,20250101,
code,G0538,Ascvd rsk mng clin stf pr mo,20250101,
code,G0539,Initial care training 30 m,20250101,
code,G0540,Train for caregiver add 15,20250101,
code,G0541,No pt prsnt train initial 30,20250101,
code,G0542,No pt prsnt train add 15,20250101,
code,G0543,Group train w/o patient,20250101,
code,G0544,Post d/c phone follow up,20250101,
code,G0545,Inherent visit to inpt,20250101,
code,G0546,Phone/internet ehr assess,20250101,
code,G0547,Phone/internet svs 11-20 m,20250101,
code,G0548,Phone/inter svs 21-30 m,20250101,
code,G0549,Phone/inter for treat>31m,20250101,
code,G0550,Phone/inter for dx/treat >5m,20250101,
code,G0551,Phn/intr svs fr dx treat 30m,20250101,
code,G0552,Supply of digital device,20250101,
code,G0553,Monthly tx for dmht 20mins,20250101,
code,G0554,Add 20 m of monthly tx,20250101,
code,G0555,Replacment pt electronic sys,20250101,
code,G0556,Adv prim care mgmt lvl 1,20250101,
code,G0557,Adv prim care mgmt lvl 2,20250101,
code,G0558,Adv prim care mgmt lvl 3,20250101,
code,G0559,Unrelat prac follow up visit,20250101,
code,G0560,Safety plan interven,20250101,
code,G0561,"Temp tube delivery, unil",20250101,
code,G0562,Complex simulation w/pet-ct,20250101,
code,G0563,Sbrt w/positron emission del,20250101,
code,G0564,365 d implant glucose sensor,20250101,20250331
code,G0565,Rem/ins glu snsr 365 dif sit,20250101,20250331
code,G0566,3d bn img algor drvd fr mri,20250401,
code,G0567,Screening hep c detect,20240627,
code,G0568,"Int psych care mng, 1 cal mo",20260101,
code,G0569,"Subs psych care mng, subs mo",20260101,
code,G0570,"Care manage serv, pr cal mo",20260101,
code,G0571,Intraop nerve cryoablation,20260101,
code,G0574,Mgt new pt dem res care cmmi,20260701,
code,G0575,Mgt est pt dem res care cmmi,20260701,
code,G0577,"Vasc emb/occl organ, pgc",20260701,
code,G0659,Drug test def simple all cl,20170101,
code,G0660,Team remote e/m new pt 10 mn,20260101,
code,G0661,Team remote e/m new pt 20 mn,20260101,
code,G0662,Team remote e/m new pt 30 mn,20260101,
code,G0663,Team remote e/m new pt 45 mn,20260101,
code,G0664,Team remote e/m new pt 60 mn,20260101,
code,G0665,Team remote e/m est pt 10 mn,20260101,
code,G0666,Team remote e/m est pt 15 mn,20260101,
code,G0667,Team remote e/m est pt 25 mn,20260101,
code,G0668,Team remote e/m est pt 40 mn,20260101,
code,G0669,Eckm oap-initial period,20260701,
code,G0670,Eckm oap-follow-on period(s),20260701,
code,G0671,Ckm oap-initial period,20260701,
code,G0672,Ckm oap-follow-on period(s),20260701,
code,G0673,Msk oap-initial period,20260701,
code,G0674,Bh oap-initial period,20260701,
code,G0675,Bh oap-follow-on period(s),20260701,
code,G0676,"Std co-mgmt-eckm, ckm",20260701,
code,G0677,Std co-mgmt-msk,20260701,
code,G0678,Std co-mgmt-bh,20260701,
code,G0680,Cr art clc art vlv clc w rpt,20260401,
code,G0681,App of non-sheet skin sub,20260101,
code,G0682,App non-sheet skin sub add,20260101,
code,G0683,App of non-sheet skin sub g,20260101,
code,G0684,App non-sheet skin sb g addl,20260101,
code,G0685,Algorithm assessment for asd,20261001,
code,G0908,Hgb > 12 g/dl,20120101,20141231
code,G0909,Hbg not doc,20120101,20141231
code,G0910,Hgb <= 12 g/dl,20120101,20141231
code,G0913,Improve visual funct,20120101,
code,G0914,Survey not complete,20120101,
code,G0915,No improve visual funct,20120101,
code,G0916,Satisfy with care,20120101,
code,G0917,Care survey not complete,20120101,
code,G0918,No satisfy with care,20120101,
code,G0919,Flu immunize not avail,20120101,20141231
code,G0920,Type loc act doc,20120101,20141231
code,G0921,Doc pt reas no assess,20120101,20141231
code,G0922,Type loc act not doc,20120101,20141231
code,G1000,Cdsm applied pathways,20200101,20200331
code,G1001,Cdsm evicore,20200101,20241231
code,G1002,Cdsm medcurrent,20200101,20241231
code,G1003,Cdsm medicalis,20200101,20241231
code,G1004,Cdsm ndsc,20200101,20241231
code,G1005,Cdsm nia,20200101,20201231
code,G1006,Cdsm test approp,20200101,20201231
code,G1007,Cdsm aim,20200101,20241231
code,G1008,Cdsm cranberry pk,20200101,20241231
code,G1009,Cdsm sage health,20200101,20220331
code,G1010,Cdsm stanson,20200101,20241231
code,G1011,Cdsm qualified nos,20200101,20241231
code,G1012,Cdsm agilemd,20200401,20241231
code,G1013,Cdsm evidencecare,20200401,20241231
code,G1014,Cdsm inveniqa,20200401,20241231
code,G1015,Cdsm reliant,20200401,20241231
code,G1016,Cdsm speed of care,20200401,20241231
code,G1017,Cdsm healthhelp,20200401,20241231
code,G1018,Cdsm infinx,20200401,20241231
code,G1019,Cdsm logicnets,20200401,20241231
code,G1020,Cdsm curbside,20201001,20241231
code,G1021,Cdsm ehealthline,20201001,20241231
code,G1022,Cdsm intermountain,20201001,20241231
code,G1023,Cdsm persivia,20201001,20241231
code,G1024,Cdsm radrite,20220101,20241231
code,G1025,Pt mnth 1 mcp prov,20220101,
code,G1026,Pt hemo > 3mo,20220101,
code,G1027,Pt hemo < 3mo,20220101,
code,G1028,Take home supply 8mg per 0.1,20220101,
code,G2000,Blinded conv. tx mdd clin tr,20180801,
code,G2001,Post d/c h vst new pt 20 m,20190101,
code,G2002,Post-d/c h vst new pt 30 m,20190101,
code,G2003,Post-d/c h vst new pt 45 m,20190101,
code,G2004,Post-d/c h vst new pt 60 m,20190101,
code,G2005,Post-d/c h vst new pt 75 m,20190101,
code,G2006,Post-d/c h vst ext pt 20 m,20190101,
code,G2007,Post-d/c h vst ext pt 30 m,20190101,
code,G2008,Post-d/c h vst ext pt 45 m,20190101,
code,G2009,Post-d/c h vst ext pt 60 m,20190101,
code,G2010,Remot image submit by pt,20190101,
code,G2011,Alcohol/sub misuse assess,20190101,
code,G2012,Brief check in by md/qhp,20190101,20241231
code,G2013,Post-d/c h vst ext pt 75 m,20190101,
code,G2014,Post-d/c care plan overs 30m,20190101,
code,G2015,Post-d/c care plan overs 60m,20190101,
code,G2020,Hi inten serv for sip model,20210401,
code,G2021,Hea care pract tx in place,20200101,
code,G2022,"Benef refuses service, mod",20200101,
code,G2023,Specimen collect covid-19,20200301,20230511
code,G2024,Spec coll snf/lab covid-19,20200301,20230511
code,G2025,Dis site tele svcs rhc/fqhc,20200127,
code,G2058,Ccm add 20min,20200101,20201231
code,G2061,Qual nonmd est pt 5-10m,20200101,20201231
code,G2062,Qual nonmd est pt 11-20m,20200101,20201231
code,G2063,Qual nonmd est pt 21>min,20200101,20201231
code,G2064,Md mang high risk dx 30,20200101,20211231
code,G2065,Clin mang h risk dx 30,20200101,20211231
code,G2066,Inter devc remote 30d,20200101,20231231
code,G2067,Med assist tx meth wk,20200101,
code,G2068,Med assist tx bupre oral,20200101,
code,G2069,Med assist tx inject,20200101,
code,G2070,Med assist tx implant,20200101,20241231
code,G2071,Med tx remove implant,20200101,20241231
code,G2072,Med tx insert/remove imp,20200101,20241231
code,G2073,Med tx naltrexone,20200101,
code,G2074,Med assist tx no drug,20200101,
code,G2075,Med tx meds nos,20200101,
code,G2076,Intake act w/med exam,20200101,
code,G2077,Periodic assessment,20200101,
code,G2078,Take-home meth,20200101,
code,G2079,Take-hom buprenorphine,20200101,
code,G2080,Add 30 mins counsel,20200101,
code,G2081,Pt 66+ snp or ltc pos > 90d,20200101,
code,G2082,Visit esketamine 56m or less,20200101,
code,G2083,"Visit esketamine, > 56m",20200101,
code,G2086,Off base opioid tx 70min,20200101,
code,G2087,"Off base opioid tx, 60 m",20200101,
code,G2088,"Off base opioid tx, add30",20200101,
code,G2089,A1c level 7 to 9%,20200101,20201231
code,G2090,Pt 66+ frailty and med dem,20200101,
code,G2091,Pt 66+ frailty and adv ill,20200101,
code,G2092,Ace arb arni,20200101,
code,G2093,Med doc rsn no ace arn arni,20200101,
code,G2094,Pt rsn no ace arn arni,20200101,
code,G2095,Sys rsn no ace arn arni,20200101,20221231
code,G2096,No rsn ace arb arni,20200101,
code,G2097,Dx uri 3d after other dx,20200101,
code,G2098,Pt 66+ frailty and med dem,20200101,
code,G2099,Pt 66+ frailty and adv ill,20200101,
code,G2100,Pt 66+ frailty and med dem,20200101,
code,G2101,Pt 66+ frailty and adv ill,20200101,
code,G2102,Dil retinal eye exam,20200101,20201231
code,G2103,7 stereo photos interpret,20200101,20201231
code,G2104,Eye img valid w/7 stereo,20200101,20201231
code,G2105,Pt 66+ snp or ltc pos > 90d,20200101,
code,G2106,Pt 66+ frailty and med dem,20200101,
code,G2107,Pt 66+ frailty and adv ill,20200101,
code,G2108,Pt 66+ snp or ltc pos > 90d,20200101,20231231
code,G2109,Pt 66+ frailty and med dem,20200101,20231231
code,G2110,Pt 66+ frailty and adv ill,20200101,20231231
code,G2112,Pred<=5 mg ra glu <6m,20200101,
code,G2113,"Pred>5 mg >6m, no chg da",20200101,
code,G2114,Pt 66-80 frailty and med dem,20200101,20201231
code,G2115,Pt 66-80 frailty and med dem,20200101,
code,G2116,Pt 66-80 frailty and adv ill,20200101,
code,G2117,Pt 66-80 frailty and adv ill,20200101,20201231
code,G2118,Pt 81+ frailty,20200101,
code,G2119,Calc vitd opt,20200101,20201231
code,G2120,No calc vitd opt,20200101,20201231
code,G2121,Psy dep anx ap and icd asse,20200101,
code,G2122,Psy/dep/anx/apandicd noasse,20200101,
code,G2123,Pt 66-80 frailty med dem,20200101,20201231
code,G2124,Pt 66-80 frailty adv ill,20200101,20201231
code,G2125,Pt 81+ frailty,20200101,
code,G2126,Pt 66-80 frailty and adv ill,20200101,
code,G2127,Pt 66-80 frailty and med dem,20200101,
code,G2128,No aspirin med rsn,20200101,
code,G2129,No bp outpt,20200101,
code,G2130,Pt 66+ lt inst > 90,20200101,20201231
code,G2131,Pt 81+ frailty,20200101,20201231
code,G2132,Pt 66-80 frailty and med dem,20200101,20201231
code,G2133,Pt 66-80 frailty and adv ill,20200101,20201231
code,G2134,Pt 66+ frailty and med dem,20200101,20201231
code,G2135,Pt 66+ frailty and adv ill,20200101,20201231
code,G2136,Bk pain vas 6-20wk <= 3,20200101,
code,G2137,Bk pain vas 6-20wk > 3,20200101,
code,G2138,Bk pain vas 9-15mo <= 3,20200101,
code,G2139,Bk pain vas 9-15mo > 3,20200101,
code,G2140,Leg pain vas 6-20wk <= 3,20200101,
code,G2141,Leg pain vas 6-20wk > 3,20200101,
code,G2142,Fs odi 9-15mo postop<= 22,20200101,
code,G2143,Fs odi 9-15mo > 22,20200101,
code,G2144,Fs odi 6-20wk postop <= 22,20200101,
code,G2145,Fsodi 6-20wk >22 or chg 30pt,20200101,
code,G2146,Leg pain vas 9-15mo <= 3,20200101,
code,G2147,Leg pain vas 9-15mo > 3,20200101,
code,G2148,Mpm used,20200101,
code,G2149,No mpm med rsn,20200101,
code,G2150,No mpm,20200101,
code,G2151,Dx degen neuro,20200101,
code,G2152,Res change sc >=0,20200101,
code,G2153,Hosp dur meas pd,20200101,20201231
code,G2154,Td 9 yrs start end meas,20200101,20201231
code,G2155,Hist contraindications,20200101,20201231
code,G2156,No prior td or hx contra,20200101,20201231
code,G2157,Pneum vacc 12 mo 60+,20200101,20201231
code,G2158,Pneum vacc adv rx,20200101,20201231
code,G2159,No pneum vacc 12 mo 60+,20200101,20201231
code,G2160,Herpzos 50+,20200101,20201231
code,G2161,Adv rx zos,20200101,20201231
code,G2162,No herpzos 50+,20200101,20201231
code,G2163,Infl vacc 07/01 to 06/30,20200101,20201231
code,G2164,Adv rx infl vacc,20200101,20201231
code,G2165,No infl vacc 07/01 to 06/30,20200101,20201231
code,G2166,No pt adm dx no neck fs prom,20200101,20201231
code,G2167,Res change sc < 0,20200101,
code,G2168,Svs by pt in home health,20200101,
code,G2169,Svs by ot in home health,20200101,
code,G2170,Avf by tissue w thermal e,20200701,20221231
code,G2171,Avf use magnetic/art/ven,20200701,20221231
code,G2172,Tx for opioid use demo proj,20210401,
code,G2173,Uri w comorb 12m oth dx,20210101,
code,G2174,Uri new rx antibiotic 30d,20210101,
code,G2175,Pt comorb dx 12m of epi,20210101,
code,G2176,Outpt ed obs w inpt admit,20210101,
code,G2177,Bronch w rx antibx 30d,20210101,
code,G2178,Pt not elig low neuro ex,20210101,
code,G2179,Med doc rsn no low ex,20210101,
code,G2180,Inelig footwr eval,20210101,
code,G2181,Bmi not doc medrsn ptref,20210101,
code,G2182,Pt 1st biolog antirheum,20210101,
code,G2183,Doc pt unable comm,20210101,
code,G2184,No caregiver,20210101,
code,G2185,Caregiver dem trained,20210101,
code,G2186,Pt ref app rsrcs,20210101,
code,G2187,Clin ind img hd trauma,20210101,
code,G2188,Pt 50 yrs w/clin ind hd,20210101,
code,G2189,Img hd abnml neuro exam,20210101,
code,G2190,Ind img hd rad neck,20210101,
code,G2191,Ind img hd pos hd ache,20210101,
code,G2192,>55 yrs temp hd ache,20210101,
code,G2193,<6yr new onset hd ache,20210101,
code,G2194,New hdache ped pt dis,20210101,
code,G2195,Occip hdache child,20210101,
code,G2196,Screen unhlthy etoh use,20210101,
code,G2197,Screen hlthy etoh use,20210101,
code,G2198,Med rsn no unhlthy etoh,20210101,20221231
code,G2199,Not scrn etoh no rsn,20210101,
code,G2200,Unhlthy etoh rcvd couns,20210101,
code,G2201,Med rsn no brief couns,20210101,20221231
code,G2202,No rsn no brief couns,20210101,
code,G2203,Med rsn no etoh couns,20210101,20221231
code,G2204,Pt 45-85 w/ scope,20210101,
code,G2205,Preg drng adjv trtmt,20210101,
code,G2206,Adjv trtmt chemo her2,20210101,
code,G2207,Rsn no trtmt chem her2,20210101,
code,G2208,No trtmt chemo and her2,20210101,
code,G2209,Refused to participate,20210101,
code,G2210,No neck fs prom no rsn,20210101,
code,G2211,Complex e/m visit add on,20210101,
code,G2212,Prolong outpt/office vis,20210101,
code,G2213,Initiat med assist tx in er,20210101,
code,G2214,Init/sub psych care m 1st 30,20210101,
code,G2215,Home supply nasal naloxone,20210101,
code,G2216,Home supply inject naloxon,20210101,
code,G2250,"Remot img sub by pt, non e/m",20210101,
code,G2251,"Brief chkin, 5-10, non-e/m",20210101,
code,G2252,"Brief chkin by md/qhp, 11-20",20210101,
code,G3001,"Admin + supply, tositumomab",20030701,20161231
code,G3002,Chronic pain mgmt 30 mins,20230101,
code,G3003,Chronic pain mgmt addl 15m,20230101,
code,G4000,Dermatology ss,20220101,
code,G4001,Diagnostic rad ss,20220101,
code,G4002,Ep cardio ss,20220101,
code,G4003,Emergency med ss,20220101,
code,G4004,Endocrinology ss,20220101,
code,G4005,Family medicine ss,20220101,
code,G4006,Gastroenterology ss,20220101,
code,G4007,General surgery ss,20220101,
code,G4008,Geriatrics ss,20220101,
code,G4009,Hospitalists ss,20220101,
code,G4010,Infectious disease ss,20220101,
code,G4011,Internal medicine ss,20220101,
code,G4012,Interventional rad ss,20220101,
code,G4013,Mntal/behav/psych hlth ss,20220101,
code,G4014,Nephrology ss,20220101,
code,G4015,Neurology ss,20220101,
code,G4016,Neurosurgical ss,20220101,
code,G4017,Nutrition/dietician ss,20220101,
code,G4018,Ob/gyn ss,20220101,
code,G4019,Oncology/hema ss,20220101,
code,G4020,Ophthalmology/optometry ss,20220101,
code,G4021,Orthopedic surgery ss,20220101,
code,G4022,Otolaryngology ss,20220101,
code,G4023,Pathology ss,20220101,
code,G4024,Pediatrics ss,20220101,
code,G4025,Physical medicine ss,20220101,
code,G4026,Phys/occ therapy ss,20220101,
code,G4027,Plastic surgery ss,20220101,
code,G4028,Podiatry ss,20220101,
code,G4029,Preventive medicine ss,20220101,
code,G4030,Pulmonology ss,20220101,
code,G4031,Radiation oncology ss,20220101,
code,G4032,Rheumatology ss,20220101,
code,G4033,Skilled nursing facility ss,20220101,
code,G4034,Speech language path ss,20220101,
code,G4035,Thoracic surgery ss,20220101,
code,G4036,Urgent care ss,20220101,
code,G4037,Urology ss,20220101,
code,G4038,Vascular surgery ss,20220101,
code,G6001,Echo guidance radiotherapy,20150101,20251231
code,G6002,Stereoscopic x-ray guidance,20150101,20251231
code,G6003,Radiation treatment delivery,20150101,20251231
code,G6004,Radiation treatment delivery,20150101,20251231
code,G6005,Radiation treatment delivery,20150101,20251231
code,G6006,Radiation treatment delivery,20150101,20251231
code,G6007,Radiation treatment delivery,20150101,20251231
code,G6008,Radiation treatment delivery,20150101,20251231
code,G6009,Radiation treatment delivery,20150101,20251231
code,G6010,Radiation treatment delivery,20150101,20251231
code,G6011,Radiation treatment delivery,20150101,20251231
code,G6012,Radiation treatment delivery,20150101,20251231
code,G6013,Radiation treatment delivery,20150101,20251231
code,G6014,Radiation treatment delivery,20150101,20251231
code,G6015,Radiation tx delivery imrt,20150101,20251231
code,G6016,Delivery comp imrt,20150101,20251231
code,G6017,Intrafraction track motion,20150101,20251231
code,G6018,Ileoscopy w/stent,20150101,20151231
code,G6019,Colonoscopy lesion removal,20150101,20151231
code,G6020,Colonoscopy w/stent,20150101,20151231
code,G6021,Unlisted px small intestine,20150101,20151231
code,G6022,Sigmoidoscopy w/ablate tumr,20150101,20151231
code,G6023,Sigmoidoscopy w/stent,20150101,20151231
code,G6024,Lesion removal colonoscopy,20150101,20151231
code,G6025,Colonoscopy w/stent,20150101,20151231
code,G6027,Anoscopy hra w/spec collect,20150101,20151231
code,G6028,Anoscopy hra w/biopsy,20150101,20151231
code,G6030,Assay of amitriptyline,20150101,20151231
code,G6031,Assay of benzodiazepines,20150101,20151231
code,G6032,Assay of desipramine,20150101,20151231
code,G6034,Assay of doxepin,20150101,20151231
code,G6035,Assay of gold,20150101,20151231
code,G6036,Assay of imipramine,20150101,20151231
code,G6037,Assay of nortiptyline,20150101,20151231
code,G6038,Assay of salicylate,20150101,20151231
code,G6039,Assay of acetaminophen,20150101,20151231
code,G6040,Assay of ethanol,20150101,20151231
code,G6041,Assay of urine alkaloids,20150101,20151231
code,G6042,Assay of amphetamines,20150101,20151231
code,G6043,Assay of barbiturates,20150101,20151231
code,G6044,Assay of cocaine,20150101,20151231
code,G6045,Assay of dihydrocodeinone,20150101,20151231
code,G6046,Assay of dihydromorphinone,20150101,20151231
code,G6047,Assay of dihydrotestosterone,20150101,20151231
code,G6048,Assay of dimethadione,20150101,20151231
code,G6049,Asssay of epiandrosterone,20150101,20151231
code,G6050,Assay of ethchlorvynol,20150101,20151231
code,G6051,Assay of flurazepam,20150101,20151231
code,G6052,Assay of meprobamate,20150101,20151231
code,G6053,Assay of methadone,20150101,20151231
code,G6054,Assay of methsuximide,20150101,20151231
code,G6055,Assay of nicotine,20150101,20151231
code,G6056,Assay of opiates,20150101,20151231
code,G6057,Assay of phenothiazine,20150101,20151231
code,G6058,Drug confirmation,20150101,20151231
code,G8126,Pt treat w/antidepress12wks,20060101,20141231
code,G8127,Pt not treat w/antidepres12w,20060101,20141231
code,G8128,Pt inelig for antidepres med,20060101,20141231
code,G8395,Lvef>=40% doc normal or mild,20080101,
code,G8396,Lvef not performed,20080101,
code,G8397,Dil macula/fundus exam/w doc,20080101,
code,G8398,Dil macular/fundus not perfo,20080101,20201231
code,G8399,Pt w/dxa results document,20080101,
code,G8400,Pt w/dxa no results doc,20080101,
code,G8401,Pt inelig osteo screen measu,20080101,20161231
code,G8404,Low extemity neur exam docum,20080101,
code,G8405,Low extemity neur not perfor,20080101,
code,G8406,Pt inelig lower extrem neuro,20080101,20141231
code,G8410,Eval on foot documented,20080101,
code,G8415,Eval on foot not performed,20080101,
code,G8416,Pt inelig footwear evaluatio,20080101,
code,G8417,Calc bmi abv up param f/u,20080101,
code,G8418,Calc bmi blw low param f/u,20080101,
code,G8419,Calc bmi out nrm param nof/u,20080101,
code,G8420,Calc bmi norm parameters,20080101,
code,G8421,Bmi not calculated,20080101,
code,G8422,Pt inelig bmi calculation,20080101,20211231
code,G8427,Docrev cur meds by elig clin,20080101,
code,G8428,Cur meds not document,20080101,
code,G8430,Doc med rsn no medrec,20080101,
code,G8431,Pos clin depres scrn f/u doc,20080101,
code,G8432,"Dep scr not doc, rng",20080101,
code,G8433,Scr for dep not cpt doc rsn,20080101,
code,G8442,"Doc pain as nt perf, not elg",20080101,20201231
code,G8450,Beta-bloc rx pt w/abn lvef,20080101,
code,G8451,Pt w/abn lvef inelig b-bloc,20080101,
code,G8452,Pt w/abn lvef b-bloc no rx,20080101,
code,G8458,Pt inelig geno no antvir tx,20080101,20161231
code,G8460,Pt inelig rna no antvir tx,20080101,20161231
code,G8461,Pt rec antivir treat hep c,20080101,20161231
code,G8464,Pt inelig; lo to no dter rsk,20080101,20141231
code,G8465,High risk recurrence pro ca,20080101,
code,G8473,Ace/arb thxpy rx'd,20080101,
code,G8474,Ace/arb not rx'd; doc reas,20080101,
code,G8475,Ace/arb thxpy not rx'd,20080101,
code,G8476,Bp sys <140 and dias <90,20080101,
code,G8477,Bp sys>=140 and/or dias >=90,20080101,
code,G8478,Bp not performed/doc,20080101,
code,G8482,Flu immunize order/admin,20080101,20241231
code,G8483,Flu imm no admin doc rea,20080101,20241231
code,G8484,Flu immunize no admin,20080101,20241231
code,G8485,"Report, diabetes measures",20080701,20161231
code,G8486,"Report, prev care measures",20080701,20161231
code,G8487,Report ckd measures,20080701,20161231
code,G8489,Cad measures grp,20090101,20161231
code,G8490,Ra measures grp,20090101,20161231
code,G8491,Hiv/aids measures grp,20090101,20161231
code,G8492,Periop care measures grp,20090101,20141231
code,G8493,Back pain measures grp,20090101,20141231
code,G8494,Dm meas qual act perform,20090101,20161231
code,G8495,Ckd meas qual act perform,20090101,20161231
code,G8496,Prev care mg qual act perfrm,20090101,20161231
code,G8497,Cabg meas qual act perform,20090101,20161231
code,G8498,Cad meas qual act perform,20090101,20161231
code,G8499,Ra meas qual act perform,20090101,20161231
code,G8500,Hiv meas qual act perform,20090101,20161231
code,G8501,Perio meas qual act perform,20090101,20141231
code,G8502,Back pain mg qual act perfrm,20090101,20141231
code,G8506,Pt rec ace/arb,20090101,20231231
code,G8509,Pos pain assess no f/u doc,20090101,20201231
code,G8510,"Scr dep neg, no plan reqd",20090101,
code,G8511,"Scr dep pos, no plan doc rng",20090101,
code,G8530,Auto av fistula recd,20090101,20151231
code,G8531,Pt inelig; auto av fistula,20090101,20151231
code,G8532,No auto av fistula; no reas,20090101,20151231
code,G8535,Eld maltreatment not doc,20090101,
code,G8536,No doc elder mal scrn,20090101,
code,G8539,Doc funct and care plan,20090101,
code,G8540,Foa not doc as being perf,20090101,
code,G8541,No doc cur funct assess,20090101,
code,G8542,Doc funct no deficiencies,20090101,
code,G8543,Cur funct asses; no care pln,20090101,
code,G8544,Cabg measures grp,20090101,20161231
code,G8545,Hepc measures grp,20100101,20161231
code,G8547,Ivd measures grp,20100101,20141231
code,G8548,Hf measures grp,20100101,20161231
code,G8549,Hepc mg qual act perform,20100101,20161231
code,G8551,Hf mg qual act perform,20100101,20161231
code,G8552,Ivd mg qual act perform,20100101,20141231
code,G8559,Pt ref doc oto eval,20100101,
code,G8560,Pt hx act drain prev 90 days,20100101,
code,G8561,Pt inelig for ref oto eval,20100101,
code,G8562,Pt no hx act drain 90 d,20100101,
code,G8563,Pt no ref oto reas no spec,20100101,
code,G8564,Pt ref oto eval,20100101,
code,G8565,Ver doc hear loss,20100101,
code,G8566,Pt inelig ref oto eval,20100101,
code,G8567,Pt no doc hear loss,20100101,
code,G8568,Pt no ref otolo no spec,20100101,
code,G8569,Prol intubation req,20100101,
code,G8570,No prol intub req,20100101,
code,G8571,Ster wd ifx 30 d postop,20100101,20201231
code,G8572,No ster wd ifx,20100101,20201231
code,G8573,Stk cabg,20100101,20201231
code,G8574,No strk cabg,20100101,20201231
code,G8575,Postop ren fail,20100101,
code,G8576,No postop ren fail,20100101,
code,G8577,Reop req bld grft oth,20100101,
code,G8578,No reop req bld grft oth,20100101,
code,G8579,Antplt med disch,20100101,20141231
code,G8580,Antplt med contraind,20100101,20141231
code,G8581,No antplt med disch,20100101,20141231
code,G8582,Bblock disch,20100101,20141231
code,G8583,Bblock contraind,20100101,20141231
code,G8584,No bblock disch,20100101,20141231
code,G8585,Antilipid treat disch,20100101,20141231
code,G8586,Antlip disch contra,20100101,20141231
code,G8587,No antlipid treat disch,20100101,20141231
code,G8593,Lipid pn results,20100101,20141231
code,G8594,No lipid prof perf,20100101,20141231
code,G8595,Ldl < 100,20100101,20141231
code,G8597,Ldl >= 100,20100101,20141231
code,G8598,Asa/antiplat ther used,20100101,
code,G8599,No asa/antiplat ther use rng,20100101,
code,G8600,Tpa initi w/in 4.5 hr,20100101,
code,G8601,No elig tpa init w/in 4.5 hr,20100101,
code,G8602,No tpa init w/in 4.5 hr,20100101,
code,G8627,Surg proc w/in 30 days,20100101,20201231
code,G8628,No surg proc w/in 30 days,20100101,20201231
code,G8629,Doc antibio order b/4 surg,20110101,20141231
code,G8630,Doc antibio given b/4 surg,20110101,20141231
code,G8631,Pt no elg 4 order antbi give,20110101,20141231
code,G8632,Doc no antibi order b/4 surg,20110101,20141231
code,G8633,Pharm ther osteo rx,20110101,
code,G8634,Pt no elg phar ther osteo,20110101,20161231
code,G8635,No pharm ther osteo rx,20110101,
code,G8645,Asthma measures grp,20110101,20161231
code,G8646,Asthma mg qual act perform,20110101,20161231
code,G8647,Rafscrs ki scor >= 0,20110101,
code,G8648,Rafscrs ki scor < 0,20110101,
code,G8649,Rafscrs ki no scor,20110101,20191231
code,G8650,Rafs crs ki no scor no rsn,20110101,
code,G8651,Rafscrs hi scor >=0,20110101,
code,G8652,Rafscrs hi scor < 0,20110101,
code,G8653,Rafscrs hi no scor,20110101,20191231
code,G8654,Rafs crs hi no scor no surv,20110101,
code,G8655,Rafscrs llfai scor >= 0,20110101,
code,G8656,Rafscrs llfai scor < 0,20110101,
code,G8657,Rafscrs llfai no scor,20110101,20191231
code,G8658,Rafscrs llfai no scor + surv,20110101,
code,G8659,Rafscrs lbi scor >= 0,20110101,
code,G8660,Rafscrs lbi scor < 0,20110101,
code,G8661,Rafscrs lbi no scor,20110101,
code,G8662,Rafs crs lbi no scor no surv,20110101,
code,G8663,Rafscrs si scor >= 0,20110101,
code,G8664,Rafscrs si scor < 0,20110101,
code,G8665,Rafscrs si no scor,20110101,20191231
code,G8666,Rafs crs si no scor no surv,20110101,
code,G8667,Rafscrs ewh scor >= 0,20110101,
code,G8668,Rafscrs ewh scor < 0,20110101,
code,G8669,Rafscrs,20110101,20191231
code,G8670,Rafs crs ewh no scor no surv,20110101,
code,G8671,Rafscrs goi scor >= 0,20110101,20201231
code,G8672,Rafscrs goi scor < 0,20110101,20201231
code,G8673,Rafscrs goi no scor,20110101,20191231
code,G8674,"Rafscrs neck, no msr/no foto",20110101,20201231
code,G8682,Lvg test perf,20110101,20141231
code,G8683,Pt not elig for lvf test,20110101,20141231
code,G8685,Lvf test not perf,20110101,20141231
code,G8694,Lvef <=40%,20120101,
code,G8696,Antithromb thx presc,20120101,20171231
code,G8697,Antithromb no presc doc reas,20120101,20171231
code,G8698,Antithromb no presc no reas,20120101,20171231
code,G8699,Rehab ordered disch,20120101,20141231
code,G8700,Rehab not indicated disch,20120101,20141231
code,G8701,Rehab not ordered,20120101,20141231
code,G8702,Antiobiotics 4 hr prior surg,20120101,20141231
code,G8703,Antibiotics not prior surg,20120101,20141231
code,G8704,Ecg performed,20120101,20141231
code,G8705,Med reas no ecg,20120101,20141231
code,G8706,Pt reas no ecg,20120101,20141231
code,G8707,Ecg not performed,20120101,20141231
code,G8708,Antibiotic not pres,20120101,
code,G8709,Uri ep compete diag,20120101,
code,G8710,Pt pres antibiotic,20120101,
code,G8711,Pres antibx on/within 3 day,20120101,
code,G8712,Not pres antibiotic,20120101,
code,G8713,Spkt/v great 1.2 kt/v,20120101,20151231
code,G8714,Hemodialysis 3 times week,20120101,20151231
code,G8717,Less 1.2 kt/v,20120101,20151231
code,G8718,Great 1.7 kt/v per week,20120101,20151231
code,G8720,Less 1.7 kt/v per week,20120101,20151231
code,G8721,"Pt, pn, hist grade doc",20120101,
code,G8722,"Med reas pt, pn, not doc",20120101,
code,G8723,Spec sit not prim tumor,20120101,
code,G8724,"Pt, pn, hist grade not doc",20120101,
code,G8725,Lipid profile perf doc,20120101,20161231
code,G8726,Doc reas no lipid profile,20120101,20161231
code,G8728,Lipid profile not perf,20120101,20161231
code,G8730,Pain doc pos and plan,20120101,20201231
code,G8731,Pain neg no plan,20120101,20201231
code,G8732,No doc of pain,20120101,20201231
code,G8733,Doc pos elder mal scrn plan,20120101,
code,G8734,Doc neg eld req,20120101,
code,G8735,Eld mal scrn pos no plan,20120101,
code,G8736,Ldl-c <100mg/dl,20120101,20141231
code,G8737,Ldl-c >=100mg/dl,20120101,20141231
code,G8738,Lvef < 40%,20120101,20141231
code,G8739,Lvef >= 40%,20120101,20141231
code,G8740,Lvef not perfrmd,20120101,20141231
code,G8749,No signs melanoma,20120101,
code,G8751,Smkg status not assess,20120101,20141231
code,G8752,Sys bp less 140,20120101,
code,G8753,Sys bp > or = 140,20120101,
code,G8754,Dias bp less 90,20120101,
code,G8755,Dias bp > or = 90,20120101,
code,G8756,No bp measure doc,20120101,
code,G8757,Copd mg qual act perform,20120101,20161231
code,G8758,Ibd mg qual act perform,20120101,20161231
code,G8759,Osa mg qual act perform,20120101,20161231
code,G8761,Dementia mg qual act perform,20120101,20161231
code,G8762,Pd mg qual act perform,20120101,20161231
code,G8763,Hyperten mg qual act perform,20120101,20141231
code,G8764,Car prev mg qual act perform,20120101,20141231
code,G8765,Cataract mg qual act perform,20120101,20161231
code,G8767,Lipid panel res doc rev,20120101,20141231
code,G8768,Doc med reas no lipid profle,20120101,20141231
code,G8769,Lipid profile not perform,20120101,20141231
code,G8770,Urine protein test doc rev,20120101,20141231
code,G8771,Doc dx ckd,20120101,20141231
code,G8772,Doc med reas no urine protn,20120101,20141231
code,G8773,No urine protein test,20120101,20141231
code,G8774,Serum creatinine doc rev,20120101,20141231
code,G8775,Doc med reas no serum crtn,20120101,20141231
code,G8776,No serum creatinine test,20120101,20141231
code,G8777,Diabetes screen,20120101,20141231
code,G8778,Doc med reas no diabete scrn,20120101,20141231
code,G8779,No diabetes screen,20120101,20141231
code,G8780,Counsel diet phys activity,20120101,20141231
code,G8781,Doc med reas no counsel diet,20120101,20141231
code,G8782,No counsel diet phys act,20120101,20141231
code,G8783,Bp scrn perf rec interval,20120101,
code,G8784,Pt no elig for bp assess,20120101,20161231
code,G8785,Bp scrn no perf at interval,20120101,
code,G8797,Specimen site not esophagus,20120101,
code,G8798,Specimen site not prostate,20120101,
code,G8806,Perf ultrsnd to lct preg doc,20120101,
code,G8807,No ta tv ultrasnd,20120101,
code,G8808,"Ultrasound not perf, rng",20120101,
code,G8809,Rh-immunoglobulin order,20120101,20201231
code,G8810,Doc reas no rh-immuno,20120101,20201231
code,G8811,No rh-immunoglobulin order,20120101,20201231
code,G8815,Doc reas no statin therapy,20120101,
code,G8816,Statin med pres at disch,20120101,
code,G8817,Doc reas no statin med disch,20120101,
code,G8818,Pt disch to home by day#7,20120101,20231231
code,G8825,Pt not disch to home day#7,20120101,20231231
code,G8826,Pt disch home day #2 evar,20120101,
code,G8833,Pt not disch home day#2 evar,20120101,
code,G8834,Pt disch home day #2 cea,20120101,
code,G8838,Not disch home by day #2,20120101,
code,G8839,Sleep apnea assess,20120101,
code,G8840,Doc reas no sleep apnea,20120101,
code,G8841,No sleep apnea assess,20120101,
code,G8842,Ahi rdi rei doc win 2mo,20120101,
code,G8843,Doc reas no ahi rdi rei,20120101,
code,G8844,No ahi rdi rei ini dx no rsn,20120101,
code,G8845,Pos airway press prescribed,20120101,
code,G8846,Mod or severe osa,20120101,
code,G8848,Mild osa,20120101,20161231
code,G8849,Doc reas no pos air press,20120101,
code,G8850,No pap prescribed,20120101,
code,G8851,Adhere tx assess at lst ann,20120101,
code,G8852,Pos air press prescribe,20120101,20231231
code,G8853,Pos air press not prescribe,20120101,20161231
code,G8854,Reas no adhere therapy,20120101,
code,G8855,Ther not assessed annually,20120101,
code,G8856,Ref for oto eval,20120101,
code,G8857,No elig ref for oto eval,20120101,
code,G8858,Not ref for oto eval,20120101,
code,G8859,Corticosteroids 10mg 60 days,20120101,20141231
code,G8860,Corticosteroid 10 mg 60 days,20120101,20141231
code,G8861,Dxa ordered for osteo,20120101,20191231
code,G8862,No corticostrd 10mg 60 days,20120101,20141231
code,G8863,No assess bone loss,20120101,
code,G8864,Pneumococcal vaccine admin,20120101,
code,G8865,Doc med reas no pneumococcal,20120101,
code,G8866,Doc pt reas no pneumococcal,20120101,
code,G8867,No pneumococcal admin,20120101,
code,G8868,1st course antitnf,20120101,20161231
code,G8869,Doc immune hep b antitnf,20120101,
code,G8870,Hepb admin 1st antitnf,20120101,20151231
code,G8871,No 1st antitnf,20120101,20151231
code,G8872,Intraop image confirm excise,20120101,20201231
code,G8873,Specimen not intraop image,20120101,20201231
code,G8874,Tissue not image intraop,20120101,20201231
code,G8875,Breast cancer dx min invsive,20120101,
code,G8876,Doc reas no min inv dx,20120101,
code,G8877,No brst cncr dx min invasive,20120101,
code,G8878,Sent lymph node biopsy,20120101,
code,G8879,Node neg inv brst cncr,20120101,20171231
code,G8880,Sen lym p node biop not perf,20120101,
code,G8881,Brst cncr stage > t1n0m0,20120101,
code,G8882,No sent lymph node biopsy,20120101,
code,G8883,"Rev, comm, track, doc biopsy",20120101,20231231
code,G8884,Doc reas biopsy not review,20120101,20231231
code,G8885,"No rev, comm, track biopsy",20120101,20231231
code,G8886,Bp under control,20120101,20141231
code,G8887,Doc med reas bp not control,20120101,20141231
code,G8888,Bp not under control,20120101,20141231
code,G8889,No doc bp,20120101,20141231
code,G8890,Ldl-c under control,20120101,20141231
code,G8891,Doc med reas no ldl-c contrl,20120101,20141231
code,G8892,Doc med reas no ldl-c test,20120101,20141231
code,G8893,Ldl-c not under control,20120101,20141231
code,G8894,Ldl-c not performed,20120101,20141231
code,G8895,Antrom prescribe,20120101,20141231
code,G8896,Doc med reas no antihtrom,20120101,20141231
code,G8897,Antithrom not prescribe,20120101,20141231
code,G8898,Copd measures group,20120101,20161231
code,G8899,Inflammatory bowel dis mg,20120101,20161231
code,G8900,Obstructive sleep apnea mg,20120101,20161231
code,G8902,Dementia measures group,20120101,20161231
code,G8903,Parkinson's disease mg,20120101,20161231
code,G8904,Hypertension mg,20120101,20141231
code,G8905,Cardiovascular prevention mg,20120101,20141231
code,G8906,Cataract measures group,20120101,20161231
code,G8907,Pt doc no events on discharg,20120401,
code,G8908,Pt doc w burn prior to d/c,20120401,
code,G8909,Pt doc no burn prior to d/c,20120401,
code,G8910,Pt doc to have fall in asc,20120401,
code,G8911,Pt doc no fall in asc,20120401,
code,G8912,Pt doc with wrong event,20120401,
code,G8913,Pt doc no wrong event,20120401,
code,G8914,Pt trans to hosp post d/c,20120401,
code,G8915,Pt not trans to hosp at d/c,20120401,
code,G8916,Pt w iv ab given on time,20120401,
code,G8917,Pt w iv ab not given on time,20120401,
code,G8918,Pt w/o preop order iv ab pro,20120401,
code,G8923,Lvef <= 40% or lvsd,20130101,
code,G8924,Spir res doc fev1/fvc<70%,20130101,
code,G8925,Spir fev1/fvc>=60% & no copd,20130101,20211231
code,G8926,Spiro no perf or doc,20130101,20211231
code,G8927,Adj chem pres ajcc iii,20130101,20161231
code,G8928,Adj chem not pres rsn spec,20130101,20161231
code,G8929,Adj cmo not pres rsn not gvn,20130101,20161231
code,G8930,Assess of dep @ initial eval,20130101,20141231
code,G8931,Asses of dep not documented,20130101,20141231
code,G8932,Suicd rsk assessed init eval,20130101,20141231
code,G8933,Suicide risk not assessed,20130101,20141231
code,G8934,Lvef <=40% or dep lv sys fcn,20130101,
code,G8935,Rx ace or arb therapy,20130101,
code,G8936,Pt not eligible ace/arb,20130101,
code,G8937,No rx ace/arb therapy,20130101,
code,G8938,Bmi doc onl fup nt doc,20130101,20211231
code,G8939,"Pain as doc positive, no f/u",20130101,20201231
code,G8940,"Scr dep pos, no plan done",20130101,20161231
code,G8941,Eld maltreatment doc as pos,20130101,20231231
code,G8942,Doc fcn/care plan w/30 days,20130101,
code,G8943,Ldlc not pres w/i 12 mo prir,20130101,20141231
code,G8944,Ajcc mel cnr stg 0 - iic,20130101,
code,G8946,Mibm but no dx of breast ca,20130101,
code,G8947,1 or more neuropsych,20130101,20171231
code,G8948,No neuropsych symptoms,20130101,20161231
code,G8949,Doc pt reas on counsel diet,20130101,20141231
code,G8950,"Pre-htn or htn doc, f/u indc",20130101,
code,G8951,"Pre-htn/htn doc, no pt f/u",20130101,20151231
code,G8952,"Pre-htn/htn, no f/u, not gvn",20130101,
code,G8953,Oncology mg qual act perform,20130101,20161231
code,G8955,Most recent assess vol mgmt,20130101,
code,G8956,Pt rcv hedia outpt dyls fac,20130101,
code,G8957,Pt no hedia in outpt fac,20130101,20141231
code,G8958,Assess vol mgmt not doc,20130101,
code,G8959,Clin tx mdd comm to tx clin,20130101,20201231
code,G8960,Clin tx mdd not comm,20130101,20201231
code,G8961,Csit lowrisk surg pts preop,20130101,
code,G8962,Csit on pt any reas 30 days,20130101,
code,G8963,Csi per asx pt w/pci 2 yrs,20130101,20231231
code,G8964,Csi any other than pci 2 yr,20130101,20231231
code,G8965,Csit perf on low chd rsk,20130101,20241231
code,G8966,Csit perf sx or high chd rsk,20130101,20241231
code,G8967,Warf or other fda drug presc,20130101,
code,G8968,Doc med not presb,20130101,
code,G8969,Doc pt rsn no presc warf/fda,20130101,
code,G8970,No rsk fac or 1 mod risk te,20130101,
code,G8971,Warfrn or othr antcog no rx,20130101,20171231
code,G8972,1>=risk or>= mod risk for te,20130101,20171231
code,G8973,Mst rcnt hbb < 10g/dl,20130101,20201231
code,G8974,Hgb not doc rns not gvn,20130101,20201231
code,G8975,"Hgb <10g/dl, med rsn",20130101,20201231
code,G8976,Hgb >= 10 g/dl,20130101,20201231
code,G8977,Oncology measures grp,20130101,20161231
code,G8978,Mobility current status,20130101,20191231
code,G8979,Mobility goal status,20130101,20191231
code,G8980,Mobility d/c status,20130101,20191231
code,G8981,Body pos current status,20130101,20191231
code,G8982,Body pos goal status,20130101,20191231
code,G8983,Body pos d/c status,20130101,20191231
code,G8984,Carry current status,20130101,20191231
code,G8985,Carry goal status,20130101,20191231
code,G8986,Carry d/c status,20130101,20191231
code,G8987,Self care current status,20130101,20191231
code,G8988,Self care goal status,20130101,20191231
code,G8989,Self care d/c status,20130101,20191231
code,G8990,Other pt/ot current status,20130101,20191231
code,G8991,Other pt/ot goal status,20130101,20191231
code,G8992,Other pt/ot  d/c status,20130101,20191231
code,G8993,Sub pt/ot current status,20130101,20191231
code,G8994,Sub pt/ot goal status,20130101,20191231
code,G8995,Sub pt/ot d/c status,20130101,20191231
code,G8996,Swallow current status,20130101,20191231
code,G8997,Swallow goal status,20130101,20191231
code,G8998,Swallow d/c status,20130101,20191231
code,G8999,Motor speech current status,20130101,20191231
code,G9001,"Mccd, initial rate",20001001,
code,G9002,"Mccd,maintenance rate",20001001,
code,G9003,"Mccd, risk adj hi, initial",20001001,
code,G9004,"Mccd, risk adj lo, initial",20001001,
code,G9005,"Mccd, risk adj, maintenance",20001001,
code,G9006,"Mccd, home monitoring",20001001,
code,G9007,"Mccd, sch team conf",20001001,
code,G9008,"Mccd,phys coor-care ovrsght",20001001,
code,G9009,"Mccd, risk adj, level 3",20011001,
code,G9010,"Mccd, risk adj, level 4",20011001,
code,G9011,"Mccd, risk adj, level 5",20011001,
code,G9012,Other specified case mgmt,20011001,
code,G9013,Esrd demo bundle level i,20040701,
code,G9014,Esrd demo bundle-level ii,20040701,
code,G9016,Demo-smoking cessation coun,20010101,
code,G9017,Amantadine hcl 100mg oral,20041201,20191231
code,G9018,"Zanamivir,inhalation pwd 10m",20041201,20191231
code,G9019,Oseltamivir phosphate 75mg,20041201,20191231
code,G9020,Rimantadine hcl 100mg oral,20041201,20191231
code,G9033,Amantadine hcl oral brand,20041201,20191231
code,G9034,"Zanamivir, inh pwdr, brand",20041201,20191231
code,G9035,"Oseltamivir phosp, brand",20041201,20191231
code,G9036,"Rimantadine hcl, brand",20041201,20191231
code,G9037,Intrpro req fr rec phys/qhcp,20240701,20250630
code,G9038,Co-management services,20240701,20250630
code,G9050,Oncology work-up evaluation,20060101,
code,G9051,Oncology tx decision-mgmt,20060101,
code,G9052,Onc surveillance for disease,20060101,
code,G9053,Onc expectant management pt,20060101,
code,G9054,Onc supervision palliative,20060101,
code,G9055,Onc visit unspecified nos,20060101,
code,G9056,Onc prac mgmt adheres guide,20060101,
code,G9057,Onc pract mgmt differs trial,20060101,
code,G9058,Onc prac mgmt disagree w/gui,20060101,
code,G9059,Onc prac mgmt pt opt alterna,20060101,
code,G9060,Onc prac mgmt dif pt comorb,20060101,
code,G9061,Onc prac cond noadd by guide,20060101,
code,G9062,Onc prac guide differs nos,20060101,
code,G9063,Onc dx nsclc stgi no progres,20060101,
code,G9064,Onc dx nsclc stg2 no progres,20060101,
code,G9065,Onc dx nsclc stg3a no progre,20060101,
code,G9066,Onc dx nsclc stg3b-4 metasta,20060101,
code,G9067,Onc dx nsclc dx unknown nos,20060101,
code,G9068,Onc dx sclc/nsclc limited,20060101,
code,G9069,Onc dx sclc/nsclc ext at dx,20060101,
code,G9070,Onc dx sclc/nsclc ext unknwn,20060101,
code,G9071,"Onc dx brst stg1-2b hr,nopro",20060101,
code,G9072,Onc dx brst stg1-2 noprogres,20060101,
code,G9073,"Onc dx brst stg3-hr, no pro",20060101,
code,G9074,Onc dx brst stg3-noprogress,20060101,
code,G9075,Onc dx brst metastic/ recur,20060101,
code,G9077,Onc dx prostate t1no progres,20060101,
code,G9078,Onc dx prostate t2no progres,20060101,
code,G9079,Onc dx prostate t3b-t4noprog,20060101,
code,G9080,Onc dx prostate w/rise psa,20060101,
code,G9083,Onc dx prostate unknwn nos,20060101,
code,G9084,"Onc dx colon t1-3,n1-2,no pr",20060101,
code,G9085,"Onc dx colon t4, n0 w/o prog",20060101,
code,G9086,Onc dx colon t1-4 no dx prog,20060101,
code,G9087,Onc dx colon metas evid dx,20060101,
code,G9088,Onc dx colon metas noevid dx,20060101,
code,G9089,Onc dx colon extent unknown,20060101,
code,G9090,Onc dx rectal t1-2 no progr,20060101,
code,G9091,Onc dx rectal t3 n0 no prog,20060101,
code,G9092,"Onc dx rectal t1-3,n1-2noprg",20060101,
code,G9093,"Onc dx rectal t4,n,m0 no prg",20060101,
code,G9094,Onc dx rectal m1 w/mets prog,20060101,
code,G9095,Onc dx rectal extent unknwn,20060101,
code,G9096,Onc dx esophag t1-t3 noprog,20060101,
code,G9097,Onc dx esophageal t4 no prog,20060101,
code,G9098,Onc dx esophageal mets recur,20060101,
code,G9099,Onc dx esophageal unknown,20060101,
code,G9100,Onc dx gastric no recurrence,20060101,
code,G9101,Onc dx gastric p r1-r2noprog,20060101,
code,G9102,Onc dx gastric unresectable,20060101,
code,G9103,Onc dx gastric recurrent,20060101,
code,G9104,Onc dx gastric unknown nos,20060101,
code,G9105,Onc dx pancreatc p r0 res no,20060101,
code,G9106,Onc dx pancreatc p r1/r2 no,20060101,
code,G9107,Onc dx pancreatic unresectab,20060101,
code,G9108,Onc dx pancreatic unknwn nos,20060101,
code,G9109,Onc dx head/neck t1-t2no prg,20060101,
code,G9110,Onc dx head/neck t3-4 noprog,20060101,
code,G9111,Onc dx head/neck m1 mets rec,20060101,
code,G9112,Onc dx head/neck ext unknown,20060101,
code,G9113,Onc dx ovarian stg1a-b no pr,20060101,
code,G9114,Onc dx ovarian stg1a-b or 2,20060101,
code,G9115,Onc dx ovarian stg3/4 noprog,20060101,
code,G9116,Onc dx ovarian recurrence,20060101,
code,G9117,Onc dx ovarian unknown nos,20060101,
code,G9123,Onc dx cml chronic phase,20060101,
code,G9124,Onc dx cml acceler phase,20060101,
code,G9125,Onc dx cml blast phase,20060101,
code,G9126,Onc dx cml remission,20060101,
code,G9128,Onc dx multi myeloma stage i,20060101,
code,G9129,Onc dx mult myeloma stg2 hig,20060101,
code,G9130,Onc dx multi myeloma unknown,20060101,
code,G9131,Onc dx brst unknown nos,20070101,
code,G9132,Onc dx prostate mets no cast,20070101,
code,G9133,Onc dx prostate clinical met,20070101,
code,G9134,Onc nhlstg 1-2 no relap no,20070101,
code,G9135,Onc dx nhl stg 3-4 not relap,20070101,
code,G9136,Onc dx nhl trans to lg bcell,20070101,
code,G9137,Onc dx nhl relapse/refractor,20070101,
code,G9138,Onc dx nhl stg unknown,20070101,
code,G9139,Onc dx cml dx status unknown,20070101,
code,G9140,Frontier extended stay demo,20071001,
code,G9143,Warfarin respon genetic test,20090803,
code,G9147,Outpt iv insulin tx any mea,20091223,
code,G9148,Medical home level 1,20110701,
code,G9149,Medical home level ii,20110701,
code,G9150,Medical home level iii,20110701,
code,G9151,Mapcp demo state,20110701,
code,G9152,Mapcp demo community,20110701,
code,G9153,Mapcp demo physician,20110701,
code,G9156,Evaluation for wheelchair,20120101,
code,G9157,Transesoph doppl cardiac mon,20130101,
code,G9158,Motor speech d/c status,20130101,20191231
code,G9159,Lang comp current status,20130101,20191231
code,G9160,Lang comp goal status,20130101,20191231
code,G9161,Lang comp d/c status,20130101,20191231
code,G9162,Lang express current status,20130101,20191231
code,G9163,Lang express goal status,20130101,20191231
code,G9164,Lang express d/c status,20130101,20191231
code,G9165,Atten current status,20130101,20191231
code,G9166,Atten goal status,20130101,20191231
code,G9167,Atten d/c status,20130101,20191231
code,G9168,Memory current status,20130101,20191231
code,G9169,Memory goal status,20130101,20191231
code,G9170,Memory d/c status,20130101,20191231
code,G9171,Voice current status,20130101,20191231
code,G9172,Voice goal status,20130101,20191231
code,G9173,Voice d/c status,20130101,20191231
code,G9174,Speech lang current status,20130101,20191231
code,G9175,Speech lang goal status,20130101,20191231
code,G9176,Speech lang d/c status,20130101,20191231
code,G9186,Motor speech goal status,20130101,20191231
code,G9187,Bpci home visit,20131001,
code,G9188,Beta not given no reason,20140101,
code,G9189,Beta pres or already taking,20140101,
code,G9190,Medical reason for no beta,20140101,
code,G9191,Pt reason for no beta,20140101,
code,G9192,System reason for no beta,20140101,20231231
code,G9193,Doc not eligible for dep med,20140101,20141231
code,G9194,Mdd pt treated for 180d,20140101,20141231
code,G9195,Mdd pt not treated for 180d,20140101,20141231
code,G9196,Med reason for no ceph,20140101,20221231
code,G9197,Order for ceph,20140101,20221231
code,G9198,No order for ceph no reason,20140101,20221231
code,G9199,Doc reason for no vte,20140101,20141231
code,G9200,No reason for no vte,20140101,20141231
code,G9201,Vte given upon admission,20140101,20141231
code,G9202,Hep c aby pos,20140101,20141231
code,G9203,Hep c rna done prior to med,20140101,20161231
code,G9204,No reason for no hep c rna,20140101,20161231
code,G9205,Hep c antiviral started,20140101,20161231
code,G9206,Hep c therapy started,20140101,20161231
code,G9207,Hep c genotype prior to med,20140101,20161231
code,G9208,No reason for no hep c geno,20140101,20161231
code,G9209,Hep c rna 4to12 wk after med,20140101,20161231
code,G9210,No hepc rna after med docrsn,20140101,20161231
code,G9211,No hepc rna after med no rsn,20140101,20161231
code,G9212,Doc of dsm-iv init eval,20140101,
code,G9213,No doc of dsm-iv,20140101,
code,G9214,Cd4 count documented,20140101,20141231
code,G9215,No cd4 count no reason,20140101,20141231
code,G9216,No pcp proph at dx no reason,20140101,20141231
code,G9217,No pcp proph low cd4 norsn,20140101,20161231
code,G9218,No pcp prop low at cd4 norsn,20140101,20141231
code,G9219,No oder pjp for med reason,20140101,20161231
code,G9220,No order for pjp for medrsn,20140101,20141231
code,G9221,Pjp proph prescribed,20140101,20141231
code,G9222,Pjp proph ordered low cd4,20140101,20161231
code,G9223,Pjp proph ordered cd4 low,20140101,
code,G9224,Medrsn no foot exam,20140101,20141231
code,G9225,Norsn no foot exam,20140101,
code,G9226,3 comp foot exam completed,20140101,
code,G9227,"Foa doc, care plan not doc",20140101,
code,G9228,Gc chl syp documented,20140101,
code,G9229,Ptrsn no gc chl syp test,20140101,20231231
code,G9230,Norsn for gc chl syp test,20140101,
code,G9231,Doc esrd dia trans preg,20140101,
code,G9232,Ptrsn no comm comorbid,20140101,20201231
code,G9233,Tkr composite,20140101,20161231
code,G9234,Tkr intent,20140101,20161231
code,G9235,Gs mg composite,20140101,20161231
code,G9236,Op rad mg composite,20140101,20161231
code,G9237,Gs mg intent,20140101,20161231
code,G9238,Op rad mg intent,20140101,20161231
code,G9239,Doc rsn hemod & cath acc,20140101,20201231
code,G9240,Doc pt w cath maint dia,20140101,20201231
code,G9241,Doc pt w out cath maint dia,20140101,20201231
code,G9242,Doc viral load >=200,20140101,
code,G9243,Doc viral load <200,20140101,
code,G9244,Antiviral not ordered,20140101,20161231
code,G9245,Antiviral ordered,20140101,20161231
code,G9246,No enc or enc/vir ld 90days,20140101,
code,G9247,2 enc enc/vir ld 90d,20140101,
code,G9248,No med visit 6mo,20140101,20141231
code,G9249,Med visit w in 6mo,20140101,20141231
code,G9250,Doc of pain comfort 48hr,20140101,20221231
code,G9251,Doc no pain comfort 48hr,20140101,20221231
code,G9252,Neo detect scrn colo,20140101,20141231
code,G9253,No neo detect scrn colo,20140101,20141231
code,G9254,Doc pt dischg >2d,20140101,
code,G9255,Pt dc home 2nd po day,20140101,
code,G9256,Doc of pat death after cas,20140101,20201231
code,G9257,Doc of pat stroke after cas,20140101,20201231
code,G9258,Doc of pat stroke after cea,20140101,20201231
code,G9259,Survive/no stroke post cas,20140101,20201231
code,G9260,Doc of pat death after cea,20140101,20201231
code,G9261,Survive/no stroke post cea,20140101,20201231
code,G9262,Doc of death post-aaa repair,20140101,20201231
code,G9263,Doc of disch post-aaa repair,20140101,20201231
code,G9264,Doc rsn hemod w/cath >=90d,20140101,20201231
code,G9265,Doc cath >90d for maint dia,20140101,20201231
code,G9266,Norsn pt cath >=90d,20140101,20201231
code,G9267,Doc comp or mort w in 30d,20140101,20211231
code,G9268,Doc comp or mort w in 90d,20140101,20211231
code,G9269,Doc no comp or mort w in 30d,20140101,20211231
code,G9270,Doc no comp or mort w in 90d,20140101,20211231
code,G9271,Ldl under 100,20140101,20141231
code,G9272,Ldl 100 and over,20140101,20141231
code,G9273,Sys<140 and dia<90,20140101,
code,G9274,Bp out of nrml limits,20140101,
code,G9275,Doc of non tobacco user,20140101,
code,G9276,Doc of tobacco user,20140101,
code,G9277,Doc daily aspirin or contra,20140101,
code,G9278,Doc no daily aspirin,20140101,
code,G9279,Pne scrn done doc vac done,20140101,
code,G9280,Pne not given norsn,20140101,
code,G9281,Pne scrn done doc not ind,20140101,
code,G9282,Doc medrsn no histo type,20140101,
code,G9283,Hist type doc on report,20140101,
code,G9284,No hist type doc on report,20140101,
code,G9285,Site not small cell lung ca,20140101,
code,G9286,Antibio rx w in 10d of sympt,20140101,
code,G9287,No antibio w in 10d of sympt,20140101,
code,G9288,Doc medrsn no hist type rpt,20140101,
code,G9289,Doc type nsm lung ca,20140101,
code,G9290,No doc type nsm lung ca,20140101,
code,G9291,Not nsm lung ca,20140101,
code,G9292,Medrsn no pt category,20140101,
code,G9293,No pt category on report,20140101,
code,G9294,Pt cat and thck on report,20140101,
code,G9295,Non cutaneous loc,20140101,
code,G9296,Doc share dec prior proc,20140101,
code,G9297,No doc share dec prior proc,20140101,
code,G9298,Eval risk vte card 30d prior,20140101,
code,G9299,No eval risk vte card prior,20140101,
code,G9300,Doc medrsn no compl antibio,20140101,20201231
code,G9301,Doc compl inf antibio,20140101,20201231
code,G9302,Norsn incomp inf antibio,20140101,20201231
code,G9303,Norsn no pros info op rpt,20140101,20201231
code,G9304,Pros info op rpt,20140101,20201231
code,G9305,No interv req for leak,20140101,
code,G9306,Interv req for leak,20140101,
code,G9307,No ret for surg w in 30d,20140101,
code,G9308,Unpl ret or w/compl w/in 30d,20140101,
code,G9309,No unplnd hosp readm in 30d,20140101,
code,G9310,Unplnd hosp readm in 30d,20140101,
code,G9311,No surg site infection,20140101,
code,G9312,Surgical site infection,20140101,
code,G9313,Amoxic not presc as 1st line,20140101,
code,G9314,Norsn not first line amox,20140101,
code,G9315,Amox w/wo clav rx,20140101,
code,G9316,Doc comm risk calc,20140101,
code,G9317,No doc comm risk calc,20140101,
code,G9318,Image std nomenclature,20140101,
code,G9319,Image not std nomenclature,20140101,
code,G9320,Medrsn no std nomenclature,20140101,20151231
code,G9321,Prev ct nuc med cnt doc 12mo,20140101,
code,G9322,No cnt ct nuc med doc 12mo,20140101,
code,G9323,Mdrsn no doc cnt of ct,20140101,20151231
code,G9324,Not all data norsn,20140101,20161231
code,G9325,Medrsn no ct rpt to reg,20140101,20151231
code,G9326,"Ct done no rad ds index, nrg",20140101,20201231
code,G9327,Ct done rad ds index,20140101,20201231
code,G9328,Medrsn no dicom format doc,20140101,20151231
code,G9329,Norsn no dicom format doc,20140101,20201231
code,G9340,Dicom format doc on rpt,20140101,20201231
code,G9341,Srch for ct w in 12 mos,20140101,
code,G9342,No srch for ct in 12mo norsn,20140101,
code,G9343,Medrsn no dicom srch,20140101,20151231
code,G9344,Sysrsn no dicom srch,20140101,
code,G9345,Follow up pulm nod,20140101,
code,G9346,No follow up pulm nod,20140101,20151231
code,G9347,No follow up pulm nod norsn,20140101,
code,G9348,Doc rsn for ord ct scan,20140101,20211231
code,G9349,Ct within 28 days,20140101,20211231
code,G9350,No doc sinus ct 28d or dx,20140101,20211231
code,G9351,Doc >1 sinus ct w 90d dx,20140101,
code,G9352,Not >1 sinus ct w 90d dx,20140101,
code,G9353,Medrsn >1 sinus ct w 90d dx,20140101,
code,G9354,1 or no ct sinus w/in 90d dx,20140101,
code,G9355,No early ind/delivery,20140101,
code,G9356,Early ind/delivery,20140101,
code,G9357,Pp eval/edu perf,20140101,
code,G9358,Pp eval/edu not perf,20140101,
code,G9359,Neg mgd pos tb notact,20140101,20221231
code,G9360,No doc of neg or man pos tb,20140101,20221231
code,G9361,Doc rsn elect c-sec/induct,20140101,
code,G9362,Mac or pnb w/o genanes >60m,20150101,20151231
code,G9363,Mac or pnb w/o genanes <60m,20150101,20151231
code,G9364,Sinus caus bac inx,20150101,
code,G9365,1high risk med ord,20150101,20201231
code,G9366,1high risk no ord,20150101,20201231
code,G9367,>= 2 same hi-rsk med ord,20150101,
code,G9368,>= 2 same hi-rsk med not ord,20150101,
code,G9369,Fill 2 rx antipsych,20150101,20151231
code,G9370,Not fill 2 rx antipsych,20150101,20151231
code,G9376,Contd ret attach at 6mth f/u,20150101,20151231
code,G9377,No ret attach after 6mt,20150101,20151231
code,G9378,Contd ret attach f/u vis,20150101,20151231
code,G9379,No acheive flat ret 6mth,20150101,20151231
code,G9380,Off assis eol iss,20150101,
code,G9381,Doc med reas no offer eol,20150101,20171231
code,G9382,No off assis eol,20150101,
code,G9383,Recd scrn hcv infec,20150101,
code,G9384,Doc med rsn no hcv scrn,20150101,
code,G9385,Doc pt reas not rec hcv srn,20150101,
code,G9386,Scrn hcv infec not recd,20150101,
code,G9389,Unpln rup post cap,20150101,20201231
code,G9390,No unpln rup post cap,20150101,20201231
code,G9391,Achv refrac +1d,20150101,20151231
code,G9392,Not achv refrac +1d,20150101,20151231
code,G9393,Ini phq9 >9 remiss <5,20150101,
code,G9394,"Dx bipol, death, nhres, hosp",20150101,
code,G9395,Ini phq9 >9 no remiss >=5,20150101,
code,G9396,Ini phq9 >9 not assess,20150101,
code,G9399,Doc disc tx choices,20150101,20211231
code,G9400,Doc reas no disc tx opt,20150101,20211231
code,G9401,No disc tx choices,20150101,20211231
code,G9402,Recd f/u w/in 30d disch,20150101,20241231
code,G9403,Doc reas no 30 day f/u,20150101,20241231
code,G9404,No 30 day f/u,20150101,20241231
code,G9405,Recd f/u w/in 7d dc,20150101,20241231
code,G9406,Doc reas no 7d f/u,20150101,20241231
code,G9407,No 7d f/u,20150101,20241231
code,G9408,Card tamp w/in 30d,20150101,
code,G9409,No card tamp e/in 30d,20150101,
code,G9410,Admit w/in 180d req remov,20150101,
code,G9411,No admit w/in 180d req remov,20150101,
code,G9412,Admit w/in 180d req surg rev,20150101,
code,G9413,No admit req surg rev,20150101,
code,G9414,1dose menig vac btwn 10 & 13,20150101,
code,G9415,No 1dose meni vac btwn 10&13,20150101,
code,G9416,Pt 1 tdap betw 10-13 yrs,20150101,
code,G9417,Pt not 1 tdap betw 10-13 yrs,20150101,
code,G9418,Lungcx bx rpt docs class,20150101,
code,G9419,Med reas not incl histo type,20150101,
code,G9420,Spec site no lung,20150101,
code,G9421,Lung cx bx rpt no doc class,20150101,
code,G9422,Rpt doc class histo type,20150101,
code,G9423,Med reas rpt no histo type,20150101,
code,G9424,Site no lung or lung cx,20150101,
code,G9425,Spec rpt no doc class histo,20150101,
code,G9426,Impr med time edarr pain med,20150101,
code,G9427,No impro med time pain med,20150101,
code,G9428,Patho rpt incl pt ctg,20150101,
code,G9429,Doc med rsn no pt cat,20150101,
code,G9430,Spec site no cutaneous,20150101,
code,G9431,Patho rpt no pt ctg,20150101,
code,G9432,Asth controlled,20150101,
code,G9433,"Death, nhres, hospice",20150101,20151231
code,G9434,Asth not controlled,20150101,
code,G9435,Asp presc disch,20150101,20161231
code,G9436,Asp not presc doc reas,20150101,20161231
code,G9437,Asp not presc disch,20150101,20161231
code,G9438,P2y inhib presc,20150101,20161231
code,G9439,P2y inhib not presc doc reas,20150101,20161231
code,G9440,P2y inhib not presc,20150101,20161231
code,G9441,Statin presc disch,20150101,20161231
code,G9442,Statin not presc doc reas,20150101,20161231
code,G9443,Statin not presc disch,20150101,20161231
code,G9448,Born 1945-1965,20150101,20211231
code,G9449,Hx bld transf b/f 1992,20150101,20211231
code,G9450,Hx injec drug use,20150101,20211231
code,G9451,1x scrn hcv infect,20150101,20231231
code,G9452,Doc med reas no hcv test,20150101,
code,G9453,Pt reas no hcv infect,20150101,20231231
code,G9454,No scr hcv inf 12 mth rp,20150101,20231231
code,G9455,"Abd imag w/us, ct or mri",20150101,
code,G9456,Doc med pt reas no hcc scrn,20150101,
code,G9457,Pt no abd img no doc rsn,20150101,
code,G9458,Tob user recd cess interv,20150101,20241231
code,G9459,Tob non-user,20150101,20241231
code,G9460,No tob assess or cess inter,20150101,20241231
code,G9463,Sinusitis intent,20150101,20161231
code,G9464,Sinusitis comp,20150101,20161231
code,G9465,Aoe intent,20150101,20161231
code,G9466,Aoe comp,20150101,20161231
code,G9467,Recd cortico >=10mg/day >60d,20150101,20161231
code,G9468,No recd cortico>=10mg/d >60d,20150101,
code,G9469,Rec cortico>90d or 1rx 900mg,20150101,20201231
code,G9470,No rec cortico>60d 1rx 600mg,20150101,
code,G9471,W/in 2yr dxa not order,20150101,
code,G9472,No dxa no med hx no rv sx,20150101,20191231
code,G9473,Chap services at hospice,20160101,
code,G9474,Diet counsel at hospice,20160101,
code,G9475,Other counselor at hospice,20160101,
code,G9476,Volun service at hospice,20160101,
code,G9477,Care coord at hospice,20160101,
code,G9478,Othe therapist at hospice,20160101,
code,G9479,Pharmacist at hospice,20160101,
code,G9480,Admission to mccm,20160101,
code,G9481,Remote e/m new pt 10mins,20160401,
code,G9482,Remote e/m new pt 20mins,20160401,
code,G9483,Remote e/m new pt 30mins,20160401,
code,G9484,Remote e/m new pt 45mins,20160401,
code,G9485,Remote e/m new pt 60mins,20160401,
code,G9486,Remote e/m est. pt 10mins,20160401,
code,G9487,Remote e/m est. pt 15mins,20160401,
code,G9488,Remote e/m est. pt 25mins,20160401,
code,G9489,Remote e/m est. pt 40mins,20160401,
code,G9490,Cmmi mod home visit,20160401,
code,G9496,Doc rsn no adeno/neopl detec,20160101,20171231
code,G9497,Rec inst no smoke day surg,20160101,
code,G9498,Abx reg prescribed,20160101,
code,G9499,No start/rec antvir tx hep c,20160101,20161231
code,G9500,Rad expos ind/exp tm doc,20160101,
code,G9501,Rad expos ind/exp tm no doc,20160101,
code,G9502,Med reas no perf foot exam,20160101,
code,G9503,Pt tk tams hcl,20160101,20201231
code,G9504,Doc rsn hep b stat not asses,20160101,
code,G9505,Abx pres w/in 10 dys of symp,20160101,
code,G9506,Bio imm resp mod presc,20160101,20221231
code,G9507,Doc reas on statin or contra,20160101,
code,G9508,Doc pt not on statin,20160101,
code,G9509,Adit mdd dys rem 12 mnths,20160101,
code,G9510,Remis12m not phq-9 score <5,20160101,
code,G9511,Idx evt dte phq>9 doc 12 mo,20160101,
code,G9512,Indiv pdc > 0.8,20160101,
code,G9513,Indiv pdc not > 0.8,20160101,
code,G9514,Req ret or w/in 90d of surg,20160101,
code,G9515,"No reas, no ret or w/in 90d",20160101,
code,G9516,Impr vis acuit w/in 90d,20160101,
code,G9517,No impr vis acuit w/in 90d,20160101,
code,G9518,Doc active inj drug use,20160101,
code,G9519,Final ref +/- 1.0 w/in 90d,20160101,
code,G9520,Refract not +/- 1.0 w/in 90d,20160101,
code,G9521,Er and ip hosp <2 in 12 mos,20160101,
code,G9522,Er/ip hosp =/>2 in 12 mos,20160101,
code,G9523,D/c hemo or perit dialysis,20160101,20201231
code,G9524,Refer to hospice,20160101,20201231
code,G9525,Doc pt reas no hospice refer,20160101,20201231
code,G9526,"No reason, no refer hospice",20160101,20201231
code,G9529,Minor blunt trauma w/head ct,20160101,
code,G9530,Pt mbht hd ct ord ec prov,20160101,
code,G9531,Pt doc,20160101,
code,G9532,Pt hd ct ord,20160101,20201231
code,G9533,Indic for head ct not valid,20160101,
code,G9534,Adv brain image not ordered,20160101,20181231
code,G9535,Normal neuro exam,20160101,20181231
code,G9536,Doc med reas adv brain image,20160101,20181231
code,G9537,Img hd clin trial,20160101,
code,G9538,Adv brain image ordered,20160101,20181231
code,G9539,Intent pot remv time placemt,20160101,
code,G9540,Pt alive 3 mos post proc,20160101,
code,G9541,Filter rem 3 mon plmt,20160101,
code,G9542,Doc reass appr remo filt 3ms,20160101,
code,G9543,Doc 2x re-assess filt remov,20160101,
code,G9544,No filt remov w/in 3mos plcm,20160101,
code,G9547,Cys ren les or adren,20160101,
code,G9548,No f/u rec image study,20160101,
code,G9549,Doc med rsn for f/u imag,20160101,
code,G9550,Imag rec,20160101,
code,G9551,Imag no les,20160101,
code,G9552,Inc thyr node <1.0 in rpt,20160101,
code,G9553,Prior thyroid dise dx,20160101,
code,G9554,Ct/cta/mri/a chst foll rec,20160101,
code,G9555,Doc med rsn for follup image,20160101,
code,G9556,Ct/cta/mri/a no follup imag,20160101,
code,G9557,Ct/cta/mri/a no thyr <1.0cm,20160101,
code,G9558,Tx beta-lactam abx therapy,20160101,20201231
code,G9559,Doc med reas no abx therapy,20160101,20201231
code,G9560,"No beta-lactam abx ther, rng",20160101,20201231
code,G9561,Presc opiates >6 wks,20160101,20211231
code,G9562,Foll-up eval q3mo opiod tx,20160101,20211231
code,G9563,No f/u eval q3mo opiod tx,20160101,20211231
code,G9572,Phq-scr >9 doc in 12m time,20160101,20161231
code,G9573,Adl pt md or dys rem 6 mon,20160101,20201231
code,G9574,Adl pt md dys no rem 6 mon,20160101,20201231
code,G9577,Presc opiates >6 wks,20160101,20211231
code,G9578,Doc opioid tx 1x during ther,20160101,20211231
code,G9579,No doc opioid tx 1x at ther,20160101,20211231
code,G9580,Door to punc time <2hrs,20160101,
code,G9581,"Md doc, door to punc tm >2hr",20160101,20161231
code,G9582,"Door to punc time >2hr, nrg",20160101,
code,G9583,Presc opiates >6 wks,20160101,20211231
code,G9584,Eval opioid use instr/pt int,20160101,20211231
code,G9585,No eval opi use instr/intv,20160101,20211231
code,G9593,Low pecarn ped head trauma,20160101,
code,G9594,Pt mbht hd ct ord ec prov,20160101,
code,G9595,Doc shnt/tum/coag,20160101,
code,G9596,Ped pt hd ct ord,20160101,20231231
code,G9597,No low pecarn ped head traum,20160101,
code,G9598,Aor ane 5.5-5.9 cm max diam,20160101,
code,G9599,Aor ane >=6.0 cm max diam,20160101,
code,G9600,Symp aaa urgent repair,20160101,20201231
code,G9601,Pt dchg home post op day 7,20160101,20201231
code,G9602,Pt no dchg home postop day 7,20160101,20201231
code,G9603,Pt surv improv bsline tx,20160101,
code,G9604,Pt surv results not avail,20160101,20251231
code,G9605,Surv score no improv w/tx,20160101,
code,G9606,Intraop cyst eval trac inj,20160101,
code,G9607,Doc med rsn not perf cystosc,20160101,
code,G9608,Intraop cyst eval not done,20160101,
code,G9609,Doc order anti-plat,20160101,
code,G9610,Doc md rsn no antipla,20160101,
code,G9611,No doc order anti-plat rng,20160101,
code,G9612,Phodoc 2 mr cec lndmk,20160101,20231231
code,G9613,Doc post surg anatomy,20160101,20231231
code,G9614,Photodoc < 2 cec lndmk,20160101,20231231
code,G9615,Pre-op asst doc,20160101,20201231
code,G9616,Doc rsn no preop assmt,20160101,20201231
code,G9617,"Pre-op asst not doc, rng",20160101,20201231
code,G9618,Doc scr uter mal or us/samp,20160101,20221231
code,G9619,Doc rsn no scr uter malig,20160101,20161231
code,G9620,No scr utr malig/us/samp rng,20160101,20221231
code,G9621,Scr unheal etoh w/counsel,20160101,
code,G9622,No unheal etoh user,20160101,
code,G9623,Doc med rsn no scr etoh use,20160101,20221231
code,G9624,Pt not scrn or no counseling,20160101,
code,G9625,Pt bl srg 30 day pst srg,20160101,
code,G9626,Med rsn no rpt bladder inj,20160101,
code,G9627,Pt no bl srg 30 day pst srg,20160101,
code,G9628,Pt bwli srg 30 day pst srg,20160101,
code,G9629,Med rsn no rpt bowel inj,20160101,
code,G9630,Pt no bwli srg 30 day srg,20160101,
code,G9631,Pt ui srg 30 day pst srg,20160101,20221231
code,G9632,Med rsn for no rpt uret inj,20160101,20221231
code,G9633,Pt no ui srg 30 day pst srg,20160101,20221231
code,G9634,Qual life tool 2x same/impr,20160101,20211231
code,G9635,No doc rsn do qual life assm,20160101,20211231
code,G9636,No life asst 2x same/decr,20160101,20211231
code,G9637,Doc >1 dose reduc tech,20160101,
code,G9638,No doc >1 dose reduc tech,20160101,
code,G9639,Amp no reqd in48h ieler proc,20160101,20211231
code,G9640,Doc plan hybrid/stage proc,20160101,20211231
code,G9641,Amp reqd w/in 48h ieler proc,20160101,20211231
code,G9642,Current smoker,20160101,
code,G9643,Elective surgery,20160101,
code,G9644,No smok b/4 anes day of surg,20160101,
code,G9645,Had smoke b/4 anes day surg,20160101,
code,G9646,Pt w/90d mrs 0-2,20160101,
code,G9647,No mrs score in 90d followup,20160101,20211231
code,G9648,Pt w/90d mrs >2,20160101,
code,G9649,Psor as doc spc bm,20160101,
code,G9650,Doc pt no ther chg or contra,20160101,20161231
code,G9651,Psor as doc no spc bm,20160101,
code,G9652,Pt tx sys bio med psori 6mth,20160101,20161231
code,G9653,Pt no tx sys bio rx 6 mths,20160101,20161231
code,G9654,Mon anesth care,20160101,
code,G9655,Toc tool incl key elem,20160101,
code,G9656,Pt trans from anest to pacu,20160101,
code,G9657,Toc dur aneth to icu,20160101,20161231
code,G9658,Toc tool incl elem not used,20160101,
code,G9659,>=86y scr colo nomed rsn,20160101,
code,G9660,Doc med rsn colo pt >= 86y,20160101,
code,G9661,Pt >= 86  w/ hi risk,20160101,
code,G9662,Prior dx/active clin ascvd,20160101,
code,G9663,Fast/dir ldl >= 190 mg/dl,20160101,
code,G9664,Taking statin or rec'd order,20160101,
code,G9665,No statin/no order statin,20160101,
code,G9666,Fas/dir ldl 70-189mg/dl mst,20160101,20211231
code,G9667,Doc med rsn no stat tx/presc,20160101,20161231
code,G9669,Intend rpt mult chr msr grp,20160101,20161231
code,G9670,Qty act mcc mg perf,20160101,20161231
code,G9671,Intend rpt dia retin msr grp,20160101,20161231
code,G9672,Qty act diab retin mg perf,20160101,20161231
code,G9673,Intend rpt card prev msr grp,20160101,20161231
code,G9674,Pt w/clin ascvd dx,20160101,
code,G9675,Pt w/fast/dir lab ldl-c >190,20160101,
code,G9676,40-75y w/type 1/2 w/ldl-c rs,20160101,
code,G9677,Qty act card prev mg perf,20160101,20161231
code,G9678,Oncology care model service,20160401,20220630
code,G9679,Acute care pneumonia,20161001,
code,G9680,Acute care congestive heart,20161001,
code,G9681,Acute care chronic obstruct,20161001,
code,G9682,Acute care skin infection,20161001,
code,G9683,Acute fluid/electro disorder,20161001,
code,G9684,Acute care urinary tract inf,20161001,
code,G9685,Acute nursing facility care,20161001,
code,G9686,Nursing facility conference,20161001,20181231
code,G9687,Hospice anytime msmt per,20170101,
code,G9688,Pt w/hosp anytime msmt per,20170101,
code,G9689,Inpt elect carotid intervent,20170101,
code,G9690,Pt in hos,20170101,
code,G9691,Pt hosp dur msmt period,20170101,
code,G9692,Hosp recd by pt dur msmt per,20170101,
code,G9693,Pt use hosp during msmt per,20170101,
code,G9694,Hosp srv used pt in msmt per,20170101,
code,G9695,Long act inhal bronchdil pre,20170101,
code,G9696,Med rsn no presc bronchdil,20170101,
code,G9697,Pt rsn no presc bronchdil,20170101,20231231
code,G9698,Sys rsn no presc bronchdil,20170101,
code,G9699,Long inhal bronchdil no pres,20170101,
code,G9700,Pt is w/hosp during msmt per,20170101,
code,G9701,Child anbx 30 prior dx estab,20170101,20201231
code,G9702,Pt use hosp during msmt per,20170101,
code,G9703,Anbx 30 prior to episode,20170101,
code,G9704,Ajcc br ca stg i: t1 mic/t1a,20170101,
code,G9705,Ajcc br ca stg ib,20170101,
code,G9706,Low recur prost ca,20170101,
code,G9707,Pt had hosp dur msmt per,20170101,20241231
code,G9708,Bilat mast/hx bi /unilat mas,20170101,
code,G9709,Hosp srv used pt in msmt per,20170101,
code,G9710,Pt prov hosp srv msmt per,20170101,
code,G9711,Pt hx tot col or colon ca,20170101,
code,G9712,Doc med rsn presc anbx,20170101,
code,G9713,Pt use hosp during msmt per,20170101,
code,G9714,Pt is w/hosp during msmt per,20170101,
code,G9715,Pt w/hosp anytime msmt per,20170101,20231231
code,G9716,Bmi doc onl fup not cmpltd,20170101,
code,G9717,Doc pt dx bipol,20170101,
code,G9718,Hospice anytime msmt per,20170101,20221231
code,G9719,Pt not ambul/immob/wc,20170101,
code,G9720,Hospice anytime msmt per,20170101,
code,G9721,Pt not ambul/immob/wc,20170101,
code,G9722,Doc hx renal fail or cr+ >=4,20170101,
code,G9723,Hosp recd by pt dur msmt per,20170101,
code,G9724,Pt w/doc use anticoag mst yr,20170101,
code,G9725,Pt w/hosp anytime msmt per,20170101,20231231
code,G9726,Refused to participate,20170101,
code,G9727,Pt unable cmplt lepf prom,20170101,
code,G9728,Refused to participate,20170101,
code,G9729,Pt unbl cmplt lepf prom,20170101,
code,G9730,Refused to participate,20170101,
code,G9731,Pt unbl cmplt lepf prom,20170101,
code,G9732,Refused to participate,20170101,
code,G9733,Pt unbl cmplt lb fs prom,20170101,
code,G9734,Refused to participate,20170101,
code,G9735,Pt unbl cmplt shld fs prom,20170101,
code,G9736,Refused to participate,20170101,
code,G9737,Pt unbl cmplt ewh fs prom,20170101,
code,G9738,Refused to participate,20170101,20201231
code,G9739,Pt unbl cmplt go fs prom,20170101,20201231
code,G9740,Hosp srv to pt dur msmt per,20170101,
code,G9741,Pt w/hosp anytime msmt per,20170101,
code,G9742,Psych sympt assessed,20170101,20191231
code,G9743,"Psych symp not assessed, rns",20170101,20191231
code,G9744,Pt not eli d/t act dig htn,20170101,
code,G9745,Doc rsn no hbp scrn or f/u,20170101,
code,G9746,"Mit sten, valve or trans af",20170101,
code,G9747,Pall dialysis with catheter,20170101,20201231
code,G9748,App transpl lvg kidney donor,20170101,20201231
code,G9749,Pall dialysis with catheter,20170101,20201231
code,G9750,App transpl lvg kidney donor,20170101,20201231
code,G9751,Pt died w/in 24 mos rpt time,20170101,20241231
code,G9752,Urgent surgery,20170101,
code,G9753,"Doc no dicom, ct other fac",20170101,
code,G9754,Incid pulm nodule,20170101,
code,G9755,Doc med rsn no fllw up,20170101,
code,G9756,Surg proc w/silicone oil,20170101,
code,G9757,Surg proc w/silicone oil,20170101,
code,G9758,Pt in hos,20170101,
code,G9759,Hx preop post cap rup,20170101,20201231
code,G9760,Pt w/hosp anytime msmt per,20170101,20241231
code,G9761,Pt w/hosp anytime msmt per,20170101,
code,G9762,Pt had >= 2-3 hpv vaccines,20170101,
code,G9763,Pt not have 2-3 hpv vaccines,20170101,
code,G9764,Pt treatd w/oral syst or bio,20170101,
code,G9765,Doc pat declined therapy,20170101,
code,G9766,Cva stroke dx tx transf fac,20170101,
code,G9767,Hosp new dx cva consid evst,20170101,
code,G9768,Pt w/hosp anytime msmt per,20170101,
code,G9769,Bn den 2yr/got ost med/ther,20170101,
code,G9770,Perip nerve block,20170101,
code,G9771,"Anes end, 1 temp >35.5(95.9)",20170101,
code,G9772,Doc med rsn no temp >= 35.5,20170101,
code,G9773,1 bod temp >=35.5,20170101,
code,G9774,Pt had hyst,20170101,20221231
code,G9775,Recd 2 anti-emet pre/intraop,20170101,
code,G9776,Doc med rsn no proph antiem,20170101,
code,G9777,Pt no antiemet pre/intraop,20170101,
code,G9778,Pts dx w/pregn,20170101,20221231
code,G9779,Pts breastfeeding,20170101,
code,G9780,Pts dx w/rhabdomyolysis,20170101,
code,G9781,Doc rsn no statin,20170101,
code,G9782,Hx dx fam/pure hypercholes,20170101,
code,G9783,"Doc dx dm, fast <70, no stat",20170101,20211231
code,G9784,Path/derm prov 2nd biop opin,20170101,
code,G9785,Path report sent,20170101,
code,G9786,Path report not sent,20170101,
code,G9787,Pt alive,20170101,
code,G9788,Most rct bp </= 130/80,20170101,
code,G9789,"Record bp ip, er, urg/self",20170101,
code,G9790,Most rct bp >/= 130/80,20170101,
code,G9791,Most rct tob stat free,20170101,
code,G9792,Most rct tob stat not free,20170101,
code,G9793,Pt on daily asa/antiplat,20170101,
code,G9794,Doc med rsn no daily aspirin,20170101,
code,G9795,Pt no daily asa/antiplat,20170101,
code,G9796,Pt currently on statin,20170101,
code,G9797,Pt not currently on statin,20170101,
code,G9798,D/c ami btw 7/1-6/30 meas pd,20170101,20201231
code,G9799,Med disp evt indic hx asth,20170101,20201231
code,G9800,Pt id intol/alleg beta-block,20170101,20201231
code,G9801,Nonacut transf from inpt,20170101,20201231
code,G9802,Pt w/hosp anytime msmt per,20170101,20201231
code,G9803,Pt presc 135 day trmt,20170101,20201231
code,G9804,Pt not presc 135 day trmt,20170101,20201231
code,G9805,Pt w/hosp anytime msmt per,20170101,
code,G9806,Pt recd cerv cyto/hpv,20170101,
code,G9807,Pt no recd cerv cyto/hpv,20170101,
code,G9808,Pt no asthm cont med mst per,20170101,20221231
code,G9809,Pt w/hosp anytime msmt per,20170101,20221231
code,G9810,Pdc 75% w/asth cont med,20170101,20221231
code,G9811,No pdc 75% w/asth cont med,20170101,20221231
code,G9812,Pt died during inpt/30d aft,20170101,
code,G9813,Pt not died w/in 30d of proc,20170101,
code,G9814,Death during index hosp,20170101,20201231
code,G9815,Death not during index hosp,20170101,20201231
code,G9816,Death <30 day post discharge,20170101,20201231
code,G9817,No death 30-days post-disch,20170101,20201231
code,G9818,Doc sex activity,20170101,
code,G9819,Pt w/hosp anytime msmt per,20170101,
code,G9820,Doc chlam scr test w/follow,20170101,
code,G9821,No doc chlam scr ts w/follow,20170101,
code,G9822,Endo abl proc yr prev ind dt,20170101,
code,G9823,Endo smpl/hyst bx res doc,20170101,
code,G9824,Endo smpl/hyst bx res no doc,20170101,
code,G9825,"Her-2 neg,undoc/unkn",20170101,20201231
code,G9826,Transf pract aft init chemo,20170101,20201231
code,G9827,Her-2 targ ther no init tx,20170101,20201231
code,G9828,Her-2 targ ther dur init tx,20170101,20201231
code,G9829,Breast adj chemo admin,20170101,20201231
code,G9830,Her-2 pos,20170101,
code,G9831,Ajcc stg brt ca dx ii or iii,20170101,
code,G9832,Br ca stg = 1 t stg = t1c,20170101,
code,G9833,Transf pract aft init chemo,20170101,20201231
code,G9834,Pt met dis at dx,20170101,20201231
code,G9835,Trastuz given w/in 12 mos dx,20170101,20201231
code,G9836,Rsn no trast given doc,20170101,20201231
code,G9837,Trastuz not in 12 mos dx,20170101,20201231
code,G9838,Pt met dis at dx,20170101,
code,G9839,Anti-egfr mon anti ther,20170101,
code,G9840,Gene testing performed,20170101,
code,G9841,Gene testing not performed,20170101,
code,G9842,Pt met dis at dx,20170101,
code,G9843,Kras or nras gene mutation,20170101,
code,G9844,Pt no recd anti-egfr ther,20170101,
code,G9845,Pt recd anti-egfr ther,20170101,
code,G9846,Pt died from cancer,20170101,
code,G9847,Pt recd chemo last 14d life,20170101,
code,G9848,Pt no chemo last 14d life,20170101,
code,G9849,Pt died from cancer,20170101,20201231
code,G9850,1/more ed last 30d life,20170101,20201231
code,G9851,1/no ed visit last 30d life,20170101,20201231
code,G9852,Pt died from cancer,20170101,20231231
code,G9853,Icu stay last 30d life,20170101,20231231
code,G9854,No icu stay last 30d life,20170101,20231231
code,G9855,Pt died from cancer,20170101,20201231
code,G9856,Pt no hospice,20170101,20201231
code,G9857,Pt admit hospice,20170101,20201231
code,G9858,Pt enroll hospice,20170101,
code,G9859,Pt died from cancer,20170101,
code,G9860,Pt less 3d hospice,20170101,
code,G9861,Pt more than 3d hospice,20170101,
code,G9862,Doc rsn no 10 yr follow,20170101,
code,G9868,Cmmi asyntelehealth <10min,20180101,
code,G9869,Cmmi asyntelehealth 10-20min,20180101,
code,G9870,Cmmi asyntelehealth >20min,20180101,
code,G9871,"Bhv couns dm prev, onln 60 m",20260101,
code,G9873,1 em core session,20180401,
code,G9874,4 em core sessions,20180401,
code,G9875,9 em core sessions,20180401,
code,G9876,2 em core ms mo 7-9 no wl,20180401,
code,G9877,2 em core ms mo 10-12 no wl,20180401,
code,G9878,2 em core ms mo 7-9 wl,20180401,
code,G9879,2 em core ms mo 10-12 wl,20180401,
code,G9880,Em 5 percent wl,20180401,
code,G9881,Em 9 percent wl,20180401,
code,G9882,2 em ongoing ms mo 13-15 wl,20180401,
code,G9883,2 em ongoing ms mo 16-18 wl,20180401,
code,G9884,2 em ongoing ms mo 19-21 wl,20180401,
code,G9885,2 em ongoing ms mo 22-24 wl,20180401,
code,G9886,In-person attendance g code,20240101,
code,G9887,Distance learning attendance,20240101,
code,G9888,5% wl maintnd from bsline wt,20240101,
code,G9890,Em bridge payment,20180401,
code,G9891,Em session reporting,20180401,
code,G9892,Doc pt rsn no dil mac exam,20180101,20241231
code,G9893,No mac exam,20180101,20241231
code,G9894,Adr dep thrpy prescribed,20180101,
code,G9895,Doc med rsn no adr dep thrpy,20180101,
code,G9896,Doc pt rsn no adr dep thrpy,20180101,
code,G9897,Pt nt prsc adr dep thrpy rng,20180101,
code,G9898,Pt 66+ snp or ltc pos > 90d,20180101,
code,G9899,Scrn mam perf rslts doc,20180101,
code,G9900,Scrn mam perf rslts not doc,20180101,
code,G9901,Pt 66+ snp or ltc pos > 90d,20180101,
code,G9902,Pt scrn tbco and id as user,20180101,
code,G9903,Pt scrn tbco id as non user,20180101,
code,G9904,Doc med rsn no tbco scrn,20180101,20221231
code,G9905,No pt tbco scrn rng,20180101,
code,G9906,Pt recv tbco cess interv,20180101,
code,G9907,Doc med rsn no tbco interv,20180101,20221231
code,G9908,No pt tbco cess interv rng,20180101,
code,G9909,Doc med rsn no tbco interv,20180101,20221231
code,G9910,Pt 66+ snp or ltc pos > 90d,20180101,
code,G9911,Node neg pre/post syst ther,20180101,
code,G9912,Hbv status assesed and int,20180101,
code,G9913,No hbv status assesd and int,20180101,
code,G9914,Pt initiated anti-tnf agent,20180101,
code,G9915,No documntd hbv results rcd,20180101,
code,G9916,Funct status past 12 months,20180101,
code,G9917,Adv dem crgvr limited,20180101,
code,G9918,"No funct stat perf, rsn nos",20180101,
code,G9919,Scrn nd pos nd prov of rec,20180101,
code,G9920,Scrning perf and negative,20180101,
code,G9921,No or part scrn nd rng or os,20180101,20241231
code,G9922,Sfty cncrns scrn nd mit recs,20180101,
code,G9923,Safty cncrns scrn and neg,20180101,
code,G9924,Doc med rsn no scrn or recs,20180101,20201231
code,G9925,No scrn prov rsn nos,20180101,
code,G9926,Sfty cncrns scrn but no recs,20180101,
code,G9927,Doc no warf /fda pt trial,20180101,20231231
code,G9928,No warf or fda drug presc,20180101,
code,G9929,Trs/rev af,20180101,
code,G9930,Com care,20180101,
code,G9931,No chad or chad scr 0 or 1,20180101,
code,G9932,Doc pt rsn no tb scrn recrds,20180101,20221231
code,G9933,Canc detectd during col scrn,20180101,20201231
code,G9934,Doc rsn not detecting cancer,20180101,20201231
code,G9935,Canc not detectd during srcn,20180101,20201231
code,G9936,Pmh plyp/neo co/rect/jun/ans,20180101,20201231
code,G9937,Dig or surv colsco,20180101,20201231
code,G9938,Pt 66+ snp or ltc pos > 90d,20180101,
code,G9939,Same path/derm perf biopsy,20180101,
code,G9940,Doc reas no statin therapy,20180101,
code,G9941,Pre and post vas wthn 3 mos,20180101,20191231
code,G9942,Adtl spine proc on same date,20180101,20221231
code,G9943,Bk pn nt msr vas scl pre/pst,20180101,
code,G9944,Vas 3 mon pre and 1 yr post,20180101,20191231
code,G9945,Pt w/cancer scoliosis,20180101,
code,G9946,Bk pain no vas,20180101,
code,G9947,Pre and post vas wthn 3 mos,20180101,20191231
code,G9948,Adtl spine proc on same date,20180101,20221231
code,G9949,Leg pain no vas,20180101,
code,G9954,Pt >2 rsk fac post-op vomit,20180101,
code,G9955,Inhlnt anesth only for induc,20180101,
code,G9956,Combo thrpy of >= 2 prophly,20180101,
code,G9957,Doc med rsn no combo thrpy,20180101,
code,G9958,No combo prohpyl thrp for pt,20180101,
code,G9959,Systemic antimicro not presc,20180101,
code,G9960,Med rsn sys antimi nt rx,20180101,
code,G9961,Systemic antimicro presc,20180101,
code,G9962,Embolization doc separatly,20180101,
code,G9963,Embolization not doc separat,20180101,
code,G9964,Pt recv >=1 well-chld visit,20180101,
code,G9965,No well-chld vist recv by pt,20180101,
code,G9966,"Scrn, inter, report child",20180101,20201231
code,G9967,"No scrn, inter, reprt child",20180101,20201231
code,G9968,Pt refrd 2 pvdr/spclst in pp,20180101,
code,G9969,Pvdr rfrd pt rprt rcvd,20180101,
code,G9970,Pvdr rfrd pt no rprt rcvd,20180101,
code,G9974,Mac exam perf,20180101,20241231
code,G9975,Doc med rsn no dil mac exam,20180101,20241231
code,G9978,Remote e/m new pt 10mins,20181001,
code,G9979,Remote e/m new pt 20mins,20181001,
code,G9980,Remote e/m new pt 30 mins,20181001,
code,G9981,Remote e/m new pt 45mins,20181001,
code,G9982,Remote e/m new pt 60mins,20181001,
code,G9983,Remote e/m est. pt 10mins,20181001,
code,G9984,Remote e/m est. pt  15mins,20181001,
code,G9985,Remote e/m est. pt 25mins,20181001,
code,G9986,Remote e/m est. pt 40mins,20181001,
code,G9987,Bpci advanced in home visit,20181001,
code,G9988,Pall serv during meas,20220101,
code,G9989,Med rsn no pneum vax,20220101,20221231
code,G9990,No pneum vax admin 19+,20220101,20241231
code,G9991,Pneum vax admin 19+,20220101,20241231
code,G9992,Pall serv during meas,20220101,
code,G9993,Pall serv during meas,20220101,
code,G9994,Pall serv during meas,20220101,
code,G9995,Pall serv during meas,20220101,20231231
code,G9996,Doc pt pal or hospice,20220101,
code,G9997,Doc pt preg dur msrmt pd,20220101,
code,G9998,Doc med rsn <3 colon,20220101,
code,G9999,Doc sys rsn <3 colon,20220101,
code,H0001,Alcohol and/or drug assess,20010101,
code,H0002,Alcohol and/or drug screenin,20010101,
code,H0003,Alcohol and/or drug screenin,20010101,
code,H0004,Alcohol and/or drug services,20010101,
code,H0005,Alcohol and/or drug services,20010101,
code,H0006,Alcohol and/or drug services,20010101,
code,H0007,Alcohol and/or drug services,20010101,
code,H0008,Alcohol and/or drug services,20010101,
code,H0009,Alcohol and/or drug services,20010101,
code,H0010,Alcohol and/or drug services,20010101,
code,H0011,Alcohol and/or drug services,20010101,
code,H0012,Alcohol and/or drug services,20010101,
code,H0013,Alcohol and/or drug services,20010101,
code,H0014,Alcohol and/or drug services,20010101,
code,H0015,Alcohol and/or drug services,20010101,
code,H0016,Alcohol and/or drug services,20010101,
code,H0017,Alcohol and/or drug services,20010101,
code,H0018,Alcohol and/or drug services,20010101,
code,H0019,Alcohol and/or drug services,20010101,
code,H0020,Alcohol and/or drug services,20010101,
code,H0021,Alcohol and/or drug training,20010101,
code,H0022,Alcohol and/or drug interven,20010101,
code,H0023,Alcohol and/or drug outreach,20010101,
code,H0024,Alcohol and/or drug preventi,20010101,
code,H0025,Alcohol and/or drug preventi,20010101,
code,H0026,Alcohol and/or drug preventi,20010101,
code,H0027,Alcohol and/or drug preventi,20010101,
code,H0028,Alcohol and/or drug preventi,20010101,
code,H0029,Alcohol and/or drug preventi,20010101,
code,H0030,Alcohol and/or drug hotline,20010101,
code,H0031,Mh health assess by non-md,20030101,
code,H0032,Mh svc plan dev by non-md,20030101,
code,H0033,Oral med adm direct observe,20030101,
code,H0034,Med trng & support per 15min,20030101,
code,H0035,Mh partial hosp tx under 24h,20030101,
code,H0036,Comm psy face-face per 15min,20030101,
code,H0037,Comm psy sup tx pgm per diem,20030101,
code,H0038,Self-help/peer svc per 15min,20030101,
code,H0039,Asser com tx face-face/15min,20030101,
code,H0040,Assert comm tx pgm per diem,20030101,
code,H0041,Fos c chld non-ther per diem,20030101,
code,H0042,Fos c chld non-ther per mon,20030101,
code,H0043,"Supported housing, per diem",20030101,
code,H0044,"Supported housing, per month",20030101,
code,H0045,Respite not-in-home per diem,20030101,
code,H0046,"Mental health service, nos",20030101,
code,H0047,Alcohol/drug abuse svc nos,20030101,
code,H0048,Spec coll non-blood:a/d test,20030101,
code,H0049,Alcohol/drug screening,20070101,
code,H0050,Alcohol/drug service 15 min,20070101,
code,H0051,Traditional healing service,20240401,
code,H0052,Mmip mental health and care,20250101,
code,H0053,Ht mental health and care,20250101,
code,H1000,Prenatal care atrisk assessm,20020101,
code,H1001,Antepartum management,20020101,
code,H1002,Carecoordination prenatal,20020101,
code,H1003,Prenatal at risk education,20020101,
code,H1004,Follow up home visit/prental,20020101,
code,H1005,Prenatalcare enhanced srv pk,20020101,
code,H1010,Nonmed family planning ed,20030101,
code,H1011,Family assessment,20030101,
code,H2000,Comp multidisipln evaluation,20030101,
code,H2001,Rehabilitation program 1/2 d,20030101,
code,H2010,Comprehensive med svc 15 min,20030401,
code,H2011,"Crisis interven svc, 15 min",20030401,
code,H2012,"Behav hlth day treat, per hr",20030401,
code,H2013,"Psych hlth fac svc, per diem",20030401,
code,H2014,"Skills train and dev, 15 min",20030401,
code,H2015,"Comp comm supp svc, 15 min",20030401,
code,H2016,"Comp comm supp svc, per diem",20030401,
code,H2017,"Psysoc rehab svc, per 15 min",20030401,
code,H2018,"Psysoc rehab svc, per diem",20030401,
code,H2019,"Ther behav svc, per 15 min",20030401,
code,H2020,"Ther behav svc, per diem",20030401,
code,H2021,"Com wrap-around sv, 15 min",20030401,
code,H2022,"Com wrap-around sv, per diem",20030401,
code,H2023,"Supported employ, per 15 min",20030401,
code,H2024,"Supported employ, per diem",20030401,
code,H2025,"Supp maint employ, 15 min",20030401,
code,H2026,"Supp maint employ, per diem",20030401,
code,H2027,"Psychoed svc, per 15 min",20030401,
code,H2028,"Sex offend tx svc, 15 min",20030401,
code,H2029,"Sex offend tx svc, per diem",20030401,
code,H2030,"Mh clubhouse svc, per 15 min",20030401,
code,H2031,"Mh clubhouse svc, per diem",20030401,
code,H2032,"Activity therapy, per 15 min",20030401,
code,H2033,Multisys ther/juvenile 15min,20030401,
code,H2034,"A/d halfway house, per diem",20030401,
code,H2035,"A/d tx program, per hour",20030401,
code,H2036,"A/d tx program, per diem",20030401,
code,H2037,"Dev delay prev dp ch, 15 min",20030401,
code,H2038,Skill train and dev/diem,20220401,
code,H2040,"Coord specialty care, month",20231001,
code,H2041,Coord special care encounter,20231001,
code,J0013,"Esketamine, nasal spray",20260101,
code,J0014,Cocaine hcl nasal (goprelto),20261001,
code,J0120,Tetracyclin injection,19860101,
code,J0121,"Inj., omadacycline, 1 mg",20191001,
code,J0122,"Inj., eravacycline, 1 mg",20191001,
code,J0129,Abatacept injection,20070101,
code,J0130,Abciximab injection,19990101,
code,J0131,"Inj, acetaminophen (nos)",20120101,
code,J0132,Acetylcysteine injection,20060101,
code,J0133,Acyclovir injection,20060101,
code,J0134,Inj acetaminophen -fresenius,20230101,
code,J0135,Adalimumab injection,20050101,20241231
code,J0136,"Inj, acetaminophen (b braun)",20230101,
code,J0137,"Inj, acetaminophen (hikma)",20230701,
code,J0138,Inj acetaminoph 10mg/ibu 3mg,20241001,
code,J0139,"Inj, adalimumab, 1 mg",20250101,
code,J0150,Injection adenosine 6 mg,19940101,20141231
code,J0151,Inj adenosine diag 1mg,20140101,20141231
code,J0153,Adenosine inj 1mg,20150101,
code,J0162,Inj epinephrine (fresenius),20260101,
code,J0163,Epinephrine in nacl (endo),20251001,
code,J0164,Epinephrine in nacl (baxter),20251001,
code,J0165,Inj epinephrine nos 0.1 mg,20250701,
code,J0166,Inj epinephrine (bpi),20250701,
code,J0167,Inj epinephrine (hospira),20250701,
code,J0168,Epinephrine (intl med sys),20250701,
code,J0169,Inj epinephrine (adrenalin),20250701,
code,J0171,Adrenalin epinephrine inject,20110101,20250630
code,J0172,"Inj, aducanumab-avwa, 2 mg",20220101,20251231
code,J0173,"Inj, epinephrine (belcher)",20230101,20250630
code,J0174,"Lecanemab-irmb, for iv inj",20230706,
code,J0175,"Inj, donanemab-azbt, 2 mg",20240702,
code,J0177,"Inj, aflibercept hd, 1 mg",20240401,
code,J0178,Aflibercept injection,20130101,
code,J0179,"Inj, brolucizumab-dbll, 1 mg",20200101,
code,J0180,Agalsidase beta injection,20050101,
code,J0184,"Inj, amisulpride, 1 mg",20240101,
code,J0185,"Inj., aprepitant, 1 mg",20190101,
code,J0190,Inj biperiden lactate/5 mg,19820101,20251231
code,J0200,Alatrofloxacin mesylate,20000101,20251231
code,J0202,"Injection, alemtuzumab",20160101,
code,J0205,Alglucerase injection,19930101,20251231
code,J0206,Inj allopurinol sodium 1 mg,20230701,
code,J0207,Amifostine,19980101,
code,J0208,"Inj, pedmark, 100 mg",20230401,
code,J0209,"Inj, sod thiosulfate (hope)",20240401,
code,J0210,Methyldopate hcl injection,19840101,
code,J0211,"Inj, nithiodote, 3mg / 125mg",20240701,
code,J0215,Alefacept,20040101,20251231
code,J0216,"Inj, alfentanil hcl, 500mcg",20230701,
code,J0217,Inj velmanase alfa-tycv 1 mg,20240101,
code,J0218,Inj olipudase alfa-rpcp 1mg,20230401,
code,J0219,Inj aval alfa-nqpt 4mg,20220401,
code,J0220,Alglucosidase alfa injection,20080101,
code,J0221,Lumizyme injection,20120101,
code,J0222,"Inj., patisiran, 0.1 mg",20191001,
code,J0223,Inj givosiran 0.5 mg,20200701,
code,J0224,"Inj. lumasiran, 0.5 mg",20210701,
code,J0225,"Inj, vutrisiran, 1 mg",20230101,
code,J0248,"Inj, remdesivir, 1 mg",20211223,
code,J0256,Alpha 1 proteinase inhibitor,19890101,
code,J0257,Glassia injection,20120101,
code,J0270,Alprostadil for injection,19970101,
code,J0275,Alprostadil urethral suppos,19990101,
code,J0278,Amikacin sulfate injection,20060101,
code,J0280,Aminophyllin 250 mg inj,19840101,
code,J0281,Inj aminocaproic acid 1 gram,20250401,
code,J0282,Amiodarone hcl,20010101,
code,J0283,"Inj, amiodarone (nexterone)",20230101,
code,J0285,Amphotericin b,19990101,
code,J0287,Amphotericin b lipid complex,20030101,
code,J0288,Ampho b cholesteryl sulfate,20030101,20251231
code,J0289,Amphotericin b liposome inj,20030101,
code,J0290,Ampicillin 500 mg inj,19840101,
code,J0291,"Inj., plazomicin, 5 mg",20191001,
code,J0295,Ampicillin sulbactam 1.5 gm,19950101,
code,J0300,Amobarbital 125 mg inj,19820101,
code,J0330,Succinycholine chloride inj,19860101,
code,J0348,Anidulafungin injection,20070101,
code,J0349,"Inj, rezafungin, 1 mg",20231001,
code,J0350,Injection anistreplase 30 u,19860101,20251231
code,J0360,Hydralazine hcl injection,19860101,
code,J0364,Apomorphine hydrochloride,20070101,
code,J0365,"Aprotonin, 10,000 kiu",20060101,20251231
code,J0380,Inj metaraminol bitartrate,19820101,20251231
code,J0390,Chloroquine injection,19860101,
code,J0391,"Inj, artesunate, 1mg",20240101,
code,J0395,Arbutamine hcl injection,19990101,20251231
code,J0400,Aripiprazole injection,20080101,
code,J0401,"Inj, abilify maintena, 1 mg",20140101,
code,J0402,"Inj, abilify asimtufii, 1 mg",20240101,
code,J0456,Azithromycin,20000101,
code,J0457,"Injection, aztreonam, 100 mg",20230701,
code,J0458,Aztreonam/avibactam 10 mg,20251001,
code,J0461,Atropine sulfate injection,20100101,
code,J0462,"Atropine sulf, nte, 0.01 mg",20251001,
code,J0463,Inj atropine (fresenius te),20260401,
code,J0470,Dimecaprol injection,19820101,
code,J0475,Baclofen 10 mg injection,19940101,
code,J0476,Baclofen intrathecal trial,19990101,
code,J0480,Basiliximab,20060101,
code,J0485,Belatacept injection,20130101,
code,J0490,Belimumab injection,20120101,
code,J0491,Inj anifrolumab-fnia 1mg,20220401,
code,J0500,Dicyclomine injection,19860101,
code,J0515,Inj benztropine mesylate,19820101,
code,J0517,"Inj., benralizumab, 1 mg",20190101,
code,J0520,Bethanechol chloride inject,19840101,
code,J0525,Inj cefotetan disodium 10 mg,20251001,
code,J0528,Inj fosfomycin disodium 20mg,20260701,
code,J0558,Peng benzathine/procaine inj,20110101,
code,J0561,Penicillin g benzathine inj,20110101,
code,J0565,"Inj, bezlotoxumab, 10 mg",20180101,
code,J0567,"Inj., cerliponase alfa 1 mg",20190101,
code,J0570,Buprenorphine implant 74.2mg,20170101,
code,J0571,Buprenorphine oral 1mg,20150101,
code,J0572,Bupren/nal up to 3mg bupreno,20150101,
code,J0573,Bupren/nal 3.1 to 6mg bupren,20150101,
code,J0574,Bupren/nal 6.1 to 10mg bupre,20150101,
code,J0575,Bupren/nal over 10mg bupreno,20150101,
code,J0576,Inj buprenorph (brixadi) 1mg,20240101,20240331
code,J0577,"Inj, brixadi, 7 days or less",20240401,
code,J0578,"Inj brixadi, more than 7 day",20240401,
code,J0582,Bivalirudin (endo) 1 mg,20251001,
code,J0583,Bivalirudin,20040101,
code,J0584,"Injection, burosumab-twza 1m",20190101,
code,J0585,"Injection,onabotulinumtoxina",19910101,
code,J0586,Abobotulinumtoxina,20100101,
code,J0587,"Inj, rimabotulinumtoxinb",20020101,
code,J0588,Incobotulinumtoxin a,20120101,
code,J0589,Inj daxibotulinumtoxina-lanm,20240401,
code,J0591,"Inj deoxycholic acid, 1 mg",20200701,
code,J0592,Buprenorphine hydrochloride,20030101,
code,J0593,"Inj., lanadelumab-flyo, 1 mg",20191001,
code,J0594,Busulfan injection,20070101,
code,J0595,Butorphanol tartrate 1 mg,20040101,
code,J0596,"Injection, ruconest",20160101,
code,J0597,"C-1 esterase, berinert",20110101,
code,J0598,"C-1 esterase, cinryze",20100101,
code,J0599,"Inj., haegarda 10 units",20190101,
code,J0600,Edetate calcium disodium inj,19820101,
code,J0601,Sevelamer carbonate 20 mg,20250101,
code,J0602,Sevelamer carbonate pdr 20mg,20250101,
code,J0603,Sevelamer hydrochloride 20mg,20250101,
code,J0604,"Cinacalcet, esrd on dialysis",20180101,
code,J0605,Sucroferric oxyhydroxide 5mg,20250101,
code,J0606,"Inj, etelcalcetide, 0.1 mg",20180101,
code,J0607,Lanthanum carbonate oral 5mg,20250101,
code,J0608,Lanthanum carbonate pwdr 5mg,20250101,
code,J0609,Ferric citrate orl 3 mg iron,20250101,
code,J0610,Calcium glucon (fresenius),19820101,20230331
code,J0611,Calcium glucon (wg critical),20230101,20230331
code,J0612,"Inj, calcium gluconate, nos",20230401,
code,J0613,Calcium glucon (wg critical),20230401,
code,J0614,"Inj, treosulfan, 50 mg",20251001,
code,J0615,"Calcium acetate, oral, 23 mg",20250101,
code,J0616,Inj metoprolol tartrate 1 mg,20250701,
code,J0618,"Inj, calcium chloride, 2 mg",20250701,
code,J0620,Calcium glycer & lact/10 ml,19820101,
code,J0630,Calcitonin salmon injection,19820101,
code,J0636,Inj calcitriol per 0.1 mcg,20030101,
code,J0637,Caspofungin acetate,20030101,
code,J0638,Canakinumab injection,20110101,
code,J0640,Leucovorin calcium injection,19820101,20260930
code,J0641,Inj levoleucovorin nos 0.5mg,20090101,
code,J0642,"Injection, khapzory, 0.5 mg",20191001,
code,J0643,Inj leucovorin calcium 1 mg,20261001,
code,J0644,"Inj, leucovorin cal (avyxa)",20261001,
code,J0650,"Inj, levothyroxine nos 10mcg",20240401,
code,J0651,"Inj, levothyroxine, freskabi",20240401,
code,J0652,"Inj, levothyroxine, hikma",20240401,
code,J0654,"Inj, liothyronine, 1 mcg",20260101,
code,J0665,"Inj, bupivacaine, nos, 0.5mg",20230701,
code,J0666,"Inj, bupivacaine liposome",20250101,
code,J0668,"Instill, bupivac and meloxic",20251001,
code,J0670,Inj mepivacaine hcl/10 ml,19860101,
code,J0675,"Inj, carboprost, 0.1 mg",20251001,
code,J0681,Inj ceftobipole medocarl 3mg,20251001,
code,J0687,Inj cefazolin (wg crit care),20240701,
code,J0688,"Inj cefazolin sodium, hikma",20240101,
code,J0689,"Inj cefazolin sodium, baxter",20230101,
code,J0690,Cefazolin sodium injection,19820101,
code,J0691,Inj lefamulin 1 mg,20200701,
code,J0692,Cefepime hcl for injection,20020101,
code,J0693,"Inj., cefiderocol, 5 mg",20210101,20210930
code,J0694,Cefoxitin sodium injection,19920101,
code,J0695,Inj ceftolozane tazobactam,20160101,
code,J0696,Ceftriaxone sodium injection,19900101,
code,J0697,Sterile cefuroxime injection,19900101,
code,J0698,Cefotaxime sodium injection,19910101,
code,J0699,"Inj, cefiderocol, 10 mg",20211001,
code,J0701,Inj. cefepime hcl (baxter),20230101,
code,J0702,Betamethasone acet&sod phosp,19950101,
code,J0703,"Inj, cefepime hcl (b braun)",20230101,
code,J0706,Caffeine citrate injection,20020101,
code,J0710,Cephapirin sodium injection,19820101,20251231
code,J0712,Ceftaroline fosamil inj,20120101,
code,J0713,Inj ceftazidime per 500 mg,19960101,
code,J0714,Ceftazidime and avibactam,20160101,
code,J0715,Ceftizoxime sodium / 500 mg,19950101,20251231
code,J0716,Centruroides immune f(ab),20130101,
code,J0717,Certolizumab pegol inj 1mg,20140101,
code,J0720,Chloramphenicol sodium injec,19820101,
code,J0725,Chorionic gonadotropin/1000u,19860101,
code,J0735,Clonidine hydrochloride,19980101,
code,J0736,"Inj, clindamycin phosp 300mg",20230701,
code,J0737,"Inj, clindamycin (baxter)",20230701,
code,J0738,"Hiv prep, inj, lenacapavir",20251001,
code,J0739,"Hiv prep, inj, cabotegravir",20220701,
code,J0740,Cidofovir injection,19980101,
code,J0741,"Inj, cabote rilpivir 2mg 3mg",20211001,
code,J0742,Inj imip 4 cilas 4 releb 2mg,20200701,
code,J0743,Cilastatin sodium injection,19930101,
code,J0744,Ciprofloxacin iv,20020101,
code,J0745,Inj codeine phosphate /30 mg,19860101,
code,J0750,"Hiv prep, ftc/tdf 200/300mg",20240102,
code,J0751,"Hiv prep, ftc/taf 200/25mg",20240102,
code,J0752,"Hiv prep, oral lenacapavir",20251001,
code,J0759,"Inj, clevidipine, 1 mg",20251001,
code,J0760,Colchicine injection,19820101,20161231
code,J0770,Colistimethate sodium inj,19820101,
code,J0775,"Collagenase, clost hist inj",20110101,
code,J0780,Prochlorperazine injection,19840101,
code,J0791,Inj crizanlizumab-tmca 5mg,20200701,
code,J0795,Corticorelin ovine triflutal,20060101,20251231
code,J0799,"Hiv prep, fda approved, noc",20240102,
code,J0800,Corticotropin injection,19820101,20230930
code,J0801,Inj. acthar gel to 40 units,20231001,
code,J0802,"Inj. (ani), up to 40 units",20231001,
code,J0833,Cosyntropin injection nos,20100101,20181231
code,J0834,"Inj., cosyntropin, 0.25 mg",20100101,
code,J0840,Crotalidae poly immune fab,20120101,
code,J0841,Inj crotalidae im f(ab')2 eq,20190101,
code,J0850,Cytomegalovirus imm iv /vial,19820101,
code,J0870,"Injection, imetelstat, 1 mg",20250101,
code,J0871,"Inj, daptomycin (endo) 1mg",20261001,
code,J0872,Daptomycin (xellia) unrefrig,20240701,
code,J0873,Inj daptomycin (xellia),20240101,
code,J0874,"Inj, daptomycin (baxter)",20231001,
code,J0875,"Injection, dalbavancin",20160101,
code,J0877,"Inj, daptomycin (hospira)",20230101,
code,J0878,Daptomycin injection,20050101,
code,J0879,"Difelikefalin, esrd on dialy",20220401,
code,J0881,"Darbepoetin alfa, non-esrd",20060101,
code,J0882,"Darbepoetin alfa, esrd use",20060101,
code,J0883,Argatroban nonesrd use 1mg,20170101,
code,J0884,Argatroban esrd dialysis 1mg,20170101,
code,J0885,"Epoetin alfa, non-esrd",20060101,
code,J0886,Epoetin alfa 1000 units esrd,20060101,20151231
code,J0887,Epoetin beta esrd use,20150101,
code,J0888,Epoetin beta non esrd,20150101,
code,J0889,Daprodustat oral 1mg esrd,20231001,20251231
code,J0890,Peginesatide injection,20130101,
code,J0891,Argatroban nonesrd (accord),20230101,
code,J0892,Argatroban dialysis (accord),20230101,
code,J0893,"Inj, decitabine (sun pharma)",20230101,
code,J0894,Decitabine injection,20070101,
code,J0895,Deferoxamine mesylate inj,19920101,
code,J0896,Inj luspatercept-aamt 0.25mg,20200701,
code,J0897,Denosumab injection,20120101,
code,J0898,Argatroban nonesrd (auromed),20230101,
code,J0899,"Argatroban dialysis, auromed",20230101,
code,J0900,Testosterone enanthate inj,19820101,20141231
code,J0901,Vadadustat oral 1mg for esrd,20250101,
code,J0911,Inst tauro 1.35mg/hep 100u,20240701,
code,J0945,Brompheniramine maleate inj,19820101,
code,J1000,Depo-estradiol cypionate inj,19820101,
code,J1010,"Inj, methylpred acetate 1 mg",20240401,
code,J1020,Methylprednisolone 20 mg inj,19820101,20240331
code,J1030,Methylprednisolone 40 mg inj,19820101,20240331
code,J1040,Methylprednisolone 80 mg inj,19820101,20240331
code,J1050,Medroxyprogesterone acetate,20130101,
code,J1060,Testosterone cypionate 1 ml,19820101,20141231
code,J1070,Testosterone cypionat 100 mg,19820101,20141231
code,J1071,Inj testosterone cypionate,20150101,
code,J1072,"Inj, testosterone, azmiro",20250401,
code,J1073,Testosterone pellet 75 mg,20260101,
code,J1080,Testosterone cypionat 200 mg,19820101,20141231
code,J1094,Inj dexamethasone acetate,20030101,20250331
code,J1095,"Injection, dexamethasone 9%",20190101,
code,J1096,Dexametha opth insert 0.1 mg,20191001,
code,J1097,Phenylep ketorolac opth soln,20191001,
code,J1098,Articaine ophthalmi 8% 0.4ml,20260401,
code,J1100,Dexamethasone sodium phos,19820101,
code,J1105,"Dexmedetomidine film, 1 mcg",20240101,
code,J1110,Inj dihydroergotamine mesylt,19820101,
code,J1120,Acetazolamid sodium injectio,19820101,
code,J1130,Inj diclofenac sodium 0.5mg,20170101,
code,J1160,Digoxin injection,19820101,
code,J1162,Digoxin immune fab (ovine),20060101,
code,J1163,"Inj, diltiazem hcl, 0.5 mg",20250701,
code,J1164,Inj diltiazem in 0.72% nacl,20260401,
code,J1165,Phenytoin sodium injection,19820101,
code,J1170,Hydromorphone injection,19820101,20240930
code,J1171,"Inj, hydromorphone, 0.1 mg",20241001,
code,J1180,Dyphylline injection,19820101,
code,J1190,Dexrazoxane hcl injection,19970101,
code,J1200,Diphenhydramine hcl injectio,19820101,
code,J1201,Inj. cetirizine hcl 0.5mg,20200701,
code,J1202,Miglustat oral 65 mg,20240401,
code,J1203,"Inj, cipaglucosidase, 5 mg",20240401,
code,J1205,Chlorothiazide sodium inj,19820101,
code,J1212,Dimethyl sulfoxide 50% 50 ml,19860101,
code,J1230,Methadone injection,19820101,
code,J1240,Dimenhydrinate injection,19840101,
code,J1245,Dipyridamole injection,19930101,
code,J1250,Inj dobutamine hcl/250 mg,19960101,
code,J1260,Dolasetron mesylate,19990101,
code,J1265,Dopamine injection,20060101,
code,J1267,Doripenem injection,20090101,20251231
code,J1270,"Injection, doxercalciferol",20020101,
code,J1271,Inj doxycycline hyclate 1 mg,20250401,
code,J1289,"Narsoplimab-wuug, 1 mg",20260701,
code,J1290,Ecallantide injection,20110101,
code,J1299,"Inj, eculizumab, 2 mg",20250401,
code,J1300,Eculizumab injection,20080101,20250331
code,J1301,"Injection, edaravone, 1 mg",20190101,
code,J1302,"Inj, sutimlimab-jome, 10 mg",20221001,
code,J1303,"Inj., ravulizumab-cwvz 10 mg",20191001,
code,J1304,Inj tofersen intrathec 1 mg,20240101,
code,J1305,"Inj, evinacumab-dgnb, 5mg",20211001,
code,J1306,"Injection, inclisiran, 1 mg",20220701,
code,J1307,"Inj, crovalimab-akkz, 10 mg",20250101,
code,J1308,"Inj, famotidine, 0.25 mg",20250401,
code,J1320,Amitriptyline injection,19820101,
code,J1322,"Elosulfase alfa, injection",20150101,
code,J1323,"Inj, elranatamab-bcmm, 1 mg",20240401,
code,J1324,Enfuvirtide injection,20070101,
code,J1325,Epoprostenol injection,19980101,
code,J1326,"Inj, zolbetuximab-clzb, 2 mg",20250701,
code,J1327,Eptifibatide injection,20000101,
code,J1330,Ergonovine maleate injection,19860101,20251231
code,J1335,Ertapenem injection,20040101,
code,J1364,Erythro lactobionate /500 mg,19950101,
code,J1370,"Inj, esomeprazole sod, 1 mg",20251001,
code,J1380,Estradiol valerate 10 mg inj,19820101,
code,J1410,Inj estrogen conjugate 25 mg,19820101,
code,J1411,"Inj, hemgenix, per tx dose",20230401,
code,J1412,Inj roctavian ml 2x10^13vc g,20240101,
code,J1413,Inj delandistrogene mox rokl,20240101,
code,J1414,"Inj, beqvez, per tx dose",20250101,
code,J1426,"Injection, casimersen, 10 mg",20211001,
code,J1427,Inj. viltolarsen,20210401,
code,J1428,"Inj, eteplirsen, 10 mg",20180101,
code,J1429,Inj golodirsen 10 mg,20200701,
code,J1430,Ethanolamine oleate 100 mg,20060101,
code,J1434,"Inj, focinvez, 1mg",20240401,
code,J1435,Injection estrone per 1 mg,19820101,
code,J1436,Etidronate disodium inj,19900101,
code,J1437,Inj. fe derisomaltose 10 mg,20201001,
code,J1438,Etanercept injection,20000101,
code,J1439,Inj ferric carboxymaltos 1mg,20150101,
code,J1440,Fecal microbiota jslm 1 ml,20230701,
code,J1442,Inj filgrastim excl biosimil,20140101,
code,J1443,Inj ferric pyrophosphate cit,20160101,20251231
code,J1444,Fe pyro cit pow 0.1 mg iron,20190701,20251231
code,J1445,Inj triferic avnu 0.1mg iron,20211001,20251231
code,J1446,"Inj, tbo-filgrastim, 5 mcg",20140101,20151231
code,J1447,Inj tbo filgrastim 1 microg,20160101,
code,J1448,"Injection, trilaciclib, 1mg",20211001,
code,J1449,Inj eflapegrastim-xnst 0.1mg,20230401,
code,J1450,Fluconazole,20000101,
code,J1451,"Fomepizole, 15 mg",20060101,
code,J1452,Intraocular fomivirsen na,20010101,20251231
code,J1453,Fosaprepitant injection,20090101,
code,J1454,"Inj fosnetupitant, palonoset",20190101,
code,J1455,Foscarnet sodium injection,19930101,
code,J1456,"Inj, fosaprepitant (teva)",20230101,
code,J1457,Gallium nitrate injection,20050101,20251231
code,J1458,Galsulfase injection,20070101,
code,J1459,Inj ivig privigen 500 mg,20090101,
code,J1460,Gamma globulin 1 cc inj,19840101,
code,J1551,Inj cutaquig 100 mg,20220701,
code,J1552,"Inj, alyglo, 500 mg",20250101,
code,J1553,Inj yimmugo 100 mg,20260401,
code,J1554,Inj. asceniv,20210401,
code,J1555,"Inj cuvitru, 100 mg",20180101,
code,J1556,"Inj, imm glob bivigam, 500mg",20140101,
code,J1557,Gammaplex injection,20120101,
code,J1558,"Inj. xembify, 100 mg",20200701,
code,J1559,Hizentra injection,20110101,
code,J1560,Gamma globulin > 10 cc inj,19840101,
code,J1561,Gamunex-c/gammaked,20080101,
code,J1562,"Vivaglobin, inj",20070101,20251231
code,J1566,"Immune globulin, powder",20060101,
code,J1568,Octagam injection,20080101,
code,J1569,Gammagard liquid/erc inj,20080101,
code,J1570,Ganciclovir sodium injection,19940101,
code,J1571,Hepagam b im injection,20080101,
code,J1572,Flebogamma injection,20080101,
code,J1573,"Hepagam b intravenous, inj",20080101,
code,J1574,"Inj, ganciclovir (exela)",20230101,
code,J1575,Hyqvia 100mg immuneglobulin,20160101,
code,J1576,"Inj, panzyga, 500 mg",20230701,
code,J1577,"Inj, qivigy, 100mg",20260701,
code,J1580,Garamycin gentamicin inj,19840101,
code,J1590,Gatifloxacin injection,20020101,20161231
code,J1595,Injection glatiramer acetate,20040101,
code,J1596,"Inj, glycopyrrolate, 0.1 mg",20240101,
code,J1597,"Inj glycopyrrolate, glyrx-pf",20240701,
code,J1598,Inj glycopyrrolate fres kabi,20240701,
code,J1599,"Ivig non-lyophilized, nos",20110101,
code,J1600,Gold sodium thiomaleate inj,19820101,
code,J1602,Golimumab for iv use 1mg,20140101,
code,J1610,Glucagon hydrochloride/1 mg,19860101,
code,J1611,"Inj glucagon hcl, fresenius",20230101,
code,J1612,Inj glucagon (gvoke) 0.01 mg,20251001,
code,J1620,Gonadorelin hydroch/ 100 mcg,19820101,20251231
code,J1626,Granisetron hcl injection,19980101,
code,J1627,"Inj, granisetron, xr, 0.1 mg",20180101,
code,J1628,"Inj., guselkumab, 1 mg",20190101,
code,J1630,Haloperidol injection,19860101,
code,J1631,Haloperidol decanoate inj,19890101,
code,J1632,"Inj., brexanolone, 1 mg",20201001,
code,J1640,"Hemin, 1 mg",20060101,
code,J1642,Inj heparin sodium per 10 u,19950101,
code,J1643,"Inj heparin, pfizer, 1000u",20230101,
code,J1644,Inj heparin sodium per 1000u,19950101,
code,J1645,Dalteparin sodium,19970101,
code,J1650,Inj enoxaparin sodium,19960101,
code,J1652,Fondaparinux sodium,20030101,
code,J1655,Tinzaparin sodium injection,20020101,20251231
code,J1670,Tetanus immune globulin inj,19860101,
code,J1675,Histrelin acetate,20060101,
code,J1700,Hydrocortisone acetate inj,19820101,
code,J1710,Hydrocortisone sodium ph inj,19820101,20251231
code,J1720,Hydrocortisone sodium succ i,19820101,
code,J1725,Hydroxyprogesterone caproate,20120101,20171231
code,J1726,"Makena, 10 mg",20180101,
code,J1729,Inj hydroxyprogst capoat nos,20180101,
code,J1730,Diazoxide injection,19820101,
code,J1736,Inj meloxicam (delova) 1mg,20260101,
code,J1737,Inj meloxicam (azurity) 1mg,20260101,
code,J1738,Inj. meloxicam 1 mg,20201001,
code,J1740,Ibandronate sodium injection,20070101,
code,J1741,Ibuprofen injection,20130101,
code,J1742,Ibutilide fumarate injection,19980101,
code,J1743,Idursulfase injection,20080101,
code,J1744,Icatibant injection,20130101,
code,J1745,Infliximab not biosimil 10mg,20000101,
code,J1746,"Inj., ibalizumab-uiyk, 10 mg",20190101,
code,J1747,"Inj, spesolimab-sbzo, 1 mg",20230401,
code,J1748,"Inj, zymfentra, 10 mg",20240701,
code,J1749,"Inj, iloprost, 0.1 mcg",20241001,
code,J1750,Inj iron dextran,20051231,
code,J1756,Iron sucrose injection,20030101,
code,J1757,Inj tivideno alfa-eknm 1,20261001,
code,J1786,Imuglucerase injection,20110101,
code,J1790,Droperidol injection,19820101,
code,J1800,Propranolol injection,19820101,
code,J1805,"Inj, esmolol hcl, 10mg",20230701,
code,J1806,Inj esmolol hcl wg crit care,20230701,
code,J1807,"Inj, ethacrynate sod, 1 mg",20251001,
code,J1808,"Inj, folic acid, 0.1 mg",20250401,
code,J1809,"Inj, fosdenopterin, 0.1mg",20251001,
code,J1810,Droperidol/fentanyl inj,19820101,20250331
code,J1811,Fiasp for insulin pump use,20230701,
code,J1812,Inj. insulin (fiasp),20230701,
code,J1813,Lyumjev for insulin pump use,20230701,
code,J1814,Inj. insulin (lyumjev),20230701,
code,J1815,Insulin injection,20030101,
code,J1817,Insulin for insulin pump use,20030101,
code,J1818,Inj pegzilarginase-nbln,20261001,
code,J1823,"Inj. inebilizumab-cdon, 1 mg",20210101,
code,J1826,Interferon beta-1a inj,20110101,
code,J1830,Interferon beta-1b / .25 mg,19820101,
code,J1833,"Injection, isavuconazonium",20160101,
code,J1834,"Inj, isoniazid, 1 mg",20251001,
code,J1835,Itraconazole injection,20020101,
code,J1836,"Inj, metronidazole, 10 mg",20230701,
code,J1837,"Inj, posaconazole, 1 mg",20260101,
code,J1840,Kanamycin sulfate 500 mg inj,19820101,20240331
code,J1850,Kanamycin sulfate 75 mg inj,19820101,20240331
code,J1885,Ketorolac tromethamine inj,19930101,
code,J1890,Cephalothin sodium injection,19820101,20250331
code,J1920,"Inj, labetalol hcl, 5mg",20230701,
code,J1921,"Inj labetalol hcl hikma, 5mg",20230701,
code,J1930,Lanreotide injection,20090101,
code,J1931,Laronidase injection,20050101,
code,J1932,"Inj, lanreotide, (cipla) 1mg",20221001,
code,J1938,"Inj, furosemide, 1 mg",20250401,
code,J1939,"Inj, bumetanide, 0.5 mg",20240101,
code,J1940,Furosemide injection,19820101,20250331
code,J1941,"Inj, furoscix, 20 mg",20230701,20260930
code,J1942,Aripiprazole lauroxil 1mg,20170101,20190930
code,J1943,"Inj., aristada initio, 1 mg",20191001,
code,J1944,Aripiprazole lauroxil 1 mg,20191001,
code,J1945,Lepirudin,20060101,20251231
code,J1946,"Inj, furose lasix onyu, 1 mg",20261001,
code,J1947,"Inj, furoscix, 1 mg",20261001,
code,J1950,Leuprolide acetate /3.75 mg,19860101,
code,J1951,Inj fensolvi 0.25 mg,20210701,
code,J1952,"Leuprolide inj, camcevi, 1mg",20220101,
code,J1953,Levetiracetam injection,20090101,20260930
code,J1954,Inj leu acet lutr dpt 7.5 mg,20230101,
code,J1955,Inj levocarnitine per 1 gm,19960101,
code,J1956,Levofloxacin injection,19990101,
code,J1957,Injection levetiracetam 5 mg,20261001,
code,J1958,Inj levetirac sodi chlo 5 mg,20261001,
code,J1960,Levorphanol tartrate inj,19820101,
code,J1961,Inj lenacapavir (hiv tx) 1mg,20230701,
code,J1980,Hyoscyamine sulfate inj,19820101,
code,J1990,Chlordiazepoxide injection,19820101,
code,J2001,Lidocaine injection,20040101,20240930
code,J2002,"Inj, lidocaine in d5w, 1 mg",20241001,
code,J2003,"Inj, lidocaine hcl, 1 mg",20241001,
code,J2004,"Inj, lidocaine w epinephrine",20241001,
code,J2010,Lincomycin injection,19820101,
code,J2020,Linezolid injection,20020101,
code,J2021,"Inj, linezolid (hospira)",20230101,
code,J2060,Lorazepam injection,19820101,
code,J2062,Loxapine for inhalation 1 mg,20190101,
code,J2150,Mannitol injection,19860101,20250930
code,J2151,"Inj, mannitol, 250 mg",20251001,
code,J2170,Mecasermin injection,20070101,
code,J2175,Meperidine hydrochl /100 mg,19860101,
code,J2180,Meperidine/promethazine inj,19820101,
code,J2182,"Injection, mepolizumab, 1mg",20170101,
code,J2183,Inj meropenem (wg crit care),20240701,
code,J2184,"Inj, meropenem (b. braun)",20230101,
code,J2185,Meropenem,20040101,
code,J2186,"Inj., meropenem, vaborbactam",20190101,
code,J2210,Methylergonovin maleate inj,19820101,
code,J2212,Methylnaltrexone injection,20130101,
code,J2246,"Inj, micafungin (baxter)",20240701,
code,J2247,"Inj, micafungin (par pharm)",20230101,
code,J2248,Micafungin sodium injection,20070101,
code,J2249,"Inj, remimazolam, 1 mg",20230701,
code,J2250,Inj midazolam hydrochloride,19960101,
code,J2251,Inj midazolam in 0.9% nacl,20230101,
code,J2252,Inj midazolam in 0.8% nacl,20241001,
code,J2253,Inj midazolam (seizalam),20241001,
code,J2260,Inj milrinone lactate / 5 mg,19860101,
code,J2265,Minocycline hydrochloride,20120101,
code,J2267,"Inj, mirikizumab-mrkz, 1 mg",20240701,
code,J2270,Morphine sulfate injection,19820101,
code,J2271,Morphine so4 injection 100mg,19990101,20141231
code,J2272,"Inj, morphine (fresenius)",20230101,
code,J2274,Inj morphine pf epid ithc,20150101,
code,J2275,Morphine sulfate injection,19930101,20141231
code,J2277,"Inj, motixafortide, 0.25 mg",20240401,
code,J2278,Ziconotide injection,20060101,
code,J2280,"Inj, moxifloxacin 100 mg",20040101,
code,J2281,Inj moxifloxacin (fres kabi),20230101,
code,J2290,"Inj, nafcillin sodium, 20 mg",20250101,
code,J2291,"Inj, nafcillin (baxter) 20mg",20251001,
code,J2300,Inj nalbuphine hydrochloride,19960101,
code,J2305,"Inj, nitroglycerin, 5 mg",20230701,
code,J2310,Inj naloxone hydrochloride,19960101,20250630
code,J2311,"Inj, naloxone hcl (zimhi)",20230101,20250630
code,J2312,"Inj naloxone hcl nos, 0.01mg",20250701,
code,J2313,"Inj, naloxone (zimhi) 0.01mg",20250701,
code,J2315,"Naltrexone, depot form",20070101,
code,J2320,Nandrolone decanoate 50 mg,19860101,
code,J2323,Natalizumab injection,20080101,
code,J2325,Nesiritide injection,20060101,
code,J2326,"Inj, nusinersen, 0.1mg",20180101,
code,J2327,Inj risankizumab-rzaa 1 mg,20230101,
code,J2329,"Inj ublituximab-xiiy, 1 mg",20230701,
code,J2350,"Injection, ocrelizumab, 1 mg",20180101,
code,J2351,Inj ocrelizumab 1mg hya-ocsq,20250401,
code,J2353,"Octreotide injection, depot",20040101,
code,J2354,"Octreotide inj, non-depot",20040101,
code,J2355,Oprelvekin injection,19990101,
code,J2356,"Inj tezepelumab-ekko, 1mg",20220701,
code,J2357,Omalizumab injection,20050101,
code,J2358,Olanzapine long-acting inj,20110101,
code,J2359,"Inj. olanzapine, 0.5mg",20231001,
code,J2360,Orphenadrine injection,19820101,
code,J2361,Inj depemokimab-ulaa 1 mg,20260701,
code,J2370,Phenylephrine hcl injection,19820101,20230630
code,J2371,Inj phenylephrine hcl 20 mcg,20230701,
code,J2372,"Inj, biorphen, 20 micrograms",20230701,
code,J2373,"Inj, immphentiv, 20 mcg",20240701,
code,J2374,Apraclonidine hcl opht 0.1ml,20260701,
code,J2400,Chloroprocaine hcl injection,19860101,20221231
code,J2401,Chloroprocaine hcl injection,20230101,
code,J2402,Chloroprocaine (clorotekal),20230101,
code,J2403,"Chloroprocaine opht gel, 1mg",20230401,
code,J2404,"Inj, nicardipine 0.1 mg",20240101,
code,J2405,Ondansetron hcl injection,19930101,
code,J2406,"Injection, oritavancin 10 mg",20211001,
code,J2407,"Injection, oritavancin",20160101,
code,J2410,Oxymorphone hcl injection,19820101,
code,J2425,Palifermin injection,20060101,
code,J2426,"Inj, invega sustenna, 1 mg",20110101,
code,J2427,"Inj, invega hafyera/trinza",20230701,
code,J2428,"Inj, erzofri, 1 mg",20250401,
code,J2430,Pamidronate disodium /30 mg,19820101,
code,J2440,Papaverin hcl injection,19860101,
code,J2460,Oxytetracycline injection,19820101,
code,J2468,"Inj, palonosetron (posfrea)",20240701,
code,J2469,Palonosetron hcl,20050101,
code,J2470,Inj pantoprazole sodium 40mg,20240701,
code,J2471,Inj pantoprazole(hikma) 40mg,20240701,
code,J2472,"Inj, pantoprazole sodium chl",20250101,
code,J2501,Paricalcitol,20030101,
code,J2502,"Inj, pasireotide long acting",20160101,
code,J2503,Pegaptanib sodium injection,20060101,20250930
code,J2504,"Pegademase bovine, 25 iu",20060101,20251231
code,J2505,"Injection, pegfilgrastim 6mg",20040101,20211231
code,J2506,Inj pegfilgrast ex bio 0.5mg,20220101,
code,J2507,Pegloticase injection,20120101,
code,J2508,Pegunigalsidase alfa-iwxj,20240101,
code,J2510,Penicillin g procaine inj,19820101,
code,J2513,Pentastarch 10% solution,20060101,20251231
code,J2515,Pentobarbital sodium inj,19820101,
code,J2516,"Inj, pentamidine isethionate",20260101,
code,J2540,Penicillin g potassium inj,19820101,
code,J2543,Piperacillin/tazobactam,20000101,
code,J2545,Pentamidine non-comp unit,19920101,
code,J2547,"Injection, peramivir",20160101,
code,J2550,Promethazine hcl injection,19820101,
code,J2560,Phenobarbital sodium inj,19820101,
code,J2561,"Inj, sezaby, 1 mg",20230701,
code,J2562,Plerixafor injection,20100101,
code,J2590,Oxytocin injection,19860101,
code,J2596,Vasopressin (long grove) 1 u,20260101,
code,J2597,Inj desmopressin acetate,19960101,
code,J2598,"Inj, vasopressin, 1 unit",20230701,
code,J2599,Inj vasopressin (am reg) 1 u,20230701,
code,J2601,"Inj, vasopressin (baxter)",20241001,
code,J2650,Prednisolone acetate inj,19820101,
code,J2670,Totazoline hcl injection,19860101,
code,J2675,Inj progesterone per 50 mg,19860101,
code,J2679,Inj fluphenazine hcl 1.25 mg,20240101,
code,J2680,Fluphenazine decanoate 25 mg,19820101,
code,J2690,Procainamide hcl injection,19820101,
code,J2700,Oxacillin sodium injeciton,19820101,
code,J2704,"Inj, propofol, 10 mg",20150101,
code,J2710,Neostigmine methylslfte inj,19820101,
code,J2711,Inj neostigmin/glycopyrrolat,20260101,
code,J2720,Inj protamine sulfate/10 mg,19820101,
code,J2724,Protein c concentrate,20080101,
code,J2725,Inj protirelin per 250 mcg,19950101,
code,J2730,Pralidoxime chloride inj,19860101,
code,J2760,Phentolaine mesylate inj,19820101,
code,J2765,Metoclopramide hcl injection,19820101,
code,J2770,Quinupristin/dalfopristin,20010101,
code,J2777,"Inj, faricimab-svoa, 0.1mg",20221001,
code,J2778,Ranibizumab injection,20080101,
code,J2779,"Inj, susvimo 0.1 mg",20220701,
code,J2780,Ranitidine hydrochloride inj,20000101,20240630
code,J2781,"Inj, pegcetacoplan, 1mg",20231001,
code,J2782,Inj avacincaptad pegol 0.1mg,20240401,
code,J2783,Rasburicase,20040101,
code,J2785,Regadenoson injection,20090101,
code,J2786,"Injection, reslizumab, 1mg",20170101,
code,J2787,Riboflavin photrexa/viscous,20190101,
code,J2788,Rho d immune globulin 50 mcg,20030101,
code,J2789,Riboflavin epioxa/hd<=2ml,20260701,
code,J2790,Rho d immune globulin inj,19860101,
code,J2791,Rhophylac injection,20080101,
code,J2792,"Rho(d) immune globulin h, sd",19990101,
code,J2793,Rilonacept injection,20100101,
code,J2794,"Inj risperdal consta, 0.5 mg",20050101,
code,J2795,Ropivacaine hcl injection,20010101,
code,J2796,Romiplostim injection,20100101,20241231
code,J2797,"Inj., rolapitant, 0.5 mg",20190101,
code,J2798,"Inj., perseris, 0.5 mg",20191001,
code,J2799,"Inj, uzedy, 1 mg",20240101,
code,J2800,Methocarbamol injection,19820101,
code,J2801,"Inj, rykindo, 0.5 mg",20240401,
code,J2802,"Inj, romiplostim 1 microgram",20250101,
code,J2804,"Inj, rifampin, 1 mg",20250401,
code,J2805,Sincalide injection,20060101,
code,J2806,"Inj sincalide, maia, 5 mcg",20230701,20241231
code,J2810,Inj theophylline per 40 mg,19820101,
code,J2820,Sargramostim injection,19820101,
code,J2840,Inj sebelipase alfa 1 mg,20170101,
code,J2850,Inj secretin synthetic human,20060101,
code,J2860,"Injection, siltuximab",20160101,
code,J2865,Inj sulfameth/trim 5 mg/1 mg,20250401,
code,J2910,Aurothioglucose injeciton,19820101,20251231
code,J2916,Na ferric gluconate complex,20030101,
code,J2919,"Inj, methylpred sod succ 5mg",20240401,
code,J2920,Methylprednisolone injection,19820101,20240331
code,J2930,Methylprednisolone injection,19840101,20240331
code,J2940,Somatrem injection,20020101,20251231
code,J2941,Somatropin injection,20020101,
code,J2950,Promazine hcl injection,19820101,
code,J2993,Reteplase injection,20010101,
code,J2995,Inj streptokinase /250000 iu,19860101,20251231
code,J2997,Alteplase recombinant,20010101,
code,J2998,Inj plasminogen tvmh 1mg,20220701,
code,J3000,Streptomycin injection,19820101,
code,J3010,Fentanyl citrate injection,19820101,
code,J3030,Sumatriptan succinate / 6 mg,19860101,
code,J3031,"Inj., fremanezumab-vfrm 1 mg",20191001,
code,J3032,Inj. eptinezumab-jjmr 1 mg,20201001,
code,J3055,Inj talquetamab-tgvs 0.25 mg,20240401,
code,J3060,"Inj, taliglucerase alfa 10 u",20140101,
code,J3070,Pentazocine injection,19820101,
code,J3090,Inj tedizolid phosphate,20160101,
code,J3095,Telavancin injection,20110101,
code,J3101,Tenecteplase injection,20090101,
code,J3105,Terbutaline sulfate inj,19870101,
code,J3110,Teriparatide injection,20050101,
code,J3111,Inj. romosozumab-aqqg 1 mg,20191001,
code,J3120,Testosterone enanthate inj,19820101,20141231
code,J3121,Inj testostero enanthate 1mg,20150101,
code,J3130,Testosterone enanthate inj,19820101,20141231
code,J3140,Testosterone suspension inj,19820101,20141231
code,J3145,Testosterone undecanoate 1mg,20150101,
code,J3150,Testosteron propionate inj,19820101,20141231
code,J3230,Chlorpromazine hcl injection,19820101,
code,J3240,Thyrotropin injection,19860101,
code,J3241,Inj. teprotumumab-trbw 10 mg,20201001,
code,J3243,Tigecycline injection,20070101,
code,J3244,Inj. tigecycline (accord),20230101,
code,J3245,"Inj., tildrakizumab, 1 mg",20190101,
code,J3246,Tirofiban hcl,20050101,
code,J3247,Inj secukinumab intrav 1mg,20240701,
code,J3250,Trimethobenzamide hcl inj,19820101,
code,J3260,Tobramycin sulfate injection,19820101,
code,J3262,Tocilizumab injection,20110101,
code,J3263,"Inj, toripalimab-tpzi, 1 mg",20240701,
code,J3265,Injection torsemide 10 mg/ml,19960101,
code,J3268,"Injection, delafloxacin",20261001,
code,J3280,Thiethylperazine maleate inj,19820101,20251231
code,J3285,Treprostinil injection,20060101,
code,J3290,"Inj, tranexamic acid 5 mg",20251001,
code,J3291,Tranexamic acid in sod chlor,20260101,
code,J3299,Inj xipere 1 mg,20220701,
code,J3300,Triamcinolone a inj prs-free,20090101,
code,J3301,Triamcinolone acet inj nos,19910101,
code,J3302,Triamcinolone diacetate inj,19910101,
code,J3303,Triamcinolone hexacetonl inj,19910101,
code,J3304,Inj triamcinolone ace xr 1mg,20190101,
code,J3305,Inj trimetrexate glucoronate,19960101,20251231
code,J3310,Perphenazine injeciton,19820101,20251231
code,J3315,Triptorelin pamoate,20030101,
code,J3316,"Inj., triptorelin xr 3.75 mg",20190101,
code,J3320,Spectinomycn di-hcl inj,19820101,20251231
code,J3350,Urea injection,19860101,
code,J3355,"Urofollitropin, 75 iu",20060101,20251231
code,J3357,"Ustekinumab sub cu inj, 1 mg",20110101,
code,J3358,"Ustekinumab, iv inject, 1 mg",20180101,
code,J3360,Diazepam injection,19820101,
code,J3364,Urokinase 5000 iu injection,19930101,20251231
code,J3365,"Urokinase 250,000 iu inj",19920101,20251231
code,J3370,Vancomycin hcl injection,19860101,20250630
code,J3371,"Inj, vancomycin hcl (mylan)",20230101,20250630
code,J3372,"Inj, vancomycin hcl (xellia)",20230101,20250630
code,J3373,"Inj, vancomycin hcl, 10 mg",20250701,
code,J3374,"Inj, vancomycin (mylan) 10mg",20250701,
code,J3375,"Inj, vanco (tyzavan) 10mg",20250701,
code,J3376,Inj vancomycin (hikma) 10mg,20260101,
code,J3379,"Inj, valproate sod, 5 mg",20260101,
code,J3380,Inj vedolizumab iv 1 mg,20160101,
code,J3385,Velaglucerase alfa,20110101,
code,J3386,Etuvetidigene autotemecel,20260701,
code,J3387,Inj elivaldogene autotemecel,20260101,
code,J3389,Topi adm prad zami per treat,20260101,
code,J3391,"Inj, atidarsagene autotemcel",20250701,
code,J3392,"Inj, exagamglogene autotem",20250101,
code,J3393,"Inj, betibeglogene autotemce",20240701,
code,J3394,"Inj, lovotibeglogene autotem",20240701,
code,J3396,Verteporfin injection,20050101,
code,J3397,"Inj., vestronidase alfa-vjbk",20190101,
code,J3398,Inj luxturna 1 billion vec g,20190101,
code,J3399,Inj onase abepar-xioi treat,20200701,
code,J3400,Triflupromazine hcl inj,19820101,20251231
code,J3401,"Vyjuvek 5x10^9pfu/ml, 0.1 ml",20240101,
code,J3402,Inj. remestemcel-l-rknd/ td,20251001,
code,J3403,"Revakinagene, per implant",20251001,
code,J3404,Inj zopapogene per ther dose,20260401,
code,J3405,Inj onase abepar-brve treat,20260701,
code,J3406,"Inj omidubicel-onlv, tx dose",20261001,
code,J3410,Hydroxyzine hcl injection,19820101,
code,J3411,Thiamine hcl 100 mg,20040101,
code,J3415,Pyridoxine hcl 100 mg,20040101,
code,J3420,Vitamin b12 injection,19860101,
code,J3424,Inj hydroxocobalamin iv 25mg,20240401,
code,J3425,Hydroxocobalamin im 10mcg,20240101,
code,J3430,Vitamin k phytonadione inj,19820101,
code,J3465,"Injection, voriconazole",20040101,
code,J3470,Hyaluronidase injection,19820101,
code,J3471,"Ovine, up to 999 usp units",20060101,
code,J3472,"Ovine, 1000 usp units",20060101,
code,J3473,Hyaluronidase recombinant,20070101,
code,J3475,Inj magnesium sulfate,19960101,
code,J3480,Inj potassium chloride,19960101,
code,J3485,Zidovudine,20010101,
code,J3486,Ziprasidone mesylate,20040101,
code,J3489,Zoledronic acid 1mg,20140101,
code,J3490,Drugs unclassified injection,19860101,
code,J3520,Edetate disodium per 150 mg,19860101,
code,J3530,Nasal vaccine inhalation,19860101,
code,J3535,Metered dose inhaler drug,19940101,
code,J3570,Laetrile amygdalin vit b17,19860101,
code,J3590,Unclassified biologics,20030101,
code,J3591,Esrd on dialysi drug/bio noc,20190101,
code,J7030,Normal saline solution infus,19820101,
code,J7040,Normal saline solution infus,19840101,
code,J7042,5% dextrose/normal saline,19840101,
code,J7050,Normal saline solution infus,19820101,
code,J7060,5% dextrose/water,19850101,
code,J7070,D5w infusion,19820101,
code,J7100,Dextran 40 infusion,19820101,
code,J7110,Dextran 75 infusion,19820101,
code,J7120,Ringers lactate infusion,19820101,
code,J7121,5% dextrose in lac ringers,20160101,
code,J7131,Hypertonic saline sol,20120101,
code,J7165,"Inj, human-lans, per i.u",20240401,
code,J7168,Prothrombin complex kcentra,20210701,
code,J7169,"Inj andexxa, 10 mg",20200701,
code,J7170,"Inj., emicizumab-kxwh 0.5 mg",20190101,
code,J7171,"Inj, adzynma, 10 iu",20240701,
code,J7172,"Inj marstacim-hncq, 0.5 mg",20250701,
code,J7173,"Inj. concizumab-mtci, 0.5 mg",20251001,
code,J7174,Injection fitusiran 0.04 mg,20251001,
code,J7175,"Inj, factor x, (human), 1iu",20170101,
code,J7176,"Inj. fesilty, 1 mg",20260701,
code,J7177,"Inj., fibryga, 1 mg",20190101,
code,J7178,Inj human fibrinogen con nos,20130101,
code,J7179,Vonvendi inj 1 iu vwf:rco,20170101,
code,J7180,Factor xiii anti-hem factor,20120101,
code,J7181,Factor xiii recomb a-subunit,20150101,
code,J7182,Factor viii recomb novoeight,20150101,
code,J7183,Wilate injection,20120101,
code,J7185,Xyntha inj,20100101,
code,J7186,Antihemophilic viii/vwf comp,20090101,
code,J7187,"Humate-p, inj",20070101,
code,J7188,Factor viii recomb obizur,20160101,
code,J7189,Factor viia recomb novoseven,20060101,
code,J7190,Factor viii,19860101,
code,J7191,Factor viii (porcine),19960101,
code,J7192,Factor viii recombinant nos,19940101,
code,J7193,Factor ix non-recombinant,20020101,
code,J7194,Factor ix complex,19860101,
code,J7195,Factor ix recombinant nos,20020101,
code,J7196,Antithrombin recombinant,20110101,
code,J7197,Antithrombin iii injection,19920101,
code,J7198,Anti-inhibitor,20000101,
code,J7199,Hemophilia clot factor noc,20000101,
code,J7200,Factor ix recombinan rixubis,20150101,
code,J7201,Factor ix alprolix recomb,20150101,
code,J7202,Factor ix idelvion inj,20170101,
code,J7203,Factor ix recomb gly rebinyn,20190101,
code,J7204,Inj recombin esperoct per iu,20200701,
code,J7205,Factor viii fc fusion recomb,20160101,
code,J7207,Factor viii pegylated recomb,20170101,
code,J7208,Inj. jivi 1 iu,20190701,
code,J7209,Factor viii nuwiq recomb 1iu,20170101,
code,J7210,"Inj, afstyla, 1 i.u.",20180101,
code,J7211,"Inj, kovaltry, 1 i.u.",20180101,
code,J7212,Factor viia recomb sevenfact,20210101,
code,J7213,"Inj, ixinity, 1 i.u.",20230701,
code,J7214,Altuviiio per factor viii iu,20231001,
code,J7294,Seg acet and eth estr yearly,20211001,
code,J7295,Eth estr and eton monthly,20211001,
code,J7296,"Kyleena, 19.5 mg",20180101,
code,J7297,"Liletta, 52 mg",20160101,
code,J7298,"Mirena, 52 mg",20160101,
code,J7299,Intraut copp cont (miudella),20260101,
code,J7300,Intra copp contra (paragard),19860101,
code,J7301,"Skyla, 13.5 mg",20140101,
code,J7302,Levonorgestrel iu 52 mg,20020101,20151231
code,J7303,Contraceptive vaginal ring,20040101,20210930
code,J7304,Contraceptive hormone patch,20050101,
code,J7306,Levonorgestrel implant sys,20060101,
code,J7307,Etonogestrel implant system,20080101,
code,J7308,Aminolevulinic acid hcl top,20020101,
code,J7309,"Methyl aminolevulinate, top",20110101,20251231
code,J7310,Ganciclovir long act implant,19970101,20251231
code,J7311,"Inj., retisert, 0.01 mg",20070101,
code,J7312,Dexamethasone intra implant,20110101,
code,J7313,"Inj., iluvien, 0.01 mg",20160101,
code,J7314,"Inj., yutiq, 0.01 mg",20191001,
code,J7315,Ophthalmic mitomycin,20130101,
code,J7316,"Inj, ocriplasmin, 0.125 mg",20140101,
code,J7318,"Inj, durolane 1 mg",20190101,
code,J7320,"Genvisc 850, inj, 1mg",20170101,
code,J7321,Hyalgan supartz visco-3 dose,20080101,
code,J7322,"Hyaluronan, hymo or hymo one",20170101,
code,J7323,Euflexxa inj per dose,20080101,
code,J7324,Orthovisc inj per dose,20080101,
code,J7325,Synvisc or synvisc-one,20100101,
code,J7326,Gel-one,20120101,
code,J7327,Monovisc inj per dose,20150101,
code,J7328,Gelsyn-3 injection 0.1 mg,20160101,
code,J7329,"Inj, trivisc 1 mg",20190101,
code,J7330,Cultured chondrocytes implnt,20010101,
code,J7331,"Synojoynt, inj., 1 mg",20191001,
code,J7332,"Inj., triluron, 1 mg",20191001,
code,J7333,Visco-3 inj dose,20200701,20210331
code,J7335,Capsaicin 8% patch,20110101,20141231
code,J7336,Capsaicin 8% patch,20150101,
code,J7340,Carbidopa levodopa ent 100ml,20160101,
code,J7342,Ciprofloxacin otic susp 6 mg,20170101,
code,J7345,"Aminolevulinic acid, 10% gel",20180101,
code,J7351,Inj bimatoprost itc imp1mcg,20201001,
code,J7352,"Afamelanotide implant, 1 mg",20210101,
code,J7353,Anacaulase-bcdb 8.8% gel 1 g,20231001,
code,J7354,"Cantharidin top, applicator",20240401,
code,J7355,Inj travoprost intra impl,20240701,
code,J7356,Inj foscarb/foslevodopa 5 mg,20250701,
code,J7401,Mometasone furoate sinus imp,20191001,20210331
code,J7402,Mometasone sinus sinuva,20210401,
code,J7500,Azathioprine oral 50mg,19880101,
code,J7501,Azathioprine parenteral,19880101,
code,J7502,Cyclosporine oral 100 mg,20000101,
code,J7503,Tacrol envarsus ex rel oral,20160101,
code,J7504,Lymphocyte immune globulin,19880101,
code,J7505,Monoclonal antibodies,19880101,20251231
code,J7506,Prednisone oral,19890101,20151231
code,J7507,Tacrolimus imme rel oral 1mg,19950101,
code,J7508,Tacrol astagraf ex rel oral,20140101,
code,J7509,Methylprednisolone oral,19960101,
code,J7510,Prednisolone oral per 5 mg,19960101,
code,J7511,Antithymocyte globuln rabbit,20020101,
code,J7512,Prednisone ir or dr oral 1mg,20160101,
code,J7513,"Daclizumab, parenteral",19990101,20251231
code,J7514,Mycophenol (myhibbin) 100 mg,20250101,20260930
code,J7515,Cyclosporine oral 25 mg,20000101,
code,J7516,"Inj, cyclosporine 250mg",20000101,
code,J7517,Mycophenolate mofetil oral,20000101,20260930
code,J7518,Mycophenolic acid,20050101,
code,J7519,Inj. mycophenolate mofetil,20231001,20260930
code,J7520,"Sirolimus, oral",20010101,
code,J7521,Tacrolim granules oral susp,20250401,
code,J7524,Mycophenol mofetil oral 5 mg,20261001,
code,J7525,Tacrolimus injection,20010101,
code,J7526,Inj mycophenola mofetil 5 mg,20261001,
code,J7527,Oral everolimus,20130101,
code,J7528,Mycophen mofetil for susp,20260101,20260930
code,J7529,Mycop mofetil susp oral 5 mg,20261001,
code,J7530,Mycophenolat (myhibbin) 5 mg,20261001,
code,J7531,Pred sod pho ora dis ta 1 mg,20261001,
code,J7599,Immunosuppressive drug noc,19960101,
code,J7601,Ensifentrine inh 3 mg,20250101,
code,J7604,Acetylcysteine comp unit,20080101,
code,J7605,Arformoterol non-comp unit,20080101,
code,J7606,"Formoterol fumarate, inh",20090101,
code,J7607,Levalbuterol comp con,20070101,
code,J7608,Acetylcysteine non-comp unit,20000101,
code,J7609,Albuterol comp unit,20070101,
code,J7610,Albuterol comp con,20070101,
code,J7611,Albuterol non-comp con,20050101,
code,J7612,Levalbuterol non-comp con,20050101,
code,J7613,Albuterol non-comp unit,20050101,
code,J7614,Levalbuterol non-comp unit,20050101,
code,J7615,Levalbuterol comp unit,20070101,
code,J7620,Albuterol ipratrop non-comp,20060101,
code,J7622,Beclomethasone comp unit,20020101,
code,J7624,Betamethasone comp unit,20020101,
code,J7626,Budesonide non-comp unit,20020101,
code,J7627,Budesonide comp unit,20060101,
code,J7628,Bitolterol mesylate comp con,20000101,
code,J7629,Bitolterol mesylate comp unt,20000101,
code,J7631,Cromolyn sodium noncomp unit,20000101,
code,J7632,Cromolyn sodium comp unit,20080101,
code,J7633,Budesonide non-comp con,20030101,
code,J7634,Budesonide comp con,20070101,
code,J7635,Atropine comp con,20000101,
code,J7636,Atropine comp unit,20000101,
code,J7637,Dexamethasone comp con,20000101,
code,J7638,Dexamethasone comp unit,20000101,
code,J7639,Dornase alfa non-comp unit,20000101,
code,J7640,Formoterol comp unit,20060101,
code,J7641,Flunisolide comp unit,20020101,
code,J7642,Glycopyrrolate comp con,20000101,
code,J7643,Glycopyrrolate comp unit,20000101,
code,J7644,Ipratropium bromide non-comp,20000101,
code,J7645,Ipratropium bromide comp,20070101,
code,J7647,Isoetharine comp con,20070101,
code,J7648,Isoetharine non-comp con,20000101,
code,J7649,Isoetharine non-comp unit,20000101,
code,J7650,Isoetharine comp unit,20070101,
code,J7657,Isoproterenol comp con,20070101,
code,J7658,Isoproterenol non-comp con,20000101,
code,J7659,Isoproterenol non-comp unit,20000101,
code,J7660,Isoproterenol comp unit,20070101,
code,J7665,Mannitol for inhaler,20120101,
code,J7667,Metaproterenol comp con,20070101,
code,J7668,Metaproterenol non-comp con,20000101,
code,J7669,Metaproterenol non-comp unit,20000101,
code,J7670,Metaproterenol comp unit,20070101,
code,J7674,"Methacholine chloride, neb",20050101,
code,J7676,Pentamidine comp unit dose,20080101,
code,J7677,Revefenacin inh non-com 1mcg,20190701,
code,J7680,Terbutaline sulf comp con,20000101,
code,J7681,Terbutaline sulf comp unit,20000101,
code,J7682,Tobramycin non-comp unit,20000101,
code,J7683,Triamcinolone comp con,20000101,
code,J7684,Triamcinolone comp unit,20000101,
code,J7685,Tobramycin comp unit,20070101,
code,J7686,"Treprostinil, non-comp unit",20110101,
code,J7699,Inhalation solution for dme,19930101,
code,J7799,Non-inhalation drug for dme,19930101,
code,J7999,"Compounded drug, noc",20160101,
code,J8498,Antiemetic rectal/supp nos,20060101,
code,J8499,Oral prescrip drug non chemo,19950101,
code,J8501,Oral aprepitant,20050101,
code,J8502,"Inj, aponvie, 1 mg",20260401,
code,J8510,Oral busulfan,20000101,
code,J8515,"Cabergoline, oral 0.25mg",20060101,
code,J8520,"Capecitabine, oral, 150 mg",20000101,20240930
code,J8521,"Capecitabine, oral, 500 mg",20000101,20240930
code,J8522,"Capecitabine, oral, 50 mg",20241001,
code,J8530,Cyclophosphamide oral 25 mg,19950101,
code,J8540,Oral dexamethasone,20060101,
code,J8541,"Oral, hemady, 0.25 mg",20241001,
code,J8560,Etoposide oral 50 mg,19950101,
code,J8562,Oral fludarabine phosphate,20110101,20251231
code,J8565,Gefitinib oral,20050101,
code,J8597,Antiemetic drug oral nos,20060101,
code,J8600,Melphalan oral 2 mg,19950101,
code,J8610,Methotrexate oral 2.5 mg,19950101,
code,J8611,Oral methotrexate (jylamvo),20240701,
code,J8612,Oral methotrexate (xatmep),20240701,
code,J8650,Nabilone oral,20070101,20251231
code,J8655,"Oral netupitant, palonosetro",20160101,
code,J8670,"Rolapitant, oral, 1mg",20170101,
code,J8700,Temozolomide,20010101,
code,J8705,Topotecan oral,20090101,
code,J8999,Oral prescription drug chemo,19950101,
code,J9000,Doxorubicin hcl injection,19840101,
code,J9003,"Leupro inj, camcevi etm, 1mg",20260401,
code,J9010,Alemtuzumab injection,20030101,20151231
code,J9011,"Datopotamab deruxtecan, 1 mg",20251001,
code,J9015,Aldesleukin injection,19960101,
code,J9017,Arsenic trioxide injection,20020101,
code,J9019,Erwinaze injection,20130101,20251231
code,J9020,"Asparaginase, nos",19840101,20251231
code,J9021,"Inj, aspara, rylaze, 0.1 mg",20220101,
code,J9022,"Inj, atezolizumab,10 mg",20180101,
code,J9023,"Injection, avelumab, 10 mg",20180101,
code,J9024,Inj atezolizumb 5mg hya-tqjs,20250401,
code,J9025,Azacitidine injection,20060101,
code,J9026,"Inj, tarlatamab-dlle, 1 mg",20250101,
code,J9027,Clofarabine injection,20060101,
code,J9028,"Inj, nogapendekin pmln, 1mcg",20250101,
code,J9029,"Instill adstiladrin, tx dose",20230701,
code,J9030,Bcg live intravesical 1mg,20190701,
code,J9031,Bcg live intravesical vac,19910101,20190630
code,J9032,"Injection, belinostat, 10mg",20160101,
code,J9033,"Inj, bendamustine (nos) 1mg",20090101,
code,J9034,"Inj., bendeka 1 mg",20170101,
code,J9035,Bevacizumab injection,20050101,
code,J9036,Inj. belrapzo/bendamustine,20190701,
code,J9037,Inj belantamab mafodot blmf,20210401,20250331
code,J9038,Inj axatilimab-csfr 0.1 mg,20250401,
code,J9039,"Injection, blinatumomab",20160101,
code,J9040,Bleomycin sulfate injection,19840101,
code,J9041,"Injection, bortezomib, 0.1mg",20050101,
code,J9042,Brentuximab vedotin inj,20130101,
code,J9043,Cabazitaxel injection,20120101,
code,J9044,"Inj, bortezomib, nos, 0.1 mg",20190101,20221231
code,J9045,Carboplatin injection,19900101,
code,J9046,"Inj, bortezomib, dr. reddy's",20230101,
code,J9047,"Injection, carfilzomib, 1 mg",20140101,
code,J9048,"Inj, bortezomib freseniuskab",20230101,
code,J9049,"Inj, bortezomib, hospira",20230101,
code,J9050,Carmustine injection,19840101,
code,J9051,"Inj, bortezomib (maia)",20231001,
code,J9052,"Inj, carmustine (accord)",20240101,
code,J9053,Inj belantamab mafodot blmf,20260701,
code,J9054,Inj bortezomib boruzu 0.1 mg,20250401,
code,J9055,Cetuximab injection,20050101,
code,J9056,"Inj, vivimusta, 1 mg",20230701,
code,J9057,"Inj., copanlisib, 1 mg",20190101,
code,J9058,Inj apotex/bendamustine 1 mg,20230701,20241231
code,J9059,"Inj bendamustine, baxter 1mg",20230701,20241231
code,J9060,Cisplatin 10 mg injection,19840101,
code,J9061,"Inj, amivantamab-vmjw",20220101,
code,J9062,Inj amivantamab 5mg hyaluron,20260701,
code,J9063,"Inj, elahere, 1 mg",20230701,
code,J9064,"Inj, cabazitaxel (sandoz)",20231001,
code,J9065,Inj cladribine per 1 mg,19950101,
code,J9066,"Inj bendamustine, avyxa 1mg",20261001,
code,J9070,Cyclophosphamide 100 mg inj,19840101,20240331
code,J9071,Inj cyclophosphamd auromedic,20220401,
code,J9072,Inj cyclophos frindovyx 5 mg,20240101,
code,J9073,Inj cyclophos dr reddys 5 mg,20240401,
code,J9074,"Inj, cyclophosphamd, sandoz",20240401,
code,J9075,"Inj, cyclophosphamide, nos",20240401,
code,J9076,"Inj, cyclophos (baxter) 5mg",20250101,
code,J9098,Cytarabine liposome inj,20040101,20251231
code,J9100,Cytarabine hcl 100 mg inj,19860101,
code,J9118,Inj. calaspargase pegol-mknl,20191001,
code,J9119,"Inj., cemiplimab-rwlc, 1 mg",20191001,
code,J9120,Dactinomycin injection,19840101,
code,J9130,Dacarbazine 100 mg inj,19860101,
code,J9144,"Daratumumab, hyaluronidase",20210101,
code,J9145,"Injection, daratumumab 10 mg",20170101,
code,J9150,Daunorubicin injection,19860101,
code,J9151,Daunorubicin citrate inj,19990101,20251231
code,J9153,"Inj daunorubicin, cytarabine",20190101,
code,J9155,Degarelix injection,20100101,
code,J9160,Denileukin diftitox inj,20010101,20231231
code,J9161,Inj denileuk difti-cxdl 1mcg,20250401,
code,J9165,Diethylstilbestrol injection,19880101,20251231
code,J9171,Docetaxel injection,20100101,
code,J9172,"Docetaxel (docivyx), 1 mg",20240101,
code,J9173,"Inj., durvalumab, 10 mg",20190101,
code,J9174,"Inj, docetaxel (beizray) 1mg",20250701,
code,J9175,Elliotts b solution per ml,20060101,
code,J9176,"Injection, elotuzumab, 1mg",20170101,
code,J9177,Inj enfort vedo-ejfv 0.25mg,20200701,
code,J9178,"Inj, epirubicin hcl, 2 mg",20040101,
code,J9179,Eribulin mesylate injection,20120101,
code,J9181,Etoposide injection,19870101,20260930
code,J9183,Gemcitabine intravesical sys,20260401,
code,J9184,Inj gemcitabin (avyxa) 200mg,20260101,
code,J9185,Fludarabine phosphate inj,19940101,
code,J9186,"Inj etoposide (avyxa), 1 mg",20261001,
code,J9187,"Inj, etoposide, 1 mg",20261001,
code,J9190,Fluorouracil injection,19840101,20260930
code,J9191,Inj fluorouracil (avyxa)10mg,20261001,
code,J9192,"Inj, fluorouracil, 10 mg",20261001,
code,J9196,Inj gemcitabine hcl (accord),20230401,
code,J9198,"Inj. infugem, 100 mg",20200701,
code,J9199,"Injection, infugem, 200 mg",20200101,20200630
code,J9200,Floxuridine injection,19840101,
code,J9201,In gemcitabine hcl nos 200mg,19980101,
code,J9202,Goserelin acetate implant,19910101,
code,J9203,Gemtuzumab ozogamicin 0.1 mg,20180101,
code,J9204,"Inj mogamulizumab-kpkc, 1 mg",20191001,
code,J9205,Inj irinotecan liposome 1 mg,20170101,
code,J9206,Irinotecan injection,19980101,
code,J9207,Ixabepilone injection,20090101,
code,J9208,Ifosfamide injection,19900101,
code,J9209,Mesna injection,19900101,
code,J9210,"Inj., emapalumab-lzsg, 1 mg",20191001,
code,J9211,Idarubicin hcl injection,19930101,
code,J9212,Interferon alfacon-1 inj,19990101,20251231
code,J9213,Interferon alfa-2a inj,19930101,
code,J9214,Interferon alfa-2b inj,19930101,
code,J9215,Interferon alfa-n3 inj,19930101,
code,J9216,Interferon gamma 1-b inj,19930101,
code,J9217,Leuprolide acetate suspnsion,19910101,
code,J9218,Leuprolide acetate injeciton,19900101,
code,J9219,Leuprolide acetate implant,20010101,
code,J9220,Indigotindisulfonate sod 1mg,20250701,
code,J9223,"Inj. lurbinectedin, 0.1 mg",20210101,
code,J9225,Vantas implant,20060101,
code,J9226,Supprelin la implant,20080101,
code,J9227,Inj. isatuximab-irfc 10 mg,20201001,
code,J9228,Ipilimumab injection,20120101,
code,J9229,Inj inotuzumab ozogam 0.1 mg,20190101,
code,J9230,Mechlorethamine hcl inj,19860101,
code,J9232,Inj docetaxel (hospira) 1 mg,20260701,
code,J9245,Inj melpha hydroch nos 50 mg,19950101,
code,J9246,"Inj., evomela, 1 mg",20200701,
code,J9247,"Inj, melphalan flufenami 1mg",20211001,20250331
code,J9248,Inj melphalan (hepzato) 1 mg,20240401,
code,J9249,"Inj, melphalan (apotex) 1 mg",20240401,
code,J9250,Methotrexate sodium inj,19940101,20240331
code,J9255,"Inj, methotrexate (accord)",20240101,
code,J9256,"Inj, nipocalimab-aahu, 3 mg",20260101,
code,J9258,Paclitaxel (teva),20240101,20240930
code,J9259,Paclitaxel (american regent),20230701,20241231
code,J9260,Inj methotrexate sodium 50mg,19840101,
code,J9261,Nelarabine injection,20070101,
code,J9262,"Inj, omacetaxine mep, 0.01mg",20140101,
code,J9263,Oxaliplatin,20040101,
code,J9264,Paclitaxel protein bound,20060101,
code,J9265,Paclitaxel injection,19940101,20141231
code,J9266,Pegaspargase injection,19960101,
code,J9267,Paclitaxel injection,20150101,
code,J9268,Pentostatin injection,19940101,
code,J9269,Inj. tagraxofusp-erzs 10 mcg,20191001,
code,J9270,Plicamycin (mithramycin) inj,19840101,20251231
code,J9271,Inj pembrolizumab,20160101,
code,J9272,"Inj, dostarlimab-gxly, 10 mg",20220101,
code,J9273,"Inj tisotu vedotin-tftv, 1mg",20220401,
code,J9274,"Inj, tebentafusp-tebn, 1 mcg",20221001,
code,J9275,"Inj cosibelimab-ipdl, 2 mg",20250701,
code,J9276,"Inj zanidatamab-hrii, 2 mg",20250701,
code,J9277,Pembrolizumab 1mg berahyalur,20260401,
code,J9278,"Inj, carboplatin (avyxa)",20260401,
code,J9280,Mitomycin injection,19860101,
code,J9281,Mitomycin instillation,20210101,
code,J9282,Mitomycin intravesical inst,20260101,
code,J9285,"Inj, olaratumab, 10 mg",20180101,
code,J9286,"Inj glofitamab gxbm, 2.5 mg",20240101,
code,J9289,Inj nivolumab 2 mg hyaluron,20250701,
code,J9292,"Inj, pemetrexed dipotassium",20250101,
code,J9293,Mitoxantrone hydrochl / 5 mg,19900101,
code,J9294,"Inj pemetrexed, hospira 10mg",20230401,
code,J9295,"Injection, necitumumab, 1 mg",20170101,
code,J9296,Inj pemetrexed (accord) 10mg,20230401,
code,J9297,Inj pemetrexed (sandoz) 10mg,20230401,
code,J9298,Inj nivol relatlimab 3mg/1mg,20221001,
code,J9299,"Injection, nivolumab",20160101,
code,J9300,Gemtuzumab ozogamicin inj,20020101,20171231
code,J9301,Obinutuzumab inj,20150101,
code,J9302,Ofatumumab injection,20110101,
code,J9303,Panitumumab injection,20080101,
code,J9304,"Inj. pemetrexed, 10 mg",20201001,
code,J9305,Inj. pemetrexed nos 10mg,20050101,
code,J9306,"Injection, pertuzumab, 1 mg",20140101,
code,J9307,Pralatrexate injection,20110101,
code,J9308,"Injection, ramucirumab",20160101,
code,J9309,"Inj, polatuzumab vedotin 1mg",20200101,
code,J9310,Rituximab injection,19990101,20181231
code,J9311,"Inj rituximab, hyaluronidase",20190101,
code,J9312,"Inj., rituximab, 10 mg",20190101,
code,J9313,"Inj., lumoxiti, 0.01 mg",20191001,
code,J9314,Inj pemetrexed (teva) 10mg,20230101,
code,J9315,Romidepsin injection,20110101,20210930
code,J9316,"Pertuzu, trastuzu, 10 mg",20210101,
code,J9317,Sacituzumab govitecan-hziy,20210101,
code,J9318,Inj romidepsin non-lyo 0.1mg,20211001,
code,J9319,Inj romidepsin lyophil 0.1mg,20211001,
code,J9320,Streptozocin injection,19860101,
code,J9321,Inj epcoritamab-bysp 0.16 mg,20240101,
code,J9322,Inj pemetrexed (bluepoint),20230701,
code,J9323,Inj pemetrexed ditromethamin,20230701,
code,J9324,"Inj, pemrydi rtu, 10 mg",20240101,
code,J9325,Inj talimogene laherparepvec,20170101,
code,J9326,Telisotuzumab vedotin-tllv,20260101,
code,J9328,Temozolomide injection,20100101,
code,J9329,"Inj, tislelizumab-jsgr",20241001,
code,J9330,Temsirolimus injection,20090101,
code,J9331,Inj sirolimus prot part 1 mg,20220701,
code,J9332,Inj efgartigimod 2mg,20220701,
code,J9333,Inj rozanolixizum-noli 1 mg,20240101,
code,J9334,Inj efgart-alfa 2mg hya-qvfc,20240101,
code,J9340,Thiotepa injection,19840101,20250630
code,J9341,Inj thiotepa (tepylute) 1 mg,20250701,
code,J9342,Inj thiotepa nos 1 mg,20250701,
code,J9345,"Inj, retifanlimab-dlwr, 1 mg",20231001,
code,J9347,"Inj, tremelimumab-actl, 1 mg",20230701,
code,J9348,"Inj. naxitamab-gqgk, 1 mg",20210701,
code,J9349,"Inj., tafasitamab-cxix",20210401,
code,J9350,"Inj mosunetuzumab-axgb, 1 mg",20230701,
code,J9351,Topotecan injection,20110101,
code,J9352,Injection trabectedin 0.1mg,20170101,20260930
code,J9353,"Inj. margetuximab-cmkb, 5 mg",20210701,
code,J9354,"Inj, ado-trastuzumab emt 1mg",20140101,
code,J9355,Inj trastuzumab excl biosimi,20000101,
code,J9356,"Inj. herceptin hylecta, 10mg",20190701,
code,J9357,Valrubicin injection,20000101,
code,J9358,Inj fam-trastu deru-nxki 1mg,20200701,
code,J9359,Inj lon tesirin-lpyl 0.075mg,20220401,
code,J9360,Vinblastine sulfate inj,19860101,
code,J9361,"Inj, efbemalenograstim alfa-",20240701,
code,J9362,"Inj, trabectedin, 0.01 mg",20261001,
code,J9370,Vincristine sulfate 1 mg inj,19860101,
code,J9371,"Inj, vincristine sul lip 1mg",20140101,20240630
code,J9376,"Inj pozelimab-bbfg, 1 mg",20240401,
code,J9380,Inj teclistamab cqyv 0.5 mg,20230701,
code,J9381,Inj teplizumab mzwv 5 mcg,20230701,
code,J9382,Inj zenocutuzumab-zbco 1 mg,20250701,
code,J9390,Vinorelbine tartrate inj,19960101,
code,J9393,"Inj, fulvestrant (teva)",20230101,
code,J9394,"Inj, fulvestrant (fresenius)",20230101,
code,J9395,"Injection, fulvestrant",20040101,
code,J9400,"Inj, ziv-aflibercept, 1mg",20140101,
code,J9600,Porfimer sodium injection,19980101,
code,J9601,Inj linvoseltamab-gcpt 1 mg,20260401,
code,J9999,Chemotherapy drug,19860101,
code,K0001,Standard wheelchair,19940101,
code,K0002,Stnd hemi (low seat) whlchr,19940101,
code,K0003,Lightweight wheelchair,19940101,
code,K0004,High strength ltwt whlchr,19940101,
code,K0005,Ultralightweight wheelchair,19940101,
code,K0006,Heavy duty wheelchair,19940101,
code,K0007,Extra heavy duty wheelchair,19940101,
code,K0008,Cstm manual wheelchair/base,20130701,
code,K0009,Other manual wheelchair/base,19940101,
code,K0010,Stnd wt frame power whlchr,19940101,
code,K0011,Stnd wt pwr whlchr w control,19940101,
code,K0012,Ltwt portbl power whlchr,19940101,
code,K0013,Custom power whlchr base,20130701,
code,K0014,Other power whlchr base,19940101,
code,K0015,Detach non-adj ht armrst rep,19940101,
code,K0017,Detach adjust armrest base,19940101,
code,K0018,Detach adjust armrst upper,19940101,
code,K0019,"Arm pad repl, each",19940101,
code,K0020,Fixed adjust armrest pair,19940101,
code,K0037,Hi mount flip-up footrest ea,19940101,
code,K0038,Leg strap each,19940101,
code,K0039,Leg strap h style each,19940101,
code,K0040,Adjustable angle footplate,19940101,
code,K0041,Large size footplate each,19940101,
code,K0042,Standard size ftplate rep ea,19940101,
code,K0043,Ftrst lowr exten tube rep ea,19940101,
code,K0044,Ftrst upr hanger brac rep ea,19940101,
code,K0045,Ftrst compl assembly repl ea,19940101,
code,K0046,Elev lgrst lwr exten repl ea,19940101,
code,K0047,Elev legrst upr hangr rep ea,19940101,
code,K0050,Ratchet assembly replacement,19940101,
code,K0051,Cam rel asm ft/legrst rep ea,19940101,
code,K0052,Swingaway detach ftrest repl,19940101,
code,K0053,Elevate footrest articulate,19940101,
code,K0056,Seat ht <17 or >=21 ltwt wc,19940101,
code,K0065,Spoke protectors,19940101,
code,K0069,Rr whl compl sol tire rep ea,19940101,
code,K0070,Rr whl compl pne tire rep ea,19940101,
code,K0071,Fr cstr comp pne tire rep ea,19940101,
code,K0072,Fr cstr semi-pne tire rep ea,19940101,
code,K0073,Caster pin lock each,19940101,
code,K0077,Fr cstr asmb sol tire rep ea,19940101,
code,K0098,"Drive belt for pwc, repl",19940101,
code,K0105,Iv hanger,19940101,
code,K0108,W/c component-accessory nos,19940101,
code,K0195,Elevating whlchair leg rests,19930101,
code,K0455,Pump uninterrupted infusion,19980101,
code,K0462,Temporary replacement eqpmnt,19980701,
code,K0552,Sup/ext non-ins inf pump syr,20030701,
code,K0553,Ther cgm supply allowance,20170701,20221231
code,K0554,Ther cgm receiver/monitor,20170701,20221231
code,K0601,Repl batt silver oxide 1.5 v,20030401,
code,K0602,Repl batt silver oxide 3 v,20030401,
code,K0603,Repl batt alkaline 1.5 v,20030401,
code,K0604,Repl batt lithium 3.6 v,20030401,
code,K0605,Repl batt lithium 4.5 v,20030401,
code,K0606,Aed garment w elec analysis,20030701,
code,K0607,Repl batt for aed,20030701,
code,K0608,Repl garment for aed,20030701,
code,K0609,Repl electrode for aed,20030701,
code,K0669,Seat/back cus no dmepdac ver,20040701,
code,K0672,Removable soft interface le,20080401,
code,K0730,Ctrl dose inh drug deliv sys,20050701,
code,K0733,12-24hr sealed lead acid,20060701,
code,K0738,Portable gas oxygen system,20061001,
code,K0739,Repair/svc dme non-oxygen eq,20090401,
code,K0740,Repair/svc oxygen equipment,20090401,
code,K0743,Portable home suction pump,20110701,
code,K0744,Absorp drg <= 16 suc pump,20110701,
code,K0745,Absorp drg >16<=48 suc pump,20110701,
code,K0746,Absorp drg >48 suc pump,20110701,
code,K0800,Pov group 1 std up to 300lbs,20061001,
code,K0801,Pov group 1 hd 301-450 lbs,20061001,
code,K0802,Pov group 1 vhd 451-600 lbs,20061001,
code,K0806,Pov group 2 std up to 300lbs,20061001,
code,K0807,Pov group 2 hd 301-450 lbs,20061001,
code,K0808,Pov group 2 vhd 451-600 lbs,20061001,
code,K0812,Power operated vehicle noc,20061001,
code,K0813,Pwc gp 1 std port seat/back,20061001,
code,K0814,Pwc gp 1 std port cap chair,20061001,
code,K0815,Pwc gp 1 std seat/back,20061001,
code,K0816,Pwc gp 1 std cap chair,20061001,
code,K0820,Pwc gp 2 std port seat/back,20061001,
code,K0821,Pwc gp 2 std port cap chair,20061001,
code,K0822,Pwc gp 2 std seat/back,20061001,
code,K0823,Pwc gp 2 std cap chair,20061001,
code,K0824,Pwc gp 2 hd seat/back,20061001,
code,K0825,Pwc gp 2 hd cap chair,20061001,
code,K0826,Pwc gp 2 vhd seat/back,20061001,
code,K0827,Pwc gp vhd cap chair,20061001,
code,K0828,Pwc gp 2 xtra hd seat/back,20061001,
code,K0829,Pwc gp 2 xtra hd cap chair,20061001,
code,K0830,Pwc gp2 std seat elevate s/b,20061001,
code,K0831,Pwc gp2 std seat elevate cap,20061001,
code,K0835,Pwc gp2 std sing pow opt s/b,20061001,
code,K0836,Pwc gp2 std sing pow opt cap,20061001,
code,K0837,Pwc gp 2 hd sing pow opt s/b,20061001,
code,K0838,Pwc gp 2 hd sing pow opt cap,20061001,
code,K0839,Pwc gp2 vhd sing pow opt s/b,20061001,
code,K0840,Pwc gp2 xhd sing pow opt s/b,20061001,
code,K0841,Pwc gp2 std mult pow opt s/b,20061001,
code,K0842,Pwc gp2 std mult pow opt cap,20061001,
code,K0843,Pwc gp2 hd mult pow opt s/b,20061001,
code,K0848,Pwc gp 3 std seat/back,20061001,
code,K0849,Pwc gp 3 std cap chair,20061001,
code,K0850,Pwc gp 3 hd seat/back,20061001,
code,K0851,Pwc gp 3 hd cap chair,20061001,
code,K0852,Pwc gp 3 vhd seat/back,20061001,
code,K0853,Pwc gp 3 vhd cap chair,20061001,
code,K0854,Pwc gp 3 xhd seat/back,20061001,
code,K0855,Pwc gp 3 xhd cap chair,20061001,
code,K0856,Pwc gp3 std sing pow opt s/b,20061001,
code,K0857,Pwc gp3 std sing pow opt cap,20061001,
code,K0858,Pwc gp3 hd sing pow opt s/b,20061001,
code,K0859,Pwc gp3 hd sing pow opt cap,20061001,
code,K0860,Pwc gp3 vhd sing pow opt s/b,20061001,
code,K0861,Pwc gp3 std mult pow opt s/b,20061001,
code,K0862,Pwc gp3 hd mult pow opt s/b,20061001,
code,K0863,Pwc gp3 vhd mult pow opt s/b,20061001,
code,K0864,Pwc gp3 xhd mult pow opt s/b,20061001,
code,K0868,Pwc gp 4 std seat/back,20061001,
code,K0869,Pwc gp 4 std cap chair,20061001,
code,K0870,Pwc gp 4 hd seat/back,20061001,
code,K0871,Pwc gp 4 vhd seat/back,20061001,
code,K0877,Pwc gp4 std sing pow opt s/b,20061001,
code,K0878,Pwc gp4 std sing pow opt cap,20061001,
code,K0879,Pwc gp4 hd sing pow opt s/b,20061001,
code,K0880,Pwc gp4 vhd sing pow opt s/b,20061001,
code,K0884,Pwc gp4 std mult pow opt s/b,20061001,
code,K0885,Pwc gp4 std mult pow opt cap,20061001,
code,K0886,Pwc gp4 hd mult pow s/b,20061001,
code,K0890,Pwc gp5 ped sing pow opt s/b,20061001,
code,K0891,Pwc gp5 ped mult pow opt s/b,20061001,
code,K0898,Power wheelchair noc,20061001,
code,K0899,Pow mobil dev no dmepdac,20061001,
code,K0900,Cstm dme other than wheelchr,20130701,
code,K0901,Ko single upright pre ots,20141001,20161231
code,K0902,Ko double upright pre ots,20141001,20161231
code,K0903,Mult den insert dir carv/cam,20180401,20181231
code,K1001,Electronic posa treatment,20200101,20231231
code,K1002,Ces system,20200101,20231231
code,K1003,Whirlpool tub walkin portabl,20200101,20231231
code,K1004,Lo freq us diathermy device,20200101,
code,K1005,Disp col sto bag breast milk,20200101,20231231
code,K1006,Suct pum ext urine mgmt sys,20201001,20231231
code,K1007,Bil hkaf pc s/d micro sensor,20201001,
code,K1009,Speech volume modulation sys,20201001,20231231
code,K1010,Intraurethral drainag device,20201001,20210331
code,K1011,Acti intraurethral drainage,20201001,20210331
code,K1012,Charger base station intraur,20201001,20210331
code,K1013,Enema tube any type repl,20210401,20231231
code,K1014,Ak 4 bar link hydl swg/stanc,20210401,20231231
code,K1015,"Foot, adductus position, adj",20210401,20231231
code,K1016,Trans elec nerv for trigemin,20210401,20231231
code,K1017,Monthly supp use with k1016,20210401,20231231
code,K1018,Ext up limb tremor stim wris,20210401,20231231
code,K1019,Supp ext up limb tremor stim,20210401,20231231
code,K1020,Non-invasive vagus nerv stim,20210401,20231231
code,K1021,Exsuff belt incl all sup acc,20211001,20231231
code,K1022,Endoskel posit rotat unit,20211001,20231231
code,K1023,Trans elec nerv periph nerv,20211001,20231231
code,K1024,Non pneum comp control cal,20211001,20231231
code,K1025,Non pneum compress full arm,20211001,20231231
code,K1026,Mech allergen parti barrier,20211001,20231231
code,K1027,Oral dev without fix mech,20211001,
code,K1028,Control unit nm stim w phone,20220401,20231231
code,K1029,Oral dv/app neuromus mouthpi,20220401,20231231
code,K1030,Ext recharge bat replacement,20220401,
code,K1031,Non pneu comp control w/o ca,20220401,20231231
code,K1032,Non pneum seq comp full leg,20220401,20231231
code,K1033,Non pneum seq comp half leg,20220401,20231231
code,K1034,Covid test self-admn/collect,20220404,
code,K1035,Mol diag reader self-admn,20230401,
code,K1036,Supplies for ultra diatherm,20231001,
code,K1037,Docking station for oral dev,20240401,
code,L0112,Cranial cervical orthosis,20040101,
code,L0113,Cranial cervical torticollis,20090101,
code,L0120,Cerv flex n/adj foam pre ots,19820101,
code,L0130,Flex thermoplastic collar mo,19840101,
code,L0140,Cervical semi-rigid adjustab,19820101,
code,L0150,Cerv semi-rig adj molded chn,19820101,
code,L0160,Cerv sr wire occ/man pre ots,19820101,
code,L0170,Cervical collar molded to pt,19860101,
code,L0172,Cerv col sr foam 2pc pre ots,19880101,
code,L0174,Cerv sr 2pc thor ext pre ots,19880101,
code,L0180,Cer post col occ/man sup adj,19840101,
code,L0190,Cerv collar supp adj cerv ba,19820101,
code,L0200,Cerv col supp adj bar & thor,19840101,
code,L0220,Thor rib belt custom fabrica,19820101,
code,L0450,Tlso flex trunk/thor pre ots,20030101,
code,L0452,Tlso flex custom fab thoraci,20030101,
code,L0454,Tlso trnk sj-t9 pre cst,20030101,
code,L0455,Tlso flex trnk sj-t9 pre ots,20140101,
code,L0456,Tlso flex trnk sj-ss pre cst,20030101,
code,L0457,Tlso flex trnk sj-ss pre ots,20140101,
code,L0458,Tlso 2mod symphis-xipho pre,20030101,
code,L0460,Tlso 2 shl symphys-stern cst,20030101,
code,L0462,Tlso 3mod sacro-scap pre,20030101,
code,L0464,Tlso 4mod sacro-scap pre,20030101,
code,L0466,Tlso r fram soft ant pre cst,20030101,
code,L0467,Tlso r fram soft pre ots,20140101,
code,L0468,Tlso rig fram pelvic pre cst,20030101,
code,L0469,Tlso rig fram pelvic pre ots,20140101,
code,L0470,Tlso rigid frame pre subclav,20030101,
code,L0472,Tlso rigid frame hyperex pre,20030101,
code,L0480,Tlso rigid plastic custom fa,20030101,
code,L0482,Tlso rigid lined custom fab,20030101,
code,L0484,Tlso rigid plastic cust fab,20030101,
code,L0486,Tlso rigidlined cust fab two,20030101,
code,L0488,Tlso rigid lined pre one pie,20030101,
code,L0490,Tlso rigid plastic pre one,20030101,
code,L0491,Tlso 2 piece rigid shell,20060101,
code,L0492,Tlso 3 piece rigid shell,20060101,
code,L0621,Sio flex pelvic/sacr pre ots,20060101,
code,L0622,Sio flex pelvisacral custom,20060101,
code,L0623,Sio rig pnl pelv/sac pre ots,20060101,
code,L0624,Sio panel custom,20060101,
code,L0625,Lo flex l1-below l5 pre ots,20060101,
code,L0626,Lo sag rig pnl stays pre cst,20060101,
code,L0627,Lo sag ri an/pos pnl pre cst,20060101,
code,L0628,Lso flex no ri stays pre ots,20060101,
code,L0629,Lso flex w/rigid stays cust,20060101,
code,L0630,Lso r post pnl sj-t9 pre cst,20060101,
code,L0631,Lso sag r an/pos pnl pre cst,20060101,
code,L0632,Lso sag rigid frame cust,20060101,
code,L0633,Lso sc r pos/lat pnl pre cst,20060101,
code,L0634,Lso flexion control custom,20060101,
code,L0635,Lso sagit rigid panel prefab,20060101,
code,L0636,Lso sagittal rigid panel cus,20060101,
code,L0637,Lso sc r ant/pos pnl pre cst,20060101,
code,L0638,Lso sag-coronal panel custom,20060101,
code,L0639,Lso s/c shell/panel prefab,20060101,
code,L0640,Lso s/c shell/panel custom,20060101,
code,L0641,Lo rig pos pnl l1-l5 pre ots,20140101,
code,L0642,Lo sag ri an/pos pnl pre ots,20140101,
code,L0643,Lso sag ctr rigi pos pre ots,20140101,
code,L0648,Lso sag r an/pos pnl pre ots,20140101,
code,L0649,Lso sc r pos/lat pnl pre ots,20140101,
code,L0650,Lso sc r ant/pos pnl pre ots,20140101,
code,L0651,Lso sag-co shell pnl pre ots,20140101,
code,L0700,Ctlso a-p-l control molded,19840101,
code,L0710,Ctlso a-p-l control w/ inter,19840101,
code,L0720,Ctlso a-p-l control custom,20250401,
code,L0810,Halo cervical into jckt vest,19860101,
code,L0820,Halo cervical into body jack,19860101,
code,L0830,Halo cerv into milwaukee typ,19860101,
code,L0859,Mri compatible system,20060101,
code,L0861,Halo repl liner/interface,20040101,
code,L0970,Tlso corset front,19820101,
code,L0972,Lso corset front,19820101,
code,L0974,Tlso full corset,19820101,
code,L0976,Lso full corset,19820101,
code,L0978,Axillary crutch extension,19820101,
code,L0980,Peroneal straps pair pre ots,19860101,
code,L0982,Stocking sup grips 4 pre ots,19820101,
code,L0984,Protect body sock ea pre ots,19940101,
code,L0999,Add to spinal orthosis nos,19980101,
code,L1000,Ctlso milwauke initial model,19860101,
code,L1001,Ctlso infant immobilizer,20070101,
code,L1005,Tension based scoliosis orth,20020101,
code,L1006,Scoliosis orth sag/ cor,20241001,
code,L1007,Scoliosis orth s-c custom,20251001,
code,L1010,Ctlso axilla sling,19860101,
code,L1020,Kyphosis pad,19860101,
code,L1025,Kyphosis pad floating,19880101,
code,L1030,Lumbar bolster pad,19860101,
code,L1040,Lumbar or lumbar rib pad,19860101,
code,L1050,Sternal pad,19860101,
code,L1060,Thoracic pad,19860101,
code,L1070,Trapezius sling,19860101,
code,L1080,Outrigger,19860101,
code,L1085,Outrigger bil w/ vert extens,19880101,
code,L1090,Lumbar sling,19860101,
code,L1100,Ring flange plastic/leather,19860101,
code,L1110,Ring flange plas/leather mol,19860101,
code,L1120,Covers for upright each,19860101,
code,L1200,Furnsh initial orthosis only,19860101,
code,L1210,Lateral thoracic extension,19860101,
code,L1220,Anterior thoracic extension,19860101,
code,L1230,Milwaukee type superstructur,19860101,
code,L1240,Lumbar derotation pad,19880101,
code,L1250,Anterior asis pad,19880101,
code,L1260,Anterior thoracic derotation,19880101,
code,L1270,Abdominal pad,19880101,
code,L1280,Rib gusset (elastic) each,19880101,
code,L1290,Lateral trochanteric pad,19880101,
code,L1300,Body jacket mold to patient,19860101,
code,L1310,Post-operative body jacket,19860101,
code,L1320,Pectus carinatum ortho cust,20240401,
code,L1330,Sternocostal orthosis prefab,20261001,
code,L1499,Spinal orthosis nos,19820101,
code,L1600,Ho flex frejka w/cov pre cst,19860101,
code,L1610,Ho frejka cov only pre cst,19820101,
code,L1620,Ho flex pavlik harns pre cst,19820101,
code,L1630,Abduct control hip semi-flex,19820101,
code,L1640,Pelv band/spread bar thigh c,19820101,
code,L1650,Ho abduction hip adjustable,19820101,
code,L1652,Ho bi thighcuffs w sprdr bar,20030101,
code,L1653,Ho abduction static ots,20241001,
code,L1660,Ho abduction static plastic,19820101,
code,L1680,Pelvic & hip control thigh c,19820101,
code,L1681,Ho bilateral hip abduction,20231001,
code,L1685,Post-op hip abduct custom fa,19880101,
code,L1686,Ho post-op hip abduction,19890101,
code,L1690,Combination bilateral ho,19990101,
code,L1700,Leg perthes orth toronto typ,19820101,
code,L1710,Legg perthes orth newington,19820101,
code,L1720,Legg perthes orthosis trilat,19850101,
code,L1730,Legg perthes orth scottish r,19820101,
code,L1755,Legg perthes patten bottom t,19880101,
code,L1810,Ko elastic with joints,19820101,
code,L1812,Ko elastic w/joints pre ots,20140101,
code,L1820,Ko elas w/ condyle pads & jo,19860101,
code,L1821,Ko elas w/ condyle pads otf,20241001,
code,L1830,Ko immob canvas long pre ots,19860101,
code,L1831,Knee orth pos locking joint,20040101,
code,L1832,Ko adj jnt pos r sup pre cst,19890101,
code,L1833,Ko adj jnt pos r sup pre ots,20140101,
code,L1834,Ko w/0 joint rigid molded to,19890101,
code,L1836,Ko rigid w/o joints pre ots,20030101,
code,L1840,Ko derot ant cruciate custom,19860101,
code,L1843,Ko single upright pre cst,19980101,
code,L1844,Ko w/adj jt rot cntrl molded,19930101,
code,L1845,Ko double upright pre cst,19880101,
code,L1846,Ko w adj flex/ext rotat mold,19880101,
code,L1847,Ko dbl upright w/air pre cst,19990101,
code,L1848,Ko dbl upright w/air pre ots,20140101,
code,L1850,Ko swedish type pre ots,19820101,
code,L1851,Ko single upright prefab ots,20170101,
code,L1852,Ko double upright prefab ots,20170101,
code,L1860,Ko supracondylar socket mold,19820101,
code,L1900,Afo sprng wir drsflx calf bd,19860101,
code,L1902,Afo ankle gauntlet pre ots,19880101,
code,L1904,Afo molded ankle gauntlet,19880101,
code,L1906,Afo multilig ank sup pre ots,19880101,
code,L1907,Afo supramalleolar custom,20040101,
code,L1910,Afo sing bar clasp attach sh,19820101,
code,L1920,Afo sing upright w/ adjust s,19820101,
code,L1930,Afo plastic,19820101,
code,L1932,Afo rig ant tib tcf/= custom,20050101,
code,L1933,Afo rig ant tib tcf/= ots,20250401,
code,L1940,Afo molded to patient plasti,19820101,
code,L1945,Afo molded plas rig ant tib,19890101,
code,L1950,Afo spiral molded to pt plas,19820101,
code,L1951,Afo spiral prefab custom,20040101,
code,L1952,Afo spiral prefab ots,20250401,
code,L1960,Afo pos solid ank plastic mo,19820101,
code,L1970,Afo plastic molded w/ankle j,19820101,
code,L1971,"Ankl foot ortho, customi fit",20040101,
code,L1972,"Ankl foot ortho, prefab, off",20261001,
code,L1980,Afo sing solid stirrup calf,19820101,
code,L1990,Afo doub solid stirrup calf,19820101,
code,L2000,Kafo sing fre stirr thi/calf,19850101,
code,L2005,Kafo sng/dbl mechanical act,20050101,
code,L2006,Kaf sng/dbl swg/stn mcpr cus,20200101,
code,L2010,Kafo sng solid stirrup w/o j,19860101,
code,L2020,Kafo dbl solid stirrup band/,19850101,
code,L2030,Kafo dbl solid stirrup w/o j,19860101,
code,L2034,Kafo pla sin up w/wo k/a cus,20060101,
code,L2035,Kafo plastic pediatric size,19980101,
code,L2036,Kafo plas doub free knee mol,19880101,
code,L2037,Kafo plas sing free knee mol,19890101,
code,L2038,Kafo w/o joint multi-axis an,19890101,
code,L2040,Hkafo torsion bil rot straps,19860101,
code,L2050,Hkafo torsion cable hip pelv,19820101,
code,L2060,Hkafo torsion ball bearing j,19820101,
code,L2070,Hkafo torsion unilat rot str,19820101,
code,L2080,Hkafo unilat torsion cable,19860101,
code,L2090,Hkafo unilat torsion ball br,19840101,
code,L2106,Afo tib fx cast plaster mold,19880101,
code,L2108,Afo tib fx cast molded to pt,19880101,
code,L2112,Afo tibial fracture soft,19880101,
code,L2114,Afo tib fx semi-rigid,19880101,
code,L2116,Afo tibial fracture rigid,19880101,
code,L2126,Kafo fem fx cast thermoplas,19880101,
code,L2128,Kafo fem fx cast molded to p,19880101,
code,L2132,Kafo femoral fx cast soft,19880101,
code,L2134,Kafo fem fx cast semi-rigid,19880101,
code,L2136,Kafo femoral fx cast rigid,19880101,
code,L2180,Plas shoe insert w ank joint,19880101,
code,L2182,Drop lock knee,19880101,
code,L2184,Limited motion knee joint,19880101,
code,L2186,Adj motion knee jnt lerman t,19880101,
code,L2188,Quadrilateral brim,19880101,
code,L2190,Waist belt,19880101,
code,L2192,Pelvic band & belt thigh fla,19880101,
code,L2200,Limited ankle motion ea jnt,19860101,
code,L2210,Dorsiflexion assist each joi,19860101,
code,L2220,Dorsi & plantar flex ass/res,19860101,
code,L2221,Ank mcrop plant & dorsi flex,20260401,
code,L2230,Split flat caliper stirr & p,19860101,
code,L2232,"Rocker bottom, contact afo",20050101,
code,L2240,Round caliper and plate atta,19860101,
code,L2250,Foot plate molded stirrup at,19860101,
code,L2260,Reinforced solid stirrup,19860101,
code,L2265,Long tongue stirrup,19890101,
code,L2270,Varus/valgus strap padded/li,19860101,
code,L2275,Plastic mod low ext pad/line,19940101,
code,L2280,Molded inner boot,19860101,
code,L2300,Abduction bar jointed adjust,19860101,
code,L2310,Abduction bar-straight,19860101,
code,L2320,Non-molded lacer,19860101,
code,L2330,Lacer molded to patient mode,19860101,
code,L2335,Anterior swing band,19880101,
code,L2340,Pre-tibial shell molded to p,19860101,
code,L2350,Prosthetic type socket molde,19860101,
code,L2360,Extended steel shank,19860101,
code,L2370,Patten bottom,19880101,
code,L2375,Torsion ank & half solid sti,19880101,
code,L2380,Torsion straight knee joint,19880101,
code,L2385,Straight knee joint heavy du,19880101,
code,L2387,Add le poly knee custom kafo,20060101,
code,L2390,Offset knee joint each,19880101,
code,L2395,Offset knee joint heavy duty,19880101,
code,L2397,Suspension sleeve lower ext,19940101,
code,L2405,Knee joint drop lock ea jnt,19880101,
code,L2415,Knee joint cam lock each joi,19880101,
code,L2425,Knee disc/dial lock/adj flex,19880101,
code,L2430,Knee jnt ratchet lock ea jnt,19970101,
code,L2492,Knee lift loop drop lock rin,19880101,
code,L2500,Thi/glut/ischia wgt bearing,19860101,
code,L2510,Th/wght bear quad-lat brim m,19860101,
code,L2520,Th/wght bear quad-lat brim c,19860101,
code,L2525,Th/wght bear nar m-l brim mo,19890101,
code,L2526,Th/wght bear nar m-l brim cu,19890101,
code,L2530,Thigh/wght bear lacer non-mo,19860101,
code,L2540,Thigh/wght bear lacer molded,19860101,
code,L2550,Thigh/wght bear high roll cu,19860101,
code,L2570,Hip clevis type 2 posit jnt,19860101,
code,L2580,Pelvic control pelvic sling,19860101,
code,L2600,Hip clevis/thrust bearing fr,19860101,
code,L2610,Hip clevis/thrust bearing lo,19860101,
code,L2620,Pelvic control hip heavy dut,19860101,
code,L2622,Hip joint adjustable flexion,19880101,
code,L2624,Hip adj flex ext abduct cont,19880101,
code,L2627,Plastic mold recipro hip & c,19890101,
code,L2628,Metal frame recipro hip & ca,19890101,
code,L2630,Pelvic control band & belt u,19860101,
code,L2640,Pelvic control band & belt b,19860101,
code,L2650,Pelv & thor control gluteal,19860101,
code,L2660,Thoracic control thoracic ba,19860101,
code,L2670,Thorac cont paraspinal uprig,19860101,
code,L2680,Thorac cont lat support upri,19860101,
code,L2750,Plating chrome/nickel pr bar,19860101,
code,L2755,Carbon graphite lamination,19970101,
code,L2760,Extension per extension per,19860101,
code,L2768,Ortho sidebar disconnect,20020101,
code,L2780,Non-corrosive finish,19860101,
code,L2785,Drop lock retainer each,19880101,
code,L2795,Knee control full kneecap,19880101,
code,L2800,Knee cap medial or lateral p,19880101,
code,L2810,Knee control condylar pad,19880101,
code,L2820,Soft interface below knee se,19880101,
code,L2830,Soft interface above knee se,19880101,
code,L2840,Tibial length sock fx or equ,19890101,
code,L2850,Femoral lgth sock fx or equa,19890101,
code,L2861,Torsion mechanism knee/ankle,20100101,
code,L2999,Lower extremity orthosis nos,19820101,
code,L3000,Ft insert ucb berkeley shell,19820101,
code,L3001,Foot insert remov molded spe,19840101,
code,L3002,Foot insert plastazote or eq,19840101,
code,L3003,Foot insert silicone gel eac,19840101,
code,L3010,Foot longitudinal arch suppo,19820101,
code,L3020,Foot longitud/metatarsal sup,19860101,
code,L3030,Foot arch support remov prem,19860101,
code,L3031,Foot lamin/prepreg composite,20040101,
code,L3040,Ft arch suprt premold longit,19820101,
code,L3050,Foot arch supp premold metat,19820101,
code,L3060,Foot arch supp longitud/meta,19820101,
code,L3070,Arch suprt att to sho longit,19840101,
code,L3080,Arch supp att to shoe metata,19840101,
code,L3090,Arch supp att to shoe long/m,19840101,
code,L3100,Hallus-valgus nt dyn pre ots,19850101,
code,L3140,Abduction rotation bar shoe,19820101,
code,L3150,Abduct rotation bar w/o shoe,19840101,
code,L3160,Shoe styled positioning dev,19860101,
code,L3161,"Foot, adductus position, adj",20240101,
code,L3170,Foot plas heel stabi pre ots,19840101,
code,L3201,Oxford w supinat/pronat inf,19840101,
code,L3202,Oxford w/ supinat/pronator c,19840101,
code,L3203,Oxford w/ supinator/pronator,19840101,
code,L3204,Hightop w/ supp/pronator inf,19840101,
code,L3206,Hightop w/ supp/pronator chi,19840101,
code,L3207,Hightop w/ supp/pronator jun,19840101,
code,L3208,Surgical boot each infant,19840101,
code,L3209,Surgical boot each child,19840101,
code,L3211,Surgical boot each junior,19840101,
code,L3212,Benesch boot pair infant,19840101,
code,L3213,Benesch boot pair child,19840101,
code,L3214,Benesch boot pair junior,19840101,
code,L3215,Orthopedic ftwear ladies oxf,19840101,
code,L3216,Orthoped ladies shoes dpth i,19840101,
code,L3217,Ladies shoes hightop depth i,19840101,
code,L3219,Orthopedic mens shoes oxford,19840101,
code,L3221,Orthopedic mens shoes dpth i,19840101,
code,L3222,Mens shoes hightop depth inl,19840101,
code,L3224,Woman's shoe oxford brace,19950101,
code,L3225,Man's shoe oxford brace,19950101,
code,L3230,Custom shoes depth inlay,19840101,
code,L3250,Custom mold shoe remov prost,19840101,
code,L3251,Shoe molded to pt silicone s,19840101,
code,L3252,Shoe molded plastazote cust,19840101,
code,L3253,Shoe molded plastazote cust,19840101,
code,L3254,Orth foot non-stndard size/w,19840101,
code,L3255,Orth foot non-standard size/,19840101,
code,L3257,Orth foot add charge split s,19880101,
code,L3260,Ambulatory surgical boot eac,19840101,
code,L3265,Plastazote sandal each,19840101,
code,L3300,Sho lift taper to metatarsal,19860101,
code,L3310,Shoe lift elev heel/sole neo,19860101,
code,L3320,Shoe lift elev heel/sole cor,19860101,
code,L3330,Lifts elevation metal extens,19860101,
code,L3332,Shoe lifts tapered to one-ha,19860101,
code,L3334,Shoe lifts elevation heel /i,19860101,
code,L3340,Shoe wedge sach,19820101,
code,L3350,Shoe heel wedge,19820101,
code,L3360,Shoe sole wedge outside sole,19840101,
code,L3370,Shoe sole wedge between sole,19840101,
code,L3380,Shoe clubfoot wedge,19820101,
code,L3390,Shoe outflare wedge,19820101,
code,L3400,Shoe metatarsal bar wedge ro,19840101,
code,L3410,Shoe metatarsal bar between,19840101,
code,L3420,Full sole/heel wedge btween,19840101,
code,L3430,Sho heel count plast reinfor,19850101,
code,L3440,Heel leather reinforced,19840101,
code,L3450,Shoe heel sach cushion type,19840101,
code,L3455,Shoe heel new leather standa,19840101,
code,L3460,Shoe heel new rubber standar,19840101,
code,L3465,Shoe heel thomas with wedge,19840101,
code,L3470,Shoe heel thomas extend to b,19840101,
code,L3480,Shoe heel pad & depress for,19840101,
code,L3485,Shoe heel pad removable for,19840101,
code,L3500,Ortho shoe add leather insol,19860101,
code,L3510,Orthopedic shoe add rub insl,19860101,
code,L3520,O shoe add felt w leath insl,19860101,
code,L3530,Ortho shoe add half sole,19860101,
code,L3540,Ortho shoe add full sole,19860101,
code,L3550,O shoe add standard toe tap,19860101,
code,L3560,O shoe add horseshoe toe tap,19860101,
code,L3570,O shoe add instep extension,19860101,
code,L3580,O shoe add instep velcro clo,19860101,
code,L3590,O shoe convert to sof counte,19860101,
code,L3595,Ortho shoe add march bar,19860101,
code,L3600,Trans shoe calip plate exist,19860101,
code,L3610,Trans shoe caliper plate new,19860101,
code,L3620,Trans shoe solid stirrup exi,19860101,
code,L3630,Trans shoe solid stirrup new,19860101,
code,L3640,Shoe dennis browne splint bo,19860101,
code,L3649,Orthopedic shoe modifica nos,19820101,
code,L3650,So 8 abd restraint pre ots,19860101,
code,L3660,So 8 ab rstr can/web pre ots,19820101,
code,L3670,So acro/clav can web pre ots,19820101,
code,L3671,So cap design w/o jnts cf,20060101,
code,L3674,So airplane w/wo joint cf,20110101,
code,L3675,So vest canvas/web pre ots,19990101,
code,L3677,So hard plas stabili pre cst,20020101,
code,L3678,So hard plas stabili pre ots,20140101,
code,L3702,Eo w/o joints cf,20060101,
code,L3710,Eo elas w/metal jnts pre ots,19860101,
code,L3720,Forearm/arm cuffs free motio,19840101,
code,L3730,Forearm/arm cuffs ext/flex a,19820101,
code,L3740,Cuffs adj lock w/ active con,19820101,
code,L3760,Eo adj jt prefab custom fit,20010101,
code,L3761,"Eo, adj lock joint prefab ot",20180101,
code,L3762,Eo rigid w/o joints pre ots,20030101,
code,L3763,Ewho rigid w/o jnts cf,20060101,
code,L3764,Ewho w/joint(s) cf,20060101,
code,L3765,Ewhfo rigid w/o jnts cf,20060101,
code,L3766,Ewhfo w/joint(s) cf,20060101,
code,L3806,Whfo w/joint(s) custom fab,20070101,
code,L3807,Whfo w/o joints pre cst,20000101,
code,L3808,"Whfo, rigid w/o joints",20070101,
code,L3809,Whfo w/o joints pre ots,20140101,
code,L3891,Torsion mechanism wrist/elbo,20100101,
code,L3900,Hinge extension/flex wrist/f,19860101,
code,L3901,Hinge ext/flex wrist finger,19840101,
code,L3904,Whfo electric custom fitted,19820101,
code,L3905,Who w/nontorsion jnt(s) cf,20060101,
code,L3906,Who w/o joints cf,19860101,
code,L3908,Who cock-up nonmolde pre ots,19860101,
code,L3912,Hfo flexion glove pre ots,19820101,
code,L3913,Hfo w/o joints cf,20060101,
code,L3915,Who nontorsion jnts pre cst,20070101,
code,L3916,Who nontorsion jnts pre ots,20140101,
code,L3917,Metacarp fx orthosis pre cst,20040101,
code,L3918,Metacarp fx orthosis pre ots,20140101,
code,L3919,Ho w/o joints cf,20060101,
code,L3921,Hfo w/joint(s) cf,20060101,
code,L3923,Hfo without joints pre cst,20010101,
code,L3924,Hfo without joints pre ots,20140101,
code,L3925,Fo pip dip jnt/sprng pre ots,20080101,
code,L3927,Fo pip dip no jt spr pre ots,20080101,
code,L3929,Hfo nontorsion jnts pre cst,20080101,
code,L3930,Hfo nontorsion jnts pre ots,20140101,
code,L3931,Whfo nontorsion joint prefab,20080101,
code,L3933,Fo w/o joints cf,20060101,
code,L3935,Fo nontorsion joint cf,20060101,
code,L3956,Add joint upper ext orthosis,19970101,
code,L3960,Sewho airplan desig abdu pos,19860101,
code,L3961,Sewho cap design w/o jnts cf,20060101,
code,L3962,Sewho erbs palsey design abd,19820101,
code,L3967,Sewho airplane w/o jnts cf,20060101,
code,L3971,Sewho cap design w/jnt(s) cf,20060101,
code,L3973,Sewho airplane w/jnt(s) cf,20060101,
code,L3975,Sewhfo cap design w/o jnt cf,20060101,
code,L3976,Sewhfo airplane w/o jnts cf,20060101,
code,L3977,Sewhfo cap desgn w/jnt(s) cf,20060101,
code,L3978,Sewhfo airplane w/jnt(s) cf,20060101,
code,L3980,Up ext fx orthos humeral nos,19820101,
code,L3981,Ue fx orth shoul cap forearm,20150101,
code,L3982,Upper ext fx orthosis rad/ul,19840101,
code,L3984,Upper ext fx orthosis wrist,19820101,
code,L3995,Sock fracture or equal each,19890101,
code,L3999,Upper limb orthosis nos,19820101,
code,L4000,Repl girdle milwaukee orth,19850101,
code,L4002,"Replace strap, any orthosis",20050101,
code,L4010,Replace trilateral socket br,19850101,
code,L4020,Replace quadlat socket brim,19850101,
code,L4030,Replace socket brim cust fit,19850101,
code,L4040,Replace molded thigh lacer,19850101,
code,L4045,Replace non-molded thigh lac,19880101,
code,L4050,Replace molded calf lacer,19850101,
code,L4055,Replace non-molded calf lace,19880101,
code,L4060,Replace high roll cuff,19850101,
code,L4070,Replace prox & dist upright,19860101,
code,L4080,Repl met band kafo-afo prox,19860101,
code,L4090,Repl met band kafo-afo calf/,19850101,
code,L4100,Repl leath cuff kafo prox th,19860101,
code,L4110,Repl leath cuff kafo-afo cal,19850101,
code,L4130,Replace pretibial shell,19840101,
code,L4205,Ortho dvc repair per 15 min,19970101,
code,L4210,Orth dev repair/repl minor p,19850101,
code,L4350,Ankle control ortho pre ots,19890101,
code,L4360,Pneumat walking boot pre cst,19890101,
code,L4361,Pneuma/vac walk boot pre ots,20140101,
code,L4370,Pneum full leg splnt pre ots,19890101,
code,L4386,Non-pneum walk boot pre cst,20030101,
code,L4387,Non-pneum walk boot pre ots,20140101,
code,L4392,Replace afo soft interface,19970101,
code,L4394,Replace foot drop spint,19970101,
code,L4396,Static or dynami afo pre cst,19970101,
code,L4397,Static or dynami afo pre ots,20140101,
code,L4398,Foot drop splint pre ots,19970101,
code,L4631,"Afo, walk boot type, cus fab",20110101,
code,L5000,Sho insert w arch toe filler,19820101,
code,L5010,Mold socket ank hgt w/ toe f,19820101,
code,L5020,Tibial tubercle hgt w/ toe f,19820101,
code,L5050,Ank symes mold sckt sach ft,19850101,
code,L5060,Symes met fr leath socket ar,19850101,
code,L5100,Molded socket shin sach foot,19820101,
code,L5105,Plast socket jts/thgh lacer,19890101,
code,L5150,Mold sckt ext knee shin sach,19820101,
code,L5160,Mold socket bent knee shin s,19820101,
code,L5200,Kne sing axis fric shin sach,19820101,
code,L5210,No knee/ankle joints w/ ft b,19820101,
code,L5220,No knee joint with artic ali,19820101,
code,L5230,Fem focal defic constant fri,19820101,
code,L5250,Hip canad sing axi cons fric,19820101,
code,L5270,Tilt table locking hip sing,19820101,
code,L5280,Hemipelvect canad sing axis,19820101,
code,L5301,Bk mold socket sach ft endo,20020101,
code,L5312,"Knee disart, sach ft, endo",20120101,
code,L5321,Ak open end sach,20020101,
code,L5331,Hip disart canadian sach ft,20020101,
code,L5341,Hemipelvectomy canadian sach,20020101,
code,L5400,Postop dress & 1 cast chg bk,19820101,
code,L5410,Postop dsg bk ea add cast ch,19860101,
code,L5420,Postop dsg & 1 cast chg ak/d,19820101,
code,L5430,Postop dsg ak ea add cast ch,19860101,
code,L5450,Postop app non-wgt bear dsg,19820101,
code,L5460,Postop app non-wgt bear dsg,19820101,
code,L5500,Init bk ptb plaster direct,19860101,
code,L5505,Init ak ischal plstr direct,19860101,
code,L5510,Prep bk ptb plaster molded,19860101,
code,L5520,Perp bk ptb thermopls direct,19860101,
code,L5530,Prep bk ptb thermopls molded,19860101,
code,L5535,Prep bk ptb open end socket,19890101,
code,L5540,Prep bk ptb laminated socket,19860101,
code,L5560,Prep ak ischial plast molded,19860101,
code,L5570,Prep ak ischial direct form,19860101,
code,L5580,Prep ak ischial thermo mold,19860101,
code,L5585,Prep ak ischial open end,19880101,
code,L5590,Prep ak ischial laminated,19860101,
code,L5595,Hip disartic sach thermopls,19890101,
code,L5600,Hip disart sach laminat mold,19890101,
code,L5610,Above knee hydracadence,19860101,
code,L5611,Ak 4 bar link w/fric swing,19890101,
code,L5613,Ak 4 bar ling w/hydraul swig,19890101,
code,L5614,4-bar link above knee w/swng,19940101,
code,L5615,Ak 4 bar link hydl swg/stanc,20240101,
code,L5616,Ak univ multiplex sys frict,19860101,
code,L5617,Ak/bk self-aligning unit ea,19960101,
code,L5618,Test socket symes,19860101,
code,L5620,Test socket below knee,19860101,
code,L5622,Test socket knee disarticula,19860101,
code,L5624,Test socket above knee,19860101,
code,L5626,Test socket hip disarticulat,19860101,
code,L5628,Test socket hemipelvectomy,19860101,
code,L5629,Below knee acrylic socket,19890101,
code,L5630,Syme typ expandabl wall sckt,19860101,
code,L5631,Ak/knee disartic acrylic soc,19890101,
code,L5632,Symes type ptb brim design s,19860101,
code,L5634,Symes type poster opening so,19860101,
code,L5636,Symes type medial opening so,19860101,
code,L5637,Below knee total contact,19890101,
code,L5638,Below knee leather socket,19860101,
code,L5639,Below knee wood socket,19890101,
code,L5640,Knee disarticulat leather so,19860101,
code,L5642,Above knee leather socket,19860101,
code,L5643,Hip flex inner socket ext fr,19880101,
code,L5644,Above knee wood socket,19860101,
code,L5645,Bk flex inner socket ext fra,19880101,
code,L5646,Below knee cushion socket,19860101,
code,L5647,Below knee suction socket,19880101,
code,L5648,Above knee cushion socket,19860101,
code,L5649,Isch containmt/narrow m-l so,19880101,
code,L5650,Tot contact ak/knee disart s,19860101,
code,L5651,Ak flex inner socket ext fra,19880101,
code,L5652,Suction susp ak/knee disart,19860101,
code,L5653,Knee disart expand wall sock,19860101,
code,L5654,Socket insert symes,19860101,
code,L5655,Socket insert below knee,19860101,
code,L5656,Socket insert knee articulat,19860101,
code,L5657,Add low ext man aut vol any,20251001,
code,L5658,Socket insert above knee,19860101,
code,L5661,Multi-durometer symes,19880101,
code,L5665,Multi-durometer below knee,19880101,
code,L5666,Below knee cuff suspension,19860101,
code,L5668,Bk molded distal cushion,19860101,
code,L5670,Bk molded supracondylar susp,19860101,
code,L5671,Bk/ak locking mechanism,20020101,
code,L5672,Bk removable medial brim sus,19860101,
code,L5673,Socket insert w lock mech,20040101,
code,L5676,Bk knee joints single axis p,19860101,
code,L5677,Bk knee joints polycentric p,19880101,
code,L5678,Bk joint covers pair,19840101,
code,L5679,Socket insert w/o lock mech,20040101,
code,L5680,Bk thigh lacer non-molded,19860101,
code,L5681,Intl custm cong/latyp insert,20040101,
code,L5682,Bk thigh lacer glut/ischia m,19860101,
code,L5683,Initial custom socket insert,20040101,
code,L5684,Bk fork strap,19860101,
code,L5685,Below knee sus/seal sleeve,20050101,
code,L5686,Bk back check,19860101,
code,L5688,Bk waist belt webbing,19860101,
code,L5690,Bk waist belt padded and lin,19860101,
code,L5692,Ak pelvic control belt light,19860101,
code,L5694,Ak pelvic control belt pad/l,19860101,
code,L5695,Ak sleeve susp neoprene/equa,19890101,
code,L5696,Ak/knee disartic pelvic join,19860101,
code,L5697,Ak/knee disartic pelvic band,19860101,
code,L5698,Ak/knee disartic silesian ba,19860101,
code,L5699,Shoulder harness,19860101,
code,L5700,Replace socket below knee,19940101,
code,L5701,Replace socket above knee,19940101,
code,L5702,Replace socket hip,19940101,
code,L5703,Symes ankle w/o (sach) foot,20060101,
code,L5704,Custom shape cover bk,19940101,
code,L5705,Custom shape cover ak,19940101,
code,L5706,Custom shape cvr knee disart,19940101,
code,L5707,Custom shape cvr hip disart,19940101,
code,L5710,Kne-shin exo sng axi mnl loc,19860101,
code,L5711,Knee-shin exo mnl lock ultra,19880101,
code,L5712,Knee-shin exo frict swg & st,19860101,
code,L5714,Knee-shin exo variable frict,19860101,
code,L5716,Knee-shin exo mech stance ph,19860101,
code,L5718,Knee-shin exo frct swg & sta,19860101,
code,L5722,Knee-shin pneum swg frct exo,19860101,
code,L5724,Knee-shin exo fluid swing ph,19860101,
code,L5726,Knee-shin ext jnts fld swg e,19860101,
code,L5728,Knee-shin fluid swg & stance,19860101,
code,L5780,Knee-shin pneum/hydra pneum,19860101,
code,L5781,Lower limb pros vacuum pump,20030101,
code,L5782,Hd low limb pros vacuum pump,20030101,
code,L5783,Add low ext mec limb vol lam,20240401,
code,L5785,Exoskeletal bk ultralt mater,19880101,
code,L5790,Exoskeletal ak ultra-light m,19880101,
code,L5795,Exoskel hip ultra-light mate,19880101,
code,L5810,Endoskel knee-shin mnl lock,19880101,
code,L5811,Endo knee-shin mnl lck ultra,19880101,
code,L5812,Endo knee-shin frct swg & st,19880101,
code,L5814,Endo knee-shin hydral swg ph,19970101,
code,L5816,Endo knee-shin polyc mch sta,19880101,
code,L5818,Endo knee-shin frct swg & st,19880101,
code,L5822,Endo knee-shin pneum swg frc,19880101,
code,L5824,Endo knee-shin fluid swing p,19880101,
code,L5826,Miniature knee joint,19980101,
code,L5827,Endo knee shin single axis,20250401,
code,L5828,Endo knee-shin fluid swg/sta,19880101,
code,L5830,Endo knee-shin pneum/swg pha,19880101,
code,L5840,Multi-axial knee/shin system,19940101,
code,L5841,Addition endoskletl knee-shi,20240401,
code,L5845,Knee-shin sys stance flexion,19960101,
code,L5848,Knee-shin sys hydraul stance,20030101,
code,L5850,Endo ak/hip knee extens assi,19880101,
code,L5855,Mech hip extension assist,19940101,
code,L5856,Elec knee-shin swing/stance,20050101,
code,L5857,Elec knee-shin swing only,20050101,
code,L5858,Stance phase only,20060101,
code,L5859,Knee-shin pro flex/ext cont,20130101,
code,L5910,Endo below knee alignable sy,19880101,
code,L5920,Endo ak/hip alignable system,19880101,
code,L5925,Above knee manual lock,19940101,
code,L5926,Endoskel posit rotat unit,20240101,
code,L5930,High activity knee frame,19960101,
code,L5940,Endo bk ultra-light material,19880101,
code,L5950,Endo ak ultra-light material,19880101,
code,L5960,Endo hip ultra-light materia,19880101,
code,L5961,"Endo poly hip, pneu/hyd/rot",20110101,
code,L5962,Below knee flex cover system,19940101,
code,L5964,Above knee flex cover system,19940101,
code,L5966,Hip flexible cover system,19940101,
code,L5968,Multiaxial ankle w dorsiflex,19990101,
code,L5969,Ak/ft power asst incl motors,20140101,
code,L5970,Foot external keel sach foot,19890101,
code,L5971,"Sach foot, replacement",20060101,
code,L5972,Flexible keel foot,19890101,
code,L5973,Ank-foot sys dors-plant flex,20100101,
code,L5974,Foot single axis ankle/foot,19890101,
code,L5975,Combo ankle/foot prosthesis,19990101,
code,L5976,Energy storing foot,19890101,
code,L5978,Ft prosth multiaxial ankl/ft,19890101,
code,L5979,Multi-axial ankle/ft prosth,19940101,
code,L5980,Flex foot system,19890101,
code,L5981,Flex-walk sys low ext prosth,19940101,
code,L5982,Exoskeletal axial rotation u,19890101,
code,L5984,Endoskeletal axial rotation,19890101,
code,L5985,Lwr ext dynamic prosth pylon,19960101,
code,L5986,Multi-axial rotation unit,19890101,
code,L5987,Shank ft w vert load pylon,19970101,
code,L5988,Vertical shock reducing pylo,19990101,
code,L5990,User adjustable heel height,20020101,
code,L5991,Low pros ext osseo connector,20231001,
code,L5992,Low prosth foot shell repl,20260401,
code,L5999,Lowr extremity prosthes nos,19820101,
code,L6000,Part hand thumb rem,19820101,20260331
code,L6010,Part hand little/ring,19820101,20260331
code,L6020,Part hand no fingers,19820101,20260331
code,L6025,Part hand disart myoelectric,20030101,20141231
code,L6026,Part hand myo exclu term dev,20150101,
code,L6028,Part hand finger metacar amp,20250401,
code,L6029,Test interface part handfing,20250401,
code,L6030,External frame part handfing,20250401,
code,L6031,Rep interface handfng molded,20250401,
code,L6032,Part handfng ultralite tcf/=,20250401,
code,L6033,Part handfing acrylic,20250401,
code,L6034,Part hand finger distal amp,20251001,
code,L6035,Prosthetic digit mechanical,20251001,
code,L6036,Prosthetic thumb mechanical,20251001,
code,L6037,Postop dsg cast chg handfing,20250401,
code,L6038,Multiax rotation attachment,20251001,
code,L6039,Passive custom digit/thumb,20251001,
code,L6050,Wrst mld sck flx hng tri pad,19820101,
code,L6055,Wrst mold sock w/exp interfa,19880101,
code,L6100,Elb mold sock flex hinge pad,19820101,
code,L6110,Elbow mold sock suspension t,19820101,
code,L6120,Elbow mold doub splt soc ste,19820101,
code,L6130,Elbow stump activated lock h,19820101,
code,L6200,Elbow mold outsid lock hinge,19820101,
code,L6205,Elbow molded w/ expand inter,19880101,
code,L6250,Elbow inter loc elbow forarm,19820101,
code,L6300,Shlder disart int lock elbow,19820101,
code,L6310,Shoulder passive restor comp,19820101,
code,L6320,Shoulder passive restor cap,19820101,
code,L6350,Thoracic intern lock elbow,19840101,
code,L6360,Thoracic passive restor comp,19860101,
code,L6370,Thoracic passive restor cap,19860101,
code,L6380,Postop dsg cast chg wrst/elb,19880101,
code,L6382,Postop dsg cast chg elb dis/,19880101,
code,L6384,Postop dsg cast chg shlder/t,19880101,
code,L6386,Postop ea cast chg & realign,19880101,
code,L6388,Postop applicat rigid dsg on,19880101,
code,L6400,Below elbow prosth tiss shap,19820101,
code,L6450,Elb disart prosth tiss shap,19820101,
code,L6500,Above elbow prosth tiss shap,19820101,
code,L6550,Shldr disar prosth tiss shap,19840101,
code,L6570,Scap thorac prosth tiss shap,19840101,
code,L6580,Wrist/elbow bowden cable mol,19880101,
code,L6582,Wrist/elbow bowden cbl dir f,19880101,
code,L6584,Elbow fair lead cable molded,19880101,
code,L6586,Elbow fair lead cable dir fo,19880101,
code,L6588,Shdr fair lead cable molded,19880101,
code,L6590,Shdr fair lead cable direct,19880101,
code,L6600,Polycentric hinge pair,19820101,
code,L6605,Single pivot hinge pair,19820101,
code,L6610,Flexible metal hinge pair,19820101,
code,L6611,"Additional switch, ext power",20070101,
code,L6615,Disconnect locking wrist uni,19860101,
code,L6616,Disconnect insert locking wr,19890101,
code,L6620,Flexion/extension wrist unit,19860101,
code,L6621,Flex/ext wrist w/wo friction,20060101,
code,L6623,Spring-ass rot wrst w/ latch,19880101,
code,L6624,Flex/ext/rotation wrist unit,20070101,
code,L6625,Rotation wrst w/ cable lock,19860101,
code,L6628,Quick disconn hook adapter o,19880101,
code,L6629,Lamination collar w/ couplin,19880101,
code,L6630,Stainless steel any wrist,19860101,
code,L6632,Latex suspension sleeve each,19880101,
code,L6635,Lift assist for elbow,19860101,
code,L6637,Nudge control elbow lock,19880101,
code,L6638,Elec lock on manual pw elbow,20030101,
code,L6640,Shoulder abduction joint pai,19820101,
code,L6641,Excursion amplifier pulley t,19880101,
code,L6642,Excursion amplifier lever ty,19880101,
code,L6645,Shoulder flexion-abduction j,19860101,
code,L6646,Multipo locking shoulder jnt,20030101,
code,L6647,Shoulder lock actuator,20030101,
code,L6648,Ext pwrd shlder lock/unlock,20030101,
code,L6650,Shoulder universal joint,19860101,
code,L6655,Standard control cable extra,19860101,
code,L6660,Heavy duty control cable,19860101,
code,L6665,Teflon or equal cable lining,19860101,
code,L6670,Hook to hand cable adapter,19860101,
code,L6672,Harness chest/shlder saddle,19860101,
code,L6675,Harness figure of 8 sing con,19860101,
code,L6676,Harness figure of 8 dual con,19860101,
code,L6677,Ue triple control harness,20060101,
code,L6680,Test sock wrist disart/bel e,19860101,
code,L6682,Test sock elbw disart/above,19860101,
code,L6684,Test socket shldr disart/tho,19860101,
code,L6686,Suction socket,19880101,
code,L6687,Frame typ socket bel elbow/w,19880101,
code,L6688,Frame typ sock above elb/dis,19880101,
code,L6689,Frame typ socket shoulder di,19880101,
code,L6690,Frame typ sock interscap-tho,19880101,
code,L6691,Removable insert each,19880101,
code,L6692,Silicon gel insert w/wo lock,19890101,
code,L6693,Lockingelbow forearm cntrbal,19990101,
code,L6694,Elbow socket ins use w/lock,20050101,
code,L6695,Elbow socket ins use w/o lck,20050101,
code,L6696,Cus elbo skt in for con/atyp,20050101,
code,L6697,Cus elbo skt in not con/atyp,20050101,
code,L6698,Add up-ex prosthes lock mech,20050101,
code,L6700,Ue add ext power myoel,20250401,
code,L6703,"Term dev, passive hand mitt",20070101,
code,L6704,"Term dev, sport/rec/work att",20070101,
code,L6706,Term dev mech hook vol open,20070101,
code,L6707,Term dev mech hook vol close,20070101,
code,L6708,Term dev mech hand vol open,20070101,
code,L6709,Term dev mech hand vol close,20070101,
code,L6711,"Ped term dev, hook, vol open",20090101,
code,L6712,"Ped term dev, hook, vol clos",20090101,
code,L6713,"Ped term dev, hand, vol open",20090101,
code,L6714,"Ped term dev, hand, vol clos",20090101,
code,L6715,"Term device, multi art digit",20120101,
code,L6721,"Hook/hand, hvy dty, vol open",20090101,
code,L6722,"Hook/hand, hvy dty, vol clos",20090101,
code,L6805,Term dev modifier wrist unit,19850101,
code,L6810,Term dev precision pinch dev,19880101,
code,L6880,Elec hand ind art digits,20120101,
code,L6881,Term dev auto grasp feature,20020101,
code,L6882,Microprocessor control uplmb,20020101,
code,L6883,Replc sockt below e/w disa,20060101,
code,L6884,Replc sockt above elbow disa,20060101,
code,L6885,Replc sockt shldr dis/interc,20060101,
code,L6890,Prefab glove for term device,19860101,
code,L6895,Custom glove for term device,19860101,
code,L6900,Hand restorat thumb/1 finger,19820101,
code,L6905,Hand restoration multiple fi,19860101,
code,L6910,Hand restoration no fingers,19820101,
code,L6915,Hand restoration replacmnt g,19820101,
code,L6920,Wrist disarticul switch ctrl,19880101,
code,L6925,Wrist disart myoelectronic c,19880101,
code,L6930,Below elbow switch control,19880101,
code,L6935,Below elbow myoelectronic ct,19880101,
code,L6940,Elbow disarticulation switch,19880101,
code,L6945,Elbow disart myoelectronic c,19880101,
code,L6950,Above elbow switch control,19880101,
code,L6955,Above elbow myoelectronic ct,19880101,
code,L6960,Shldr disartic switch contro,19880101,
code,L6965,Shldr disartic myoelectronic,19880101,
code,L6970,Interscapular-thor switch ct,19880101,
code,L6975,Interscap-thor myoelectronic,19880101,
code,L7007,Adult electric hand,20070101,
code,L7008,Pediatric electric hand,20070101,
code,L7009,Adult electric hook,20070101,
code,L7040,Prehensile actuator,19880101,
code,L7045,Pediatric electric hook,19880101,
code,L7170,Electronic elbow hosmer swit,19880101,
code,L7180,Electronic elbow sequential,19880101,
code,L7181,Electronic elbo simultaneous,20050101,
code,L7185,Electron elbow adolescent sw,19880101,
code,L7186,Electron elbow child switch,19890101,
code,L7190,Elbow adolescent myoelectron,19880101,
code,L7191,Elbow child myoelectronic ct,19890101,
code,L7259,Electronic wrist rotator any,20150101,
code,L7260,Electron wrist rotator otto,19880101,20141231
code,L7261,Electron wrist rotator utah,19880101,20141231
code,L7360,Six volt bat otto bock/eq ea,19880101,
code,L7362,Battery chrgr six volt otto,19880101,
code,L7364,Twelve volt battery utah/equ,19880101,
code,L7366,Battery chrgr 12 volt utah/e,19880101,
code,L7367,Replacemnt lithium ionbatter,20030101,
code,L7368,Lithium ion battery charger,20030101,
code,L7400,"Add ue prost be/wd, ultlite",20060101,
code,L7401,Add ue prost a/e ultlite mat,20060101,
code,L7402,Add ue prost s/d ultlite mat,20060101,
code,L7403,Add ue prost b/e acrylic,20060101,
code,L7404,Add ue prost a/e acrylic,20060101,
code,L7405,Add ue prost s/d acrylic,20060101,
code,L7406,Add upp ext mec limb vol lam,20250401,
code,L7499,Upper extremity prosthes nos,19850101,
code,L7510,Prosthetic device repair rep,19850101,
code,L7520,Repair prosthesis per 15 min,19970101,
code,L7600,Prosthetic donning sleeve,20060101,
code,L7700,Pros soc insert gasket/seal,20180101,
code,L7900,Male vacuum erection system,19970101,
code,L7902,"Tension ring, vac erect dev",20130101,
code,L8000,Mastectomy bra,19860101,
code,L8001,Breast prosthesis bra & form,20020101,
code,L8002,Brst prsth bra & bilat form,20020101,
code,L8010,Mastectomy sleeve,19860101,20250331
code,L8015,Ext breastprosthesis garment,19990101,
code,L8020,Mastectomy form,19860101,
code,L8030,Breast prosth w/o adhes any,19890101,
code,L8031,Breast prosth w adhes any,20100101,
code,L8032,Reusable nipple prosthesis,20100101,
code,L8033,"Nipple prosthesis custom, ea",20200101,
code,L8035,Custom breast prosth any,19990101,
code,L8039,Breast prosthesis nos,19980101,
code,L8040,Nasal prosthesis,20010101,
code,L8041,Midfacial prosthesis,20010101,
code,L8042,Orbital prosthesis,20010101,
code,L8043,Upper facial prosthesis,20010101,
code,L8044,Hemi-facial prosthesis,20010101,
code,L8045,Auricular prosthesis,20010101,
code,L8046,Partial facial prosthesis,20010101,
code,L8047,Nasal septal prosthesis,20010101,
code,L8048,Unspec maxillofacial prosth,20010101,
code,L8049,Repair maxillofacial prosth,20010101,
code,L8300,Truss single w/ standard pad,19860101,
code,L8310,Truss double w/ standard pad,19860101,
code,L8320,Truss addition to std pad wa,19860101,
code,L8330,Truss add to std pad scrotal,19860101,
code,L8400,Sheath below knee,19820101,
code,L8410,Sheath above knee,19820101,
code,L8415,Sheath upper limb,19880101,
code,L8417,Pros sheath/sock w gel cushn,19970101,
code,L8420,Prosthetic sock multi ply bk,19820101,
code,L8430,Prosthetic sock multi ply ak,19820101,
code,L8435,Pros sock multi ply upper lm,19880101,
code,L8440,Shrinker below knee,19820101,
code,L8460,Shrinker above knee,19820101,
code,L8465,Shrinker upper limb,19880101,
code,L8470,Pros sock single ply bk,19820101,
code,L8480,Pros sock single ply ak,19820101,
code,L8485,Pros sock single ply upper l,19940101,
code,L8499,Unlisted misc prosthetic ser,19820101,
code,L8500,Artificial larynx,19900101,
code,L8501,Tracheostomy speaking valve,19900101,
code,L8505,"Artificial larynx, accessory",20020101,
code,L8507,Trach-esoph voice pros pt in,20020101,
code,L8509,Trach-esoph voice pros md in,20020101,
code,L8510,Voice amplifier,20020101,
code,L8511,Indwelling trach insert,20040101,
code,L8512,Gel cap for trach voice pros,20040101,
code,L8513,Trach pros cleaning device,20040101,
code,L8514,Repl trach puncture dilator,20040101,
code,L8515,Gel cap app device for trach,20050101,
code,L8600,Implant breast silicone/eq,19920101,
code,L8603,Collagen imp urinary 2.5 ml,19950101,
code,L8604,Dextranomer/hyaluronic acid,20090101,
code,L8605,Inj bulking agent anal canal,20130101,
code,L8606,Synthetic implnt urinary 1ml,20010101,
code,L8607,Inj vocal cord bulking agent,20160101,
code,L8608,Arg ii ext com/sup/acc misc,20190101,
code,L8609,Artificial cornea,20060101,
code,L8610,Ocular implant,19920101,
code,L8612,Aqueous shunt prosthesis,19920101,
code,L8613,Ossicular implant,19920101,
code,L8614,Cochlear device,19920101,
code,L8615,Coch implant headset replace,20050101,
code,L8616,Coch implant microphone repl,20050101,
code,L8617,Coch implant trans coil repl,20050101,
code,L8618,Coch implant tran cable repl,20050101,
code,L8619,Coch imp ext proc/contr rplc,19960101,
code,L8621,Repl zinc air battery,20050101,
code,L8622,Repl alkaline battery,20050101,
code,L8623,"Lith ion batt cid,non-earlvl",20060101,
code,L8624,"Lith ion batt cid, ear level",20060101,
code,L8625,Charger coch impl/aoi battry,20180101,
code,L8627,Cid ext speech process repl,20100101,
code,L8628,Cid ext controller repl,20100101,
code,L8629,Cid transmit coil and cable,20100101,
code,L8630,Metacarpophalangeal implant,19920101,
code,L8631,Mcp joint repl 2 pc or more,20040101,
code,L8641,Metatarsal joint implant,19920101,
code,L8642,Hallux implant,19920101,
code,L8658,Interphalangeal joint spacer,19920101,
code,L8659,Interphalangeal joint repl,20040101,
code,L8670,"Vascular graft, synthetic",19920101,
code,L8678,Ext sply implt neurostim,20230401,
code,L8679,Imp neurosti pls gn any type,20140101,
code,L8680,Implt neurostim elctr each,20060101,
code,L8681,Pt prgrm for implt neurostim,20060101,
code,L8682,Implt neurostim radiofq rec,20060101,
code,L8683,Radiofq trsmtr for implt neu,20060101,
code,L8684,Radiof trsmtr implt scrl neu,20060101,
code,L8685,Implt nrostm pls gen sng rec,20060101,
code,L8686,Implt nrostm pls gen sng non,20060101,
code,L8687,Implt nrostm pls gen dua rec,20060101,
code,L8688,Implt nrostm pls gen dua non,20060101,
code,L8689,External recharg sys intern,20060101,
code,L8690,"Aud osseo dev, int/ext comp",20070101,
code,L8691,Aoi snd proc repl excl actua,20070101,
code,L8692,Non-osseointegrated snd proc,20100101,
code,L8693,"Aud osseo dev, abutment",20110101,
code,L8694,Aoi transducer/actuator repl,20180101,
code,L8695,External recharg sys extern,20070101,
code,L8696,Ext antenna phren nerve stim,20150101,20260930
code,L8697,Ext phrenic stim acc repl ea,20261001,
code,L8698,Misc used with tot art heart,20190101,
code,L8699,Prosthetic implant nos,19980101,
code,L8701,Ewh s/d uprt micro sensor,20190101,
code,L8702,Ewhf s/d uprt micro sensor,20190101,
code,L8720,Ext low ext sens prosthe mec,20241001,
code,L8721,Receptor sole l8720 replace,20241001,
code,L9900,O&p supply/accessory/service,20000101,
code,M0001,Advancing cancer care mvp,20230101,
code,M0002,Opt care kidney hlth mvp,20230101,
code,M0003,Opt care episod neuro mvp,20230101,20241231
code,M0004,Qual care neurologic cnd mvp,20230101,
code,M0005,Value in primary care mvp,20230101,
code,M0010,Eom meos payment,20230401,
code,M0064,Visit for drug monitoring,19920101,20141231
code,M0075,Cellular therapy,19860101,
code,M0076,Prolotherapy,19860101,
code,M0100,Intragastric hypothermia,19860101,
code,M0201,Pne flu hepb cov home admin,20210608,
code,M0220,Tixagev and cilgav inj,20211208,20241212
code,M0221,Tixagev and cilgav inj hm,20211208,20241212
code,M0222,Bebtelovimab injection,20220211,20241212
code,M0223,Bebtelovimab injection home,20220211,20241212
code,M0224,Pemivibart infusion,20240322,
code,M0231,Inf tocilizumab-bavi 1st dos,20260701,
code,M0232,Inf tocilizumab-bavi 2nd dos,20260701,
code,M0233,"Intra inf, toci, first dose",20260401,
code,M0234,"Intra inf, toci, second dos",20260401,
code,M0235,"Intrav inf, mon anti, fir do",20251001,
code,M0236,"Intrav inf, mon anti, sec do",20251001,
code,M0237,"Intrav inf, toci, first dose",20250124,
code,M0238,"Intrav inf, toci, second dos",20250124,
code,M0239,Bamlanivimab-xxxx infusion,20201109,20210416
code,M0240,Casiri and imdev repeat,20210730,20241212
code,M0241,Casiri and imdev repeat hm,20210730,20241212
code,M0243,Casirivi and imdevi inj,20201121,20241212
code,M0244,Casirivi and imdevi inj hm,20210506,20241212
code,M0245,Bamlan and etesev infusion,20210209,20231213
code,M0246,Bamlan and etesev infus home,20210506,20231213
code,M0247,Sotrovimab infusion,20210526,20241212
code,M0248,"Sotrovimab inf, home admin",20210526,20241212
code,M0249,Adm tocilizu covid-19 1st,20210624,
code,M0250,Adm tocilizu covid-19 2nd,20210624,
code,M0300,Iv chelationtherapy,19860101,
code,M0301,Fabric wrapping of aneurysm,19860101,
code,M1000,Pain scr as mod to sevr,20190101,20191231
code,M1001,Pln to adrs pain doc,20190101,20191231
code,M1002,Pln to adrs pain not doc,20190101,20191231
code,M1003,Tb scr 12 mo pri fst bio dz,20190101,
code,M1004,Doc med rsn no srn tb,20190101,
code,M1005,Tb scr no perf,20190101,
code,M1006,"Dz not ases, no rsn",20190101,
code,M1007,>=50% total pt outpt ra enct,20190101,
code,M1008,<50% total pt outpt ra encts,20190101,
code,M1009,Dc eoc doc med rec,20190101,
code,M1010,Dc eoc doc med rec,20190101,
code,M1011,Dc eoc doc med rec,20190101,
code,M1012,Dc eoc doc med rec,20190101,
code,M1013,Dc eoc doc med rec,20190101,
code,M1014,Dc epi care doc medrec,20190101,
code,M1015,Dc eoc doc med rec,20190101,20201231
code,M1016,Pt dx meop or sur steri,20190101,
code,M1017,Pt admt to palitve serv,20190101,20221231
code,M1018,Pt dx hst cr pt sk lg cr scr,20190101,
code,M1019,Adl pt mj dep ds rs 12 phq<5,20190101,
code,M1020,Adl pt mj dep ds no rs 12 mo,20190101,
code,M1021,Pt uc in pp,20190101,
code,M1022,Pt hospice during perf pd,20190101,20211231
code,M1023,Adl pt mj dep ds rs 6 phq<5,20190101,20201231
code,M1024,Adl pt mj dep ds no rs 6 mo,20190101,20201231
code,M1025,Pt hospice during perf pd,20190101,20211231
code,M1026,Pt hospice during perf pd,20190101,20211231
code,M1027,Img head (ct or mri) obtnd,20190101,
code,M1028,Doc of pt prm hda dx and otr,20190101,
code,M1029,Doc sysm rsn img hd,20190101,
code,M1030,Pt clin ind img hd,20190101,20191231
code,M1031,Pt clin ind img hd,20190101,20211231
code,M1032,Adt tkng pharmthry for oud,20190101,
code,M1033,Pharmthry for oud afr 6.30,20190101,20201231
code,M1034,Adt 180 dys pharmthry oud,20190101,
code,M1035,Adt pd out mat pr 180 dys tx,20190101,
code,M1036,Adt no 180 dys pharmthry oud,20190101,
code,M1037,Pt dx lum sp reg cacr,20190101,
code,M1038,Pt dx lum sp reg fract,20190101,
code,M1039,Pt dx lum sp reg inf,20190101,
code,M1040,Pt dx lum idi or cong scol,20190101,
code,M1041,Pt cr ft inf lm or pt id sl,20190101,
code,M1042,Ftl st mea sco ot odi 3 mo,20190101,20191231
code,M1043,Fs no odi 9-15mo,20190101,
code,M1044,Ftl st mea odi 3 mo,20190101,20191231
code,M1045,Fs oks 9-15mo >= 37 >= 71,20190101,
code,M1046,Fs oks 9-15mo < 37 < 71,20190101,
code,M1047,Fs msrd oks pre and post,20190101,20191231
code,M1048,Fsm wth scr odi pre and post,20190101,20191231
code,M1049,Fs wth scr no odi pre and p,20190101,
code,M1050,Fs msrd odi pre and post,20190101,20191231
code,M1051,Pt w/cancer scoliosis,20190101,
code,M1052,Lg pn not meas w/ vas 1yr po,20190101,
code,M1053,Pre and post vas wthn 3 mos,20190101,20191231
code,M1054,Pt uc in pp,20190101,
code,M1055,Aspirin used,20190101,
code,M1056,Presc antico med in pp,20190101,
code,M1057,"Aspirin not used, no rsn",20190101,
code,M1058,Pt prm nurs hm res in pp,20190101,
code,M1059,Pt no prm nurs hm res in pp,20190101,
code,M1060,Pt died in pp,20190101,
code,M1061,Pt preg,20190101,20201231
code,M1062,Pt imcomprmd,20190101,20201231
code,M1063,Pt rec hg dos imsup thpy,20190101,20201231
code,M1064,Shing vac doc adm or pv rec,20190101,20201231
code,M1065,Shing vac no adm clinc rsn,20190101,20201231
code,M1066,Shing vac no doc no rsn,20190101,20201231
code,M1067,Hspc pt prv time meam per,20190101,
code,M1068,Pt not ambulatory,20190101,
code,M1069,Pt scr ft fall rsk,20190101,
code,M1070,Pt not scrn fut fall no rsn,20190101,
code,M1071,Pt had add'l sp pcr perf,20190101,20221231
code,M1106,Start eoc doc med rec,20200101,
code,M1107,Docu dx degen neuro,20200101,
code,M1108,Oc ni pt home prog,20200101,
code,M1109,Oc ni pt dc,20200101,
code,M1110,Oc not p pt selfdc,20200101,
code,M1111,Start eoc doc med rec,20200101,
code,M1112,Docu dx degen neuro,20200101,
code,M1113,Oc ni pt home prog,20200101,
code,M1114,Oc ni pt dc,20200101,
code,M1115,Oc ni pt selfdc,20200101,
code,M1116,Start eoc doc med rec,20200101,
code,M1117,Docu dx degen neuro,20200101,
code,M1118,Oc ni pt home prog,20200101,
code,M1119,Oc ni pt dc,20200101,
code,M1120,Oc ni pt selfdc,20200101,
code,M1121,Start eoc doc med rec,20200101,
code,M1122,Docu dx degen neuro,20200101,
code,M1123,Oc ni pt home prog,20200101,
code,M1124,Oc ni pt dc 1-2 vis,20200101,
code,M1125,Oc ni pt selfdc 1-2 vis,20200101,
code,M1126,Start eoc doc med rec,20200101,
code,M1127,Docu dx degen neuro,20200101,
code,M1128,Oc ni pt home prog,20200101,
code,M1129,Oc ni pt dc,20200101,
code,M1130,Oc ni pt selfdc,20200101,
code,M1131,Docu dx degen neuro,20200101,
code,M1132,Oc ni pt home prog,20200101,
code,M1133,Oc ni pt dc,20200101,
code,M1134,Oc ni pt selfdc,20200101,
code,M1135,Start eoc doc med rec,20200101,
code,M1136,Start eoc doc med rec,20200101,20201231
code,M1137,Docu dx degen neuro,20200101,20201231
code,M1138,Oc ni pt 1-2 vis,20200101,20201231
code,M1139,Oc ni pt self dc 1-2 vis,20200101,20201231
code,M1140,Oc ni pt dc 1-2 vis,20200101,20201231
code,M1141,Fs no oks,20200101,
code,M1142,Emerge cases,20200101,
code,M1143,Ni rehab med chiro,20200101,
code,M1144,Oc no ind pt 1-2 vis,20200101,20201231
code,M1145,"Mfn drug add-on, per dose",20210101,20220227
code,M1146,Ongoing care not ind,20210101,
code,M1147,Care not poss med rsn,20210101,
code,M1148,Pt self dschg,20210101,
code,M1149,No neck fs prom incap,20210101,
code,M1150,Lvef <=40% or mod/sev l vsf,20230101,
code,M1151,Pt w/ hx trnsplt or lvad,20230101,
code,M1152,Pt w/ hx trnsplt or lvad,20230101,
code,M1153,Pt w/ dx osteo doe,20230101,
code,M1154,Hospc serv dur meas pd,20230101,20241231
code,M1155,Pt anphx due to pneum,20230101,20241231
code,M1156,Pt recd actv chemo any time,20230101,20231231
code,M1157,Pt recd bone mar trnsplt,20230101,20231231
code,M1158,Pt hx immcomp prior/dur pd,20230101,20231231
code,M1159,Hospc serv dur meas pd,20230101,
code,M1160,Pt anphx due to mengb bef 13,20230101,
code,M1161,Pt anphx due to dtp bef 13,20230101,
code,M1162,Pt enceph due to dtp bef 13,20230101,
code,M1163,Pt anphx due to hpv bef 13,20230101,
code,M1164,Pt w/ dementia any time,20230101,
code,M1165,Pt use hspc dur meas pd,20230101,
code,M1166,Path rpt tis spec wle/reexc,20230101,
code,M1167,Hspc dur meas pd,20230101,
code,M1168,Pt recd flu vax 7/1-6/30,20230101,
code,M1169,Doc med rsn no flu vax,20230101,
code,M1170,Pt w/o flu vax 7/1-6/30,20230101,
code,M1171,Pt recd 1 td/tdap 9yrs prior,20230101,
code,M1172,Doc med rsn no td/tdap,20230101,
code,M1173,Pt no rec td/tdap 9yrs prior,20230101,
code,M1174,Pt w/ 2 hzv 10/2017 - mp,20230101,
code,M1175,Doc med rsn no hzv,20230101,
code,M1176,No 2 hzv 10/2017-meas pd,20230101,
code,M1177,Pt recd pcv on/aft 19,20230101,
code,M1178,Doc med rsn no pcv,20230101,
code,M1179,No pcv recd,20230101,
code,M1180,Pt imm ckpt inhib therapy,20230101,
code,M1181,Gr 2 or> dia or gr2 or> col,20230101,
code,M1182,Not elg pre ex ibd/uc/crohn,20230101,
code,M1183,Doc imm ckpt inhib hld,20230101,
code,M1184,Doc med rsn no cst/ist rx,20230101,
code,M1185,Imm ckpt inhib not hld no rx,20230101,
code,M1186,Pt w/ rx for hspc/plltv care,20230101,
code,M1187,Pt w/ esrd,20230101,
code,M1188,Pt w/ ckd stg 5,20230101,
code,M1189,Doc khe pef w/efgr/uacr,20230101,
code,M1190,Doc khe not pef w/efgr/uacr,20230101,
code,M1191,Hspc svc any time in meas pd,20230101,
code,M1192,Pt w/ dx sq cell ca of esoph,20230101,
code,M1193,Rpts w/ imp/con mmr/msi,20230101,
code,M1194,Med rsn no imp/con mmr/msi,20230101,
code,M1195,Rpt wo imp/con mmr/msi,20230101,
code,M1196,Ixv nrs vrs iqa >=4,20230101,
code,M1197,Isa reduced >=3 fr ixv,20230101,
code,M1198,Isa not red 3pts /no assess,20230101,
code,M1199,Pt rec'g rrt,20230101,
code,M1200,Ace-i/arb rx,20230101,
code,M1201,Med rsn no ace-i/arb rx,20230101,
code,M1202,Pt rsn no ace-i/arb rx,20230101,
code,M1203,No rsn ace-i/arb rx,20230101,
code,M1204,Ixv nrs vrs iqa >=4,20230101,
code,M1205,Isa reduced >=3,20230101,
code,M1206,Isa not red 3pts/no assess,20230101,
code,M1207,Pt scrn sdoh,20230101,
code,M1208,Pt no scrn sdoh,20230101,
code,M1209,>=2 same hi-rsk med w/o diag,20230101,
code,M1210,>=2 same meds tbl4 not ord,20230101,
code,M1211,Gsa level>9.0%,20240101,
code,M1212,Missing gsa not perf,20240101,
code,M1213,No hx spiro prs spiro>=70%,20240101,
code,M1214,Spiro results wth obs doc,20240101,
code,M1215,Med rsn for no doc spiro,20240101,
code,M1216,No spiro doc no res doc,20240101,
code,M1217,Sys rsn no doc spiro,20240101,
code,M1218,Pt copd symptoms,20240101,
code,M1219,Anphx due to vax,20240101,20241231
code,M1220,Dre wth interp rtnopthy,20240101,
code,M1221,Dre w/o rtnopthy,20240101,
code,M1222,Glaucoma pln of care not doc,20240101,
code,M1223,Glaucoma plan of care doc,20240101,
code,M1224,Iop dec <20% from base,20240101,
code,M1225,Iop dec>=20% from base,20240101,
code,M1226,Iop not doc,20240101,
code,M1227,Eb therapy prescribed,20240101,
code,M1228,Pt + hcv aby +vir w/ rx 3 mo,20240101,
code,M1229,Pt w/ +hcv +vir ref win 1 mo,20240101,
code,M1230,Pt hcv rctv aby no f/u tst,20240101,
code,M1231,Pt hcv tst no reactive res,20240101,
code,M1232,Pt hcv tst reactive result,20240101,
code,M1233,Pt no hcv aby or result,20240101,
code,M1234,Pt hcv rctv aby f/u neg,20240101,
code,M1235,Doc pt hcv aby rna tst,20240101,
code,M1236,Baseline mrs > 2,20240101,
code,M1237,Pt rsn no scrn,20240101,
code,M1238,Doc 2nd recom hzv 2-6 mo int,20240101,
code,M1239,Pt no resp heard,20240101,
code,M1240,Pt no resp best int,20240101,
code,M1241,Pt no resp seen as person,20240101,
code,M1242,Pt no resp imprt to me,20240101,
code,M1243,Pt othr thn true heard,20240101,
code,M1244,Pt othr thn true best int,20240101,
code,M1245,Pt othr thn true person,20240101,
code,M1246,Pt othr thn true imprt to me,20240101,
code,M1247,Pt resp true best int,20240101,
code,M1248,Pt resp true seen as person,20240101,
code,M1249,Pt resp true imprt to me,20240101,
code,M1250,Pt resp true heard,20240101,
code,M1251,Pts proxy cmplt hu surv,20240101,
code,M1252,Pts no cmplt hu survey,20240101,
code,M1253,Pts hu surv no amb plltv,20240101,
code,M1254,Pts deceased prior hu surv,20240101,
code,M1255,"Pts w/ othr rsn vst,+prg tst",20240101,
code,M1256,Prior history of known cvd,20240101,
code,M1257,Cvd risk assess not perf,20240101,
code,M1258,Cvd risk assess perf,20240101,
code,M1259,Pt stat doc <= 1 yr dialysis,20240101,
code,M1260,Pt not doc <= 1 yr dialysis,20240101,
code,M1261,Pts on wtlist bef dialysis,20240101,
code,M1262,Pts transplt bef dialysis,20240101,
code,M1263,Pts hosp dialysis dt,20240101,
code,M1264,Pts 75+ dialysis dt,20240101,20241231
code,M1265,Cms 2728 completed,20240101,
code,M1266,Pts admit snf,20240101,
code,M1267,Pt no act kid transplt wtlst,20240101,
code,M1268,Pt ac stat kid trnsplt wtlst,20240101,
code,M1269,Rec'd esrd mcp lst day of mo,20240101,
code,M1270,Pts no kid transplt wtlst,20240101,
code,M1271,Pts dem any time/dur mo,20240101,
code,M1272,Pts kid transplt wtlst,20240101,
code,M1273,Pts snf 1 yr dialysis,20240101,
code,M1274,Pts snf exl mo,20240101,
code,M1275,Pts hosp exl,20240101,
code,M1276,Calc bmi out nrm param nof/u,20240101,
code,M1277,Colorectal ca screen doc rev,20240101,
code,M1278,"Pre-htn or htn doc, f/u indc",20240101,
code,M1279,"Pre-htn/htn, no f/u, not gvn",20240101,
code,M1280,Bilat mast/hx bi /unilat mas,20240101,
code,M1281,Bp scrn no perf at interval,20240101,
code,M1282,Pt scrn tbco id as non user,20240101,
code,M1283,Pt scrn tbco and id as user,20240101,
code,M1284,Pt 66+ snp or ltc pos > 90d,20240101,
code,M1285,Scrn mam perf rslts not doc,20240101,
code,M1286,Bmi doc onl fup not cmpltd,20240101,
code,M1287,Calc bmi blw low param f/u,20240101,
code,M1288,Doc rsn no hbp scrn or f/u,20240101,
code,M1289,No pt tbco cess interv rng,20240101,
code,M1290,Pt not eli d/t act dig htn,20240101,
code,M1291,Pt 66+ frailty and med dem,20240101,
code,M1292,Pt 66+ frail inpt adv ill,20240101,
code,M1293,Calc bmi abv up param f/u,20240101,
code,M1294,Bp scrn perf rec interval,20240101,
code,M1295,Pt hx tot col or colon ca,20240101,
code,M1296,Calc bmi norm parameters,20240101,
code,M1297,Bmi not doc medrsn ptref,20240101,
code,M1298,Doc pt preg dur msrmt pd,20240101,
code,M1299,Flu immunize order/admin,20240101,
code,M1300,Flu imm no admin doc rea,20240101,
code,M1301,Pt recv tbco cess interv,20240101,
code,M1302,Scrn mam perf rslts doc,20240101,
code,M1303,Hospc serv dur meas pd,20240101,
code,M1304,No pneum vax admin 19+,20240101,
code,M1305,Pneum vax admin 19+,20240101,
code,M1306,Pt anphx due to pneum,20240101,
code,M1307,Doc pt pal or hospice,20240101,
code,M1308,Flu immunize no admin,20240101,
code,M1309,Pall serv during meas,20240101,
code,M1310,Pt scr tob & cess int,20240101,
code,M1311,Aphlx to vax bef enc,20240101,
code,M1312,No pt tbco scrn rng,20240101,
code,M1313,No tob scr/cess int,20240101,
code,M1314,Bmi not calculated,20240101,
code,M1315,Crc no doc no rsn,20240101,
code,M1316,Tobacco non-user,20240101,
code,M1317,Pts counsl cpt opt out,20240101,
code,M1318,Pts no csp doc contact,20240101,
code,M1319,Pts csp doc contact,20240101,
code,M1320,Pts scrn + hrsn,20240101,
code,M1321,"Pts no 7wk inj,no iop,iop>25",20240101,
code,M1322,"Pts 7wk inj, scrn iop =<25",20240101,
code,M1323,"Pts 7wk inj, scrn iop >25",20240101,
code,M1324,Pts intravitreal/pci,20240101,
code,M1325,Doc med rsn not seen,20240101,
code,M1326,Pts dx hypotony,20240101,
code,M1327,Pts no eval ini xm no 8 wks,20240101,
code,M1328,Pts dx acute vitreous hem,20240101,
code,M1329,Pts act pvd 2 wks 8 wks,20240101,
code,M1330,Doc pts rsn no f/u xm,20240101,
code,M1331,Pts eval ini xm 8 wks,20240101,
code,M1332,Pts no eval ini xm no 2 wks,20240101,
code,M1333,Acute vitreous hemorrhage,20240101,
code,M1334,Pts act pvd 2 wks 2 wks,20240101,
code,M1335,Doc pts rsn no f/u xm,20240101,
code,M1336,Pts eval ini xm 2 wks,20240101,
code,M1337,Acute pvd,20240101,
code,M1338,Pt f/u 30-180 dys no + imprv,20240101,
code,M1339,Pts f/u 30-180 dys + improv,20240101,
code,M1340,Indx whodas 2.0 or sds,20240101,
code,M1341,Pt no f/u 30-180 dys,20240101,
code,M1342,Pts died perf per,20240101,
code,M1343,Pt pam lvl 4 base or srt lin,20240101,
code,M1344,No bsln/2nd pam score 4-12mo,20240101,
code,M1345,"Pt bsln pam, 2nd scr 4-12 mo",20240101,
code,M1346,No pam inc 6 pts 4-12 mo,20240101,
code,M1347,Pt pam incr 3 pt 4-12 mo,20240101,
code,M1348,Pam incr 6 pt 4-12 mo,20240101,
code,M1349,No pam inc 3 pts 4-12 mo,20240101,
code,M1350,Pt w/ suic saf pln init rev,20240101,
code,M1351,Pt cmplt suicd saf pln 120dy,20240101,
code,M1352,"Suicd c-ssrs assessment, equ",20240101,
code,M1353,Pts no cmplt suicd saf pln,20240101,
code,M1354,Pt no suicd saf pln 120dy,20240101,
code,M1355,Suicd based cln eval,20240101,
code,M1356,Pt died dur meas pd,20240101,
code,M1357,Pt w/red suic idea 120 days,20240101,
code,M1358,Pts no <suicd idea 120 dys,20240101,
code,M1359,"Indx suicd idea, no 0 scr",20240101,
code,M1360,Suicd c-ssrs assessment,20240101,
code,M1361,Suicd based cln eval,20240101,
code,M1362,Pt died dur meas pd,20240101,
code,M1363,Pts no f/u 120 dys,20240101,
code,M1364,Ascvd risk >=20pct,20240101,
code,M1365,Hosp+pall care spec code 17,20240101,
code,M1366,Focus on women's health mvp,20240101,
code,M1367,Qual care ent disorder mvp,20240101,
code,M1368,Prev trt inf d/o hiv/hep mvp,20240101,
code,M1369,Qualcare mental hlth/sud mvp,20240101,
code,M1370,Rehab support msk care mvp,20240101,
code,M1371,Mst rec gsa<7,20250101,
code,M1372,Mst rec gsa >=7 and<8,20250101,
code,M1373,Mst rec gsa >=8 and <=9,20250101,
code,M1374,Ra dx enc 90 days dur per pd,20250101,
code,M1375,Ra dx enc 90 days dur per pd,20250101,
code,M1376,Ra dx enc 90 days dur per pd,20250101,
code,M1377,Fu colscop 10 yr doc w/ disc,20250101,
code,M1378,Med rsn no 10 yr fu colscope,20250101,
code,M1379,10 yr fu no rec rsn not giv,20250101,
code,M1380,2 rx in perf pd any com meds,20250101,
code,M1381,Pt sec strk wthin 5 days,20250101,
code,M1382,Enc dur perf pd pos 11,20250101,
code,M1383,Acute pvd,20250101,
code,M1384,Pt died dur perf pd,20250101,
code,M1385,Pt rsn not seen 2nd pam,20250101,
code,M1386,Exc sx melmn or mlnm is,20250101,
code,M1387,Pt died dur perf pd,20250101,
code,M1388,Pt doc exm rec melmn,20250101,
code,M1390,Pt no doc exm for rec,20250101,
code,M1391,All pt dx w/ rec mlnm,20250101,
code,M1392,Pt rsn no exm or lst to fu,20250101,
code,M1393,Pr no dx rec mlnm,20250101,
code,M1394,Stg i-iii br ca,20250101,
code,M1395,Init chemo w/def dur ec grp,20250101,
code,M1396,Pt ther clin trial,20250101,
code,M1397,Pt w/ recur/prog,20250101,
code,M1398,Bslne and  fu promis doc,20250101,
code,M1399,Pt lve prac,20250101,
code,M1400,Pt died dur perf pd,20250101,
code,M1401,Stg i-iii br ca,20250101,
code,M1402,Init chemo w/def dur ec grp,20250101,
code,M1403,Bslne and fu promis doc,20250101,
code,M1404,Pt ther clin trial,20250101,
code,M1405,Pt w/ recur/prog,20250101,
code,M1406,Pt lve prac,20250101,
code,M1407,Pt died dur perf pd,20250101,
code,M1408,Gmln brca bef dx ca,20250101,
code,M1409,Recd gmln brca1/brca2 couns,20250101,
code,M1410,No gmln brca1/brca2 couns,20250101,
code,M1411,1st ln ici no chemo,20250101,
code,M1412,Met nsclc w/ egfr alk oth ab,20250101,
code,M1413,Pos pdl1 bef init ici tx,20250101,
code,M1414,Med rsn no pdl1 bef 1st ther,20250101,
code,M1415,No pos pdl1 bef ici ther,20250101,
code,M1416,Pt rec hosp,20250101,
code,M1417,Pt up to date cov,20250101,
code,M1418,Med rsn not up to date cov,20250101,
code,M1419,Pt not up to date cov,20250101,
code,M1420,Complete ophthalmologic mvp,20250101,
code,M1421,Dermatological care mvp,20250101,
code,M1422,Gastroenterology care mvp,20250101,
code,M1423,Opt care urologic cnd mvp,20250101,
code,M1424,Pulmonology care mvp,20250101,
code,M1425,Surgical care mvp,20250101,
code,M1426,Telehealth enc,20260101,
code,M1427,Doc med rsn bone scn,20260101,
code,M1428,Bilateral absence of eyes,20260101,
code,M1429,"Retinopathy in od, os, ou",20260101,
code,M1430,Ret exm ou no retinopthy doc,20260101,
code,M1431,Telehealth enc,20260101,
code,M1432,Telehealth enc,20260101,
code,M1433,Oral chemo wthn 30 days enc,20260101,
code,M1434,Orl chemo wthn 30 d post enc,20260101,
code,M1435,Oral chemo in perf pd,20260101,
code,M1436,Telehealth enc,20260101,
code,M1437,Telehealth enc,20260101,
code,M1438,Lst knwn well <=210 min,20260101,
code,M1439,Sig ocu cond imp surg out,20260101,
code,M1440,Telehealth enc,20260101,
code,M1441,Init dx slp apn = 1st enc,20260101,
code,M1442,Telehealth enc,20260101,
code,M1443,Telehealth enc,20260101,
code,M1444,Del < 39 weeks gest,20260101,
code,M1445,Pp care visit by 12 weeks,20260101,
code,M1446,Pt died bef end meas pd,20260101,
code,M1447,Pt dx bd bef end meas pd,20260101,
code,M1448,Pt dx pd bef end meas pd,20260101,
code,M1449,Pt dx scz/pys bef end msr pd,20260101,
code,M1450,Pt hos/pal care dur id/pf pd,20260101,
code,M1451,Pt dx ppd dur id/pf pd,20260101,
code,M1452,Pt dx dementia ever,20260101,
code,M1453,Preop vis acu > 20/40,20260101,
code,M1454,New cied,20260101,
code,M1455,Rep/rev cied,20260101,
code,M1456,Pt had htx,20260101,
code,M1457,Dx asth dur crnt/prv perf pd,20260101,
code,M1458,Pt died bef end meas pd,20260101,
code,M1459,Pt hosp/pal care dur perf pd,20260101,
code,M1460,"Dx copd, cf, or arf",20260101,
code,M1461,Pt dx chron hepc,20260101,
code,M1462,Pt clin ind hd image,20260101,
code,M1463,2 f/u wthn 180 day rx atmp,20260101,
code,M1464,No record of f/u by 180 days,20260101,
code,M1465,F/u > 180 days after rx,20260101,
code,M1466,Pt disc/lam proc same day,20260101,
code,M1467,Pt dx lynch syn,20260101,
code,M1468,Hep b vaccine received,20260101,
code,M1469,"Hx of hep b, or pos bld test",20260101,
code,M1470,Hep b vac not rec'd med rsn,20260101,
code,M1471,Ffs hep b not covered,20260101,
code,M1472,Hep b vaccine not received,20260101,
code,M1473,Pt func cap not allow impr,20260101,
code,M1474,Pt dx dementia,20260101,
code,M1475,Pt dx huntington,20260101,
code,M1476,Pt dx cog imp or ad,20260101,
code,M1477,Dx delirium,20260101,
code,M1478,Psychoactive sub abuse,20260101,
code,M1479,Pt func cap not allow impr,20260101,
code,M1480,Pt func cap not allow impr,20260101,
code,M1481,Pt in hosp/pal care who died,20260101,
code,M1482,Pos quan hep c or qual rna,20260101,
code,M1483,Neg quan hep c or qual rna,20260101,
code,M1484,No rpt hcv rna perf med rsn,20260101,
code,M1485,Neg viro resp hep c/qual rna,20260101,
code,M1486,Pt admitted to snf dur eval,20260101,
code,M1487,Pt adm to hospice dur eval,20260101,
code,M1488,Dx dementia in msr timeframe,20260101,
code,M1489,Pt status doc,20260101,
code,M1490,Pt status not doc,20260101,
code,M1491,Rec'd esrd mcp dur perf pd,20260101,
code,M1492,No reported fall,20260101,
code,M1493,No fall doc med rsn,20260101,
code,M1494,Fall rep since last visit,20260101,
code,M1495,"Fall w/ poc, no fall",20260101,
code,M1496,No doc of fall or poc,20260101,
code,M1497,No doc fall med rsn,20260101,
code,M1498,Diagnostic radiology mvp,20260101,
code,M1499,Interventional radiology mvp,20260101,
code,M1500,Neuropsychology mvp,20260101,
code,M1501,Pathology mvp,20260101,
code,M1502,Podiatry mvp,20260101,
code,M1503,Vascular surgery mvp,20260101,
code,P2028,Cephalin floculation test,19860101,
code,P2029,Congo red blood test,19860101,
code,P2031,Hair analysis,19860101,
code,P2033,Blood thymol turbidity,19860101,
code,P2038,Blood mucoprotein,19860101,
code,P3000,Screen pap by tech w md supv,19920101,
code,P3001,Screening pap smear by phys,19920101,
code,P7001,Culture bacterial urine,19860101,
code,P9010,Whole blood for transfusion,19870101,
code,P9011,Blood split unit,19870101,
code,P9012,Cryoprecipitate each unit,19870101,
code,P9016,Rbc leukocytes reduced,19870101,
code,P9017,Plasma 1 donor frz w/in 8 hr,19870101,
code,P9019,"Platelets, each unit",19870101,
code,P9020,Plaelet rich plasma unit,19870101,
code,P9021,Red blood cells unit,19870101,
code,P9022,Washed red blood cells unit,19870101,
code,P9023,"Frozen plasma, pooled, sd",20000101,
code,P9025,Plasma cryo redu path each,20211001,
code,P9026,Cryo fib comp path redu each,20211001,
code,P9027,Rbc o2 co2 reduced,20241001,
code,P9031,Platelets leukocytes reduced,20010101,
code,P9032,"Platelets, irradiated",20010101,
code,P9033,Platelets leukoreduced irrad,20010101,
code,P9034,"Platelets, pheresis",20010101,
code,P9035,Platelet pheres leukoreduced,20010101,
code,P9036,Platelet pheresis irradiated,20010101,
code,P9037,Plate pheres leukoredu irrad,20010101,
code,P9038,Rbc irradiated,20010101,
code,P9039,Rbc deglycerolized,20010101,
code,P9040,Rbc leukoreduced irradiated,20010101,
code,P9041,"Albumin (human),5%, 50ml",20010101,
code,P9043,"Plasma protein fract,5%,50ml",20010101,
code,P9044,Cryoprecipitatereducedplasma,20010101,
code,P9045,"Albumin (human), 5%, 250 ml",20020101,
code,P9046,"Albumin (human), 25%, 20 ml",20020101,
code,P9047,"Albumin (human), 25%, 50ml",20020101,
code,P9048,"Plasmaprotein fract,5%,250ml",20020101,
code,P9050,"Granulocytes, pheresis unit",20020101,
code,P9051,"Blood, l/r, cmv-neg",20040101,
code,P9052,"Platelets, hla-m, l/r, unit",20040101,
code,P9053,"Plt, pher, l/r cmv-neg, irr",20040101,
code,P9054,"Blood, l/r, froz/degly/wash",20040101,
code,P9055,"Plt, aph/pher, l/r, cmv-neg",20040101,
code,P9056,"Blood, l/r, irradiated",20040101,
code,P9057,"Rbc, frz/deg/wsh, l/r, irrad",20040101,
code,P9058,"Rbc, l/r, cmv-neg, irrad",20040101,
code,P9059,"Plasma, frz between 8-24hour",20040101,
code,P9060,Fr frz plasma donor retested,20040101,
code,P9070,Pathogen reduced plasma pool,20160101,
code,P9071,Pathogen reduced plasma sing,20160101,
code,P9072,Plate path red/rapid bac tes,20160101,20171231
code,P9073,Platelets pheresis path redu,20180101,
code,P9099,Blood component/product noc,20200101,
code,P9100,Pathogen test for platelets,20180101,
code,P9603,One-way allow prorated miles,19870101,
code,P9604,One-way allow prorated trip,19870101,
code,P9612,Catheterize for urine spec,19990101,
code,P9615,Urine specimen collect mult,19850101,
code,Q0035,Cardiokymography,19890101,
code,Q0081,Infusion ther other than che,19920101,
code,Q0083,Chemo by other than infusion,19920101,
code,Q0084,Chemotherapy by infusion,19920101,
code,Q0085,Chemo by both infusion and o,19920101,
code,Q0091,Obtaining screen pap smear,19920101,
code,Q0092,Set up port xray equipment,19930101,
code,Q0111,Wet mounts/ w preparations,19940101,
code,Q0112,Potassium hydroxide preps,19940101,
code,Q0113,Pinworm examinations,19940101,
code,Q0114,Fern test,19940101,
code,Q0115,Post-coital mucous exam,19940101,
code,Q0138,"Ferumoxytol, non-esrd",20100101,
code,Q0139,"Ferumoxytol, esrd use",20100101,
code,Q0144,"Azithromycin dihydrate, oral",19960701,
code,Q0155,Dronabinol (syndros) 0.1 mg,20250101,
code,Q0161,Chlorpromazine hcl 5mg oral,20140101,
code,Q0162,Ondansetron oral,20120101,
code,Q0163,Diphenhydramine hcl 50mg,19980401,
code,Q0164,Prochlorperazine maleate 5mg,19980401,
code,Q0166,Granisetron hcl 1 mg oral,19980401,
code,Q0167,Dronabinol 2.5mg oral,19980401,
code,Q0169,Promethazine hcl 12.5mg oral,19980401,
code,Q0173,Trimethobenzamide hcl 250mg,19980401,
code,Q0174,Thiethylperazine maleate10mg,19980401,20251231
code,Q0175,Perphenazine 4mg oral,19980401,
code,Q0177,Hydroxyzine pamoate 25mg,19980401,
code,Q0180,Dolasetron mesylate oral,19980401,
code,Q0181,Unspecified oral anti-emetic,19980401,
code,Q0220,"Tixagev and cilgav, 300mg",20211208,20241212
code,Q0221,"Tixagev and cilgav, 600mg",20220224,20241212
code,Q0222,Bebtelovimab 175 mg,20220211,20241212
code,Q0224,"Inj, pemivibart, 4500 mg",20240322,
code,Q0234,"Inj, tocilizumab-bavi, 1mg",20260701,
code,Q0235,"Inj, monoclon antibody, 1 mg",20251001,
code,Q0237,"Inj, tocilizumab-anoh, hospi",20250124,
code,Q0238,"Inj, tocilizumab-aazg, hospi",20260401,
code,Q0239,Bamlanivimab-xxxx,20201109,20210416
code,Q0240,Casirivi and imdevi 600 mg,20210730,20241212
code,Q0243,Casirivimab and imdevimab,20201121,20241212
code,Q0244,Casirivi and imdevi 1200 mg,20210603,20241212
code,Q0245,Bamlanivimab and etesevima,20210209,20231213
code,Q0247,Sotrovimab,20210526,20241212
code,Q0249,Tocilizumab for covid-19,20210624,
code,Q0477,Pwr module pt cable lvad rpl,20180101,
code,Q0478,"Power adapter, combo vad",20110101,
code,Q0479,"Power module combo vad, rep",20110101,
code,Q0480,"Driver pneumatic vad, rep",20051001,
code,Q0481,"Microprcsr cu elec vad, rep",20051001,
code,Q0482,"Microprcsr cu combo vad, rep",20051001,
code,Q0483,"Monitor elec vad, rep",20051001,
code,Q0484,Monitor elec or comb vad rep,20051001,
code,Q0485,"Monitor cable elec vad, rep",20051001,
code,Q0486,Mon cable elec/pneum vad rep,20051001,
code,Q0487,"Leads any type vad, rep only",20051001,
code,Q0488,"Pwr pack base elec vad, rep",20051001,
code,Q0489,"Pwr pck base combo vad, rep",20051001,
code,Q0490,"Emr pwr source elec vad, rep",20051001,
code,Q0491,Emr pwr source combo vad rep,20051001,
code,Q0492,"Emr pwr cbl elec vad, rep",20051001,
code,Q0493,"Emr pwr cbl combo vad, rep",20051001,
code,Q0494,"Emr hd pmp elec/combo, rep",20051001,
code,Q0495,"Charger elec/combo vad, rep",20051001,
code,Q0496,"Battery elec/combo vad, rep",20051001,
code,Q0497,"Bat clps elec/comb vad, rep",20051001,
code,Q0498,"Holster elec/combo vad, rep",20051001,
code,Q0499,Belt/vest elec/combo vad rep,20051001,
code,Q0500,"Filters elec/combo vad, rep",20051001,
code,Q0501,"Shwr cov elec/combo vad, rep",20051001,
code,Q0502,"Mobility cart pneum vad, rep",20051001,
code,Q0503,Battery pneum vad replacemnt,20051001,
code,Q0504,"Pwr adpt pneum vad, rep veh",20051001,
code,Q0506,Lith-ion batt elec/pneum vad,20100101,
code,Q0507,Misc sup/acc ext vad,20130401,
code,Q0508,Mis sup/acc imp vad,20130401,
code,Q0509,Mis sup/ac imp vad nopay med,20130401,
code,Q0510,Dispens fee immunosupressive,20060101,
code,Q0511,"Sup fee antiem,antica,immuno",20060101,
code,Q0512,Px sup fee anti-can sub pres,20060101,
code,Q0513,Disp fee inhal drugs/30 days,20060101,
code,Q0514,Disp fee inhal drugs/90 days,20060101,
code,Q0515,Sermorelin acetate injection,20060101,
code,Q0516,Supply fee hiv prep oral 30,20240102,20241231
code,Q0517,Supply fee hiv prep oral 60,20240102,20241231
code,Q0518,Supply fee hiv prep oral 90,20240102,20241231
code,Q0519,Supply fee hiv prep inj 30,20240915,20241231
code,Q0520,Supply fee hiv prep inj 60,20240915,20241231
code,Q0521,Supply fee hiv prep fda appr,20250101,
code,Q1004,Ntiol category 4,19990701,
code,Q1005,Ntiol category 5,19990701,
code,Q2004,Bladder calculi irrig sol,20000701,
code,Q2009,Fosphenytoin inj pe,20000701,
code,Q2017,"Teniposide, 50 mg",20000701,20251231
code,Q2026,Radiesse injection,20100701,
code,Q2028,"Inj, sculptra, 0.5mg",20140101,
code,Q2034,Agriflu vaccine,20120701,
code,Q2035,"Afluria vacc, 3 yrs & >, im",20110101,
code,Q2036,"Flulaval vacc, 3 yrs & >, im",20110101,
code,Q2037,"Fluvirin vacc, 3 yrs & >, im",20110101,
code,Q2038,"Fluzone vacc, 3 yrs & >, im",20110101,
code,Q2039,"Influenza virus vaccine, nos",20110101,
code,Q2040,Tisagenlecleucel car-pos t,20180101,20181231
code,Q2041,Axicabtagene ciloleucel car+,20180401,
code,Q2042,Tisagenlecleucel car-pos t,20190101,
code,Q2043,Sipuleucel-t auto cd54+,20110701,
code,Q2049,Imported lipodox inj,20120701,
code,Q2050,Doxorubicin inj 10mg,20130701,
code,Q2052,"Home ivig, services/supplies",20140401,
code,Q2053,Brexucabtagene car pos t,20210401,
code,Q2054,Lisocabtagene mara car pos t,20211001,
code,Q2055,Idecabtagene vicleucel car,20220101,
code,Q2056,Ciltacabtagene car-pos t,20221001,
code,Q2057,Afamitresgene autoleucel,20250401,
code,Q2058,Obecbtge autol up to 400 mil,20250701,
code,Q3001,Brachytherapy radioelements,20000701,
code,Q3014,Telehealth facility fee,20011001,
code,Q3027,Inj beta interferon im 1 mcg,20140101,
code,Q3028,Inj beta interferon sq 1 mcg,20140101,
code,Q3031,Collagen skin test,20030401,
code,Q4001,Cast sup body cast plaster,20010701,
code,Q4002,Cast sup body cast fiberglas,20010701,
code,Q4003,Cast sup shoulder cast plstr,20010701,
code,Q4004,Cast sup shoulder cast fbrgl,20010701,
code,Q4005,Cast sup long arm adult plst,20010701,
code,Q4006,Cast sup long arm adult fbrg,20010701,
code,Q4007,Cast sup long arm ped plster,20010701,
code,Q4008,Cast sup long arm ped fbrgls,20010701,
code,Q4009,Cast sup sht arm adult plstr,20010701,
code,Q4010,Cast sup sht arm adult fbrgl,20010701,
code,Q4011,Cast sup sht arm ped plaster,20010701,
code,Q4012,Cast sup sht arm ped fbrglas,20010701,
code,Q4013,Cast sup gauntlet plaster,20010701,
code,Q4014,Cast sup gauntlet fiberglass,20010701,
code,Q4015,Cast sup gauntlet ped plster,20010701,
code,Q4016,Cast sup gauntlet ped fbrgls,20010701,
code,Q4017,Cast sup lng arm splint plst,20010701,
code,Q4018,Cast sup lng arm splint fbrg,20010701,
code,Q4019,Cast sup lng arm splnt ped p,20010701,
code,Q4020,Cast sup lng arm splnt ped f,20010701,
code,Q4021,Cast sup sht arm splint plst,20010701,
code,Q4022,Cast sup sht arm splint fbrg,20010701,
code,Q4023,Cast sup sht arm splnt ped p,20010701,
code,Q4024,Cast sup sht arm splnt ped f,20010701,
code,Q4025,Cast sup hip spica plaster,20010701,
code,Q4026,Cast sup hip spica fiberglas,20010701,
code,Q4027,Cast sup hip spica ped plstr,20010701,
code,Q4028,Cast sup hip spica ped fbrgl,20010701,
code,Q4029,Cast sup long leg plaster,20010701,
code,Q4030,Cast sup long leg fiberglass,20010701,
code,Q4031,Cast sup lng leg ped plaster,20010701,
code,Q4032,Cast sup lng leg ped fbrgls,20010701,
code,Q4033,Cast sup lng leg cylinder pl,20010701,
code,Q4034,Cast sup lng leg cylinder fb,20010701,
code,Q4035,Cast sup lngleg cylndr ped p,20010701,
code,Q4036,Cast sup lngleg cylndr ped f,20010701,
code,Q4037,Cast sup shrt leg plaster,20010701,
code,Q4038,Cast sup shrt leg fiberglass,20010701,
code,Q4039,Cast sup shrt leg ped plster,20010701,
code,Q4040,Cast sup shrt leg ped fbrgls,20010701,
code,Q4041,Cast sup lng leg splnt plstr,20010701,
code,Q4042,Cast sup lng leg splnt fbrgl,20010701,
code,Q4043,Cast sup lng leg splnt ped p,20010701,
code,Q4044,Cast sup lng leg splnt ped f,20010701,
code,Q4045,Cast sup sht leg splnt plstr,20010701,
code,Q4046,Cast sup sht leg splnt fbrgl,20010701,
code,Q4047,Cast sup sht leg splnt ped p,20010701,
code,Q4048,Cast sup sht leg splnt ped f,20010701,
code,Q4049,"Finger splint, static",20010701,
code,Q4050,Cast supplies unlisted,20010701,
code,Q4051,Splint supplies misc,20010701,
code,Q4074,Iloprost non-comp unit dose,20100101,
code,Q4081,"Epoetin alfa, 100 units esrd",20070101,
code,Q4082,Drug/bio noc part b drug cap,20070101,
code,Q4100,"Skin substitute, nos",20090101,20251231
code,Q4101,Apligraf,20090101,
code,Q4102,Oasis wound matrix,20090101,
code,Q4103,Oasis burn matrix,20090101,
code,Q4104,Integra bmwd,20090101,
code,Q4105,Integra drt or omnigraft,20090101,
code,Q4106,Dermagraft,20090101,20251231
code,Q4107,Graftjacket,20090101,
code,Q4108,Integra matrix,20090101,
code,Q4110,Primatrix,20090101,
code,Q4111,Gammagraft,20090101,
code,Q4112,Cymetra injectable,20090101,
code,Q4113,Graftjacket xpress,20090101,
code,Q4114,Integra flowable wound matri,20090101,
code,Q4115,Alloskin,20090701,
code,Q4116,Alloderm,20090701,
code,Q4117,Hyalomatrix,20110101,
code,Q4118,Matristem micromatrix,20110101,
code,Q4119,Matristem wound matrix,20110101,20161231
code,Q4120,Matristem burn matrix,20110101,20161231
code,Q4121,Theraskin,20110101,
code,Q4122,"Dermacell, awm, porous sq cm",20120101,
code,Q4123,Alloskin,20120101,
code,Q4124,Oasis tri-layer wound matrix,20120101,
code,Q4125,Arthroflex,20120101,
code,Q4126,Memoderm/derma/tranz/integup,20120101,
code,Q4127,Talymed,20120101,
code,Q4128,Flexhd/allopatchhd/sq cm,20120101,
code,Q4129,Unite biomatrix,20120101,20161231
code,Q4130,Strattice tm,20120101,
code,Q4131,Epifix or epicord,20130101,20181231
code,Q4132,"Grafix core, grafixpl core",20130101,
code,Q4133,Grafix stravix prime pl sqcm,20130101,
code,Q4134,Hmatrix,20130101,
code,Q4135,Mediskin,20130101,
code,Q4136,Ezderm,20130101,
code,Q4137,Amnioexcel biodexcel 1sq cm,20140101,
code,Q4138,"Biodfence dryflex, 1cm",20140101,
code,Q4139,"Amnio or biodmatrix, inj 1cc",20140101,
code,Q4140,Biodfence 1cm,20140101,
code,Q4141,"Alloskin ac, 1 cm",20140101,
code,Q4142,Xcm biologic tiss matrix 1cm,20140101,
code,Q4143,"Repriza, 1cm",20140101,
code,Q4145,"Epifix, inj, 1mg",20140101,
code,Q4146,"Tensix, 1cm",20140101,
code,Q4147,Architect ecm px fx 1 sq cm,20140101,
code,Q4148,Neox neox rt or clarix cord,20140101,
code,Q4149,"Excellagen, 0.1 cc",20140101,
code,Q4150,Allowrap ds or dry 1 sq cm,20150101,
code,Q4151,"Amnioband, guardian 1 sq cm",20150101,
code,Q4152,Dermapure 1 square cm,20150101,
code,Q4153,"Dermavest, plurivest sq cm",20150101,
code,Q4154,Biovance 1 square cm,20150101,
code,Q4155,Neoxflo or clarixflo 1 mg,20150101,
code,Q4156,Neox 100 or clarix 100,20150101,
code,Q4157,Revitalon 1 square cm,20150101,
code,Q4158,"Kerecis omega3, per sq cm",20150101,
code,Q4159,Affinity1 square cm,20150101,
code,Q4160,Nushield 1 square cm,20150101,
code,Q4161,Bio-connekt per square cm,20160101,
code,Q4162,"Wndex flw, bioskn flw, 0.5cc",20160101,
code,Q4163,"Woundex, bioskin, per sq cm",20160101,
code,Q4164,"Helicoll, per square cm",20160101,
code,Q4165,"Keramatrix, kerasorb sq cm",20160101,
code,Q4166,"Cytal, per square centimeter",20170101,
code,Q4167,"Truskin, per sq centimeter",20170101,
code,Q4168,"Amnioband, 1 mg",20170101,
code,Q4169,"Artacent wound, per sq cm",20170101,
code,Q4170,"Cygnus, per sq cm",20170101,
code,Q4171,"Interfyl, 1 mg",20170101,
code,Q4172,Puraply or puraply am,20170101,20181231
code,Q4173,Palingen or palingen xplus,20170101,
code,Q4174,Palingen or promatrx,20170101,
code,Q4175,Miroderm,20170101,
code,Q4176,"Neopatch or therion, 1 sq cm",20180101,
code,Q4177,"Floweramnioflo, 0.1 cc",20180101,
code,Q4178,"Floweramniopatch, per sq cm",20180101,
code,Q4179,"Flowerderm, per sq cm",20180101,
code,Q4180,"Revita, per sq cm",20180101,
code,Q4181,"Amnio wound, per square cm",20180101,
code,Q4182,"Transcyte, per sq centimeter",20180101,
code,Q4183,"Surgigraft, 1 sq cm",20190101,
code,Q4184,Cellesta or duo per sq cm,20190101,
code,Q4185,Cellesta flowab amnion 0.5cc,20190101,
code,Q4186,Epifix 1 sq cm,20190101,
code,Q4187,Epicord 1 sq cm,20190101,
code,Q4188,Amnioarmor 1 sq cm,20190101,
code,Q4189,"Artacent ac, 1 mg",20190101,
code,Q4190,Artacent ac 1 sq cm,20190101,
code,Q4191,Restorigin 1 sq cm,20190101,
code,Q4192,"Restorigin, 1 cc",20190101,
code,Q4193,Coll-e-derm 1 sq cm,20190101,
code,Q4194,Novachor 1 sq cm,20190101,
code,Q4195,Puraply 1 sq cm,20190101,
code,Q4196,Puraply am 1 sq cm,20190101,
code,Q4197,Puraply xt 1 sq cm,20190101,
code,Q4198,Genesis amnio membrane 1sqcm,20190101,
code,Q4199,"Cygnus matrix, per sq cm",20220101,
code,Q4200,Skin te 1 sq cm,20190101,
code,Q4201,Matrion 1 sq cm,20190101,
code,Q4202,"Keroxx (2.5g/cc), 1cc",20190101,
code,Q4203,"Derma-gide, 1 sq cm",20190101,
code,Q4204,Xwrap 1 sq cm,20190101,
code,Q4205,Membrane graft or wrap sq cm,20191001,
code,Q4206,Fluid flow or fluid gf 1 cc,20191001,
code,Q4207,"Carbon life, per sq cm",20261001,
code,Q4208,Novafix per sq cm,20191001,
code,Q4209,Surgraft per sq cm,20191001,
code,Q4210,Axolotl graf dualgraf sq cm,20191001,20240630
code,Q4211,Amnion bio or axobio sq cm,20191001,
code,Q4212,"Allogen, per cc",20191001,
code,Q4213,"Ascent, 0.5 mg",20191001,
code,Q4214,Cellesta cord per sq cm,20191001,
code,Q4215,"Axolotl ambient, cryo 0.1 mg",20191001,
code,Q4216,Artacent cord per sq cm,20191001,
code,Q4217,Woundfix biowound plus xplus,20191001,
code,Q4218,Surgicord per sq cm,20191001,
code,Q4219,Surgigraft dual per sq cm,20191001,
code,Q4220,"Bellacell hd, surederm sq cm",20191001,
code,Q4221,Amniowrap2 per sq cm,20191001,
code,Q4222,"Progenamatrix, per sq cm",20191001,
code,Q4223,Dermabind sl optic per sq cm,20261001,
code,Q4224,Hhf10-p per sq cm,20220401,
code,Q4225,"Amnio or derma tl, per sq cm",20220401,
code,Q4226,Myown harv prep proc sq cm,20191001,
code,Q4227,Amniocore per sq cm,20200701,
code,Q4228,"Bionextpatch, per sq cm",20200701,20210930
code,Q4229,Cogenex amnio memb per sq cm,20200701,
code,Q4230,Cogenex flow amnion 0.5 cc,20200701,
code,Q4231,"Corplex p, per cc",20200701,20250331
code,Q4232,"Corplex, per sq cm",20200701,
code,Q4233,Surfactor /nudyn per 0.5 cc,20200701,
code,Q4234,"Xcellerate, per sq cm",20200701,
code,Q4235,Amniorepair or altiply sq cm,20200701,
code,Q4236,Carepatch per sq cm,20200701,
code,Q4237,"Cryo-cord, per sq cm",20200701,
code,Q4238,"Derm-maxx, per sq cm",20200701,
code,Q4239,Amnio-maxx or lite per sq cm,20200701,
code,Q4240,Corecyte topical only 0.5 cc,20200701,
code,Q4241,"Polycyte, topical only 0.5cc",20200701,
code,Q4242,"Amniocyte plus, per 0.5 cc",20200701,
code,Q4243,"Amchomatrix, per sq cm",20261001,
code,Q4244,"Procenta, per 200 mg",20200701,20240331
code,Q4245,"Amniotext, per cc",20200701,
code,Q4246,"Coretext or protext, per cc",20200701,
code,Q4247,"Amniotext patch, per sq cm",20200701,
code,Q4248,Dermacyte amn mem allo sq cm,20200701,
code,Q4249,"Amniply, per sq cm",20201001,
code,Q4250,Amnioamp-mp per sq cm,20201001,
code,Q4251,"Vim, per square centimeter",20211001,
code,Q4252,"Vendaje, per square centimet",20211001,
code,Q4253,Zenith amniotic membrane psc,20211001,
code,Q4254,Novafix dl per sq cm,20201001,
code,Q4255,"Reguard, topical use per sq",20201001,
code,Q4256,"Mlg complet, per sq cm",20220401,
code,Q4257,"Relese, per sq cm",20220401,
code,Q4258,"Enverse, per sq cm",20220401,
code,Q4259,Celera per sq cm,20220701,
code,Q4260,"Signature apatch, per sq cm",20220701,
code,Q4261,"Tag, per square centimeter",20220701,
code,Q4262,"Dual layer impax, per sq cm",20230101,
code,Q4263,"Surgraft tl, per sq cm",20230101,
code,Q4264,"Cocoon membrane, per sq cm",20230101,
code,Q4265,Neostim tl per sq cm,20230401,
code,Q4266,Neostim per sq cm,20230401,
code,Q4267,Neostim dl per sq cm,20230401,
code,Q4268,Surgraft ft per sq cm,20230401,
code,Q4269,Surgraft xt per sq cm,20230401,
code,Q4270,Complete sl per sq cm,20230401,
code,Q4271,Complete ft per sq cm,20230401,
code,Q4272,"Esano a, per sq cm",20230701,
code,Q4273,"Esano aaa, per sq cm",20230701,
code,Q4274,"Esano ac, per sq cm",20230701,
code,Q4275,"Esano aca, per sq cm",20230701,
code,Q4276,"Orion, per sq cm",20230701,
code,Q4277,"Woundplus e-grat, per sq cm",20230701,20240630
code,Q4278,"Epieffect, per sq cm",20230701,
code,Q4279,"Vendaje ac, per sq cm",20240101,
code,Q4280,Xcell amnio matrix per sq cm,20230701,
code,Q4281,Barrera slor dl per sq cm,20230701,
code,Q4282,Cygnus dual per sq cm,20230701,
code,Q4283,"Biovance tri or 3l, sq cm",20230701,
code,Q4284,"Dermabind sl, per sq cm",20230701,
code,Q4285,Nudyn dl or dl mesh pr sq cm,20231001,
code,Q4286,"Nudyn sl or slw, per sq cm",20231001,
code,Q4287,"Dermabind dl, per sq cm",20240101,
code,Q4288,"Dermabind ch, per sq cm",20240101,
code,Q4289,"Revoshield+ amnio, per sq cm",20240101,
code,Q4290,Membrane wrap hydr per sq cm,20240101,
code,Q4291,"Lamellas xt, per sq cm",20240101,
code,Q4292,"Lamellas, per sq cm",20240101,
code,Q4293,"Acesso dl, per sq cm",20240101,
code,Q4294,"Amnio quad-core, per sq cm",20240101,
code,Q4295,"Amnio tri-core, per sq cm",20240101,
code,Q4296,"Rebound matrix, per sq cm",20240101,
code,Q4297,"Emerge matrix, per sq cm",20240101,
code,Q4298,"Amniocore pro, per sq cm",20240101,
code,Q4299,"Amniocore pro+, per sq cm",20240101,
code,Q4300,"Acesso tl, per sq cm",20240101,
code,Q4301,"Activate matrix, per sq cm",20240101,
code,Q4302,"Complete aca, per sq cm",20240101,
code,Q4303,"Complete aa, per sq cm",20240101,
code,Q4304,"Grafix plus, per sq cm",20240101,
code,Q4305,Amer am ac tri-lay per sq cm,20240401,
code,Q4306,Americ amnion ac per sq cm,20240401,
code,Q4307,"American amnion, per sq cm",20240401,
code,Q4308,"Sanopellis, per sq cm",20240401,
code,Q4309,"Via matrix, per sq cm",20240401,
code,Q4310,"Procenta, per 100 mg",20240401,
code,Q4311,"Acesso, per sq cm",20240701,
code,Q4312,"Acesso ac, per sq cm",20240701,
code,Q4313,"Dermabind fm, per sq cm",20240701,
code,Q4314,"Reeva, per sq cm",20240701,
code,Q4315,Regenelink amniotic mem allo,20240701,
code,Q4316,"Amchoplast, per sq cm",20240701,
code,Q4317,"Vitograft, per sq cm",20240701,
code,Q4318,"E-graft, per sq cm",20240701,
code,Q4319,"Sanograft, per sq cm",20240701,
code,Q4320,"Pellograft, per sq cm",20240701,
code,Q4321,"Renograft, per sq cm",20240701,
code,Q4322,"Caregraft, per sq cm",20240701,
code,Q4323,"Alloply, per sq cm",20240701,
code,Q4324,"Amniotx, per sq cm",20240701,
code,Q4325,"Acapatch, per sq cm",20240701,
code,Q4326,"Woundplus, per sq cm",20240701,
code,Q4327,"Duoamnion, per sq cm",20240701,
code,Q4328,"Most, per sq cm",20240701,
code,Q4329,"Singlay, per sq cm",20240701,
code,Q4330,"Total, per sq cm",20240701,
code,Q4331,"Axolotl graft, per sq cm",20240701,
code,Q4332,"Axolotl dualgraft, per sq cm",20240701,
code,Q4333,"Ardeograft, per sq cm",20240701,
code,Q4334,"Amnioplast 1, per sq cm",20241001,
code,Q4335,"Amnioplast 2, per sq cm",20241001,
code,Q4336,"Artecent c, per sq cm",20241001,
code,Q4337,"Artecent trident, per sq cm",20241001,
code,Q4338,"Artacent velos, per sq cm",20241001,
code,Q4339,"Artacent vericlen, per sq cm",20241001,
code,Q4340,"Simpligraft, per sq cm",20241001,
code,Q4341,"Simplimax, per sq cm",20241001,
code,Q4342,"Theramend, per sq cm",20241001,
code,Q4343,Dermacyte ac matrx per sq cm,20241001,
code,Q4344,"Tri membrane wrap, per sq cm",20241001,
code,Q4345,Matrix hd allogrft per sq cm,20241001,
code,Q4346,Shelter dm matrix per sq cm,20250101,
code,Q4347,Rampart dl matrix per sq cm,20250101,
code,Q4348,Sentry sl matrix per sq cm,20250101,
code,Q4349,Mantle dl matrix per sq cm,20250101,
code,Q4350,Palisade dm matrix per sq cm,20250101,
code,Q4351,"Enclose tl matrix, per sq cm",20250101,
code,Q4352,"Overlay sl matrix, per sq cm",20250101,
code,Q4353,Xceed tl matrix per sq cm,20250101,
code,Q4354,Palingen dl-palingen dl-x,20250401,
code,Q4355,Abio xpl abio xpl hy p sq cm,20250401,
code,Q4356,Abio mem abio hyd per sq cm,20250401,
code,Q4357,"Xwrap plus, per sq cm",20250401,
code,Q4358,"Xwrap dual, per sq cm",20250401,
code,Q4359,"Choriply, per sq cm",20250401,
code,Q4360,Amchoplast fd per sq cm,20250401,
code,Q4361,"Epixpress, per sq cm",20250401,
code,Q4362,"Cygnus disk, per sq cm",20250401,
code,Q4363,Am bur mem hydro per sq cm,20250401,
code,Q4364,Am bur xp mem xpl hy p sq cm,20250401,
code,Q4365,Amnio bur dl mem per sq cm,20250401,
code,Q4366,Dl amnio bur x-mem per sq cm,20250401,
code,Q4367,"Amniocore sl, per sq cm",20250401,
code,Q4368,Amchothick per sq cm,20250701,
code,Q4369,Amnioplast 3 per sq cm,20250701,
code,Q4370,Aeroguard per sq cm,20250701,
code,Q4371,Neoguard per sq cm,20250701,
code,Q4372,Amchoplast excl per sq cm,20250701,
code,Q4373,Membrane wrp lt per sq cm,20250701,
code,Q4375,Duograft ac per sq cm,20250701,
code,Q4376,Duograft aa per sq cm,20250701,
code,Q4377,Trigraft ft per sq cm,20250701,
code,Q4378,Renew ft matrix per sq cm,20250701,
code,Q4379,Amniodefend ft per sq cm,20250701,
code,Q4380,Advograft one per sq cm,20250701,
code,Q4382,Advograft dual per sq cm,20250701,
code,Q4383,Axolotl graft ult per sq cm,20251001,
code,Q4384,Axolotl dual ult per sq cm,20251001,
code,Q4385,Apollo ft per sq cm,20251001,
code,Q4386,Acesso trifaca per sq cm,20251001,
code,Q4387,Neothelium ft per sq cm,20251001,
code,Q4388,Neothelium 4l per sq cm,20251001,
code,Q4389,Neothelium 4l+ per sq cm,20251001,
code,Q4390,Ascendion per sq cm,20251001,
code,Q4391,Amnioplast double per sq cm,20251001,
code,Q4392,Grafix duo per sq cm,20251001,
code,Q4393,Surgraft ac per sq cm,20251001,
code,Q4394,Surgraft aca per sq cm,20251001,
code,Q4395,Acelagraft per sq cm,20251001,
code,Q4396,Natalin per sq cm,20251001,
code,Q4397,Summit aaa per sq cm,20251001,
code,Q4398,Summit ac per sq cm,20260101,
code,Q4399,Summit fx per sq cm,20260101,
code,Q4400,Polygon3 per sq cm,20260101,
code,Q4401,Absolv3 per sq cm,20260101,
code,Q4402,Xwrap 2.0 per sq cm,20260101,
code,Q4403,Xwrap dual plus per sq cm,20260101,
code,Q4404,Xwrap hydro plus per sq cm,20260101,
code,Q4405,Xwrap fenestra plus sq cm,20260101,
code,Q4406,Xwrap fenestra per sq cm,20260101,
code,Q4407,Xwrap tribus per sq cm,20260101,
code,Q4408,Xwrap hydro per sq cm,20260101,
code,Q4409,Amniomatrixf3x per sq cm,20260101,
code,Q4410,Amchomatrixdl per sq cm,20260101,
code,Q4411,Amniomatrixf4x per sq cm,20260101,
code,Q4412,Choriofix per sq cm,20260101,
code,Q4413,Cygnus solo per sq cm,20260101,
code,Q4414,Simplichor per sq cm,20260101,
code,Q4415,Alexiguard st-l per sq cm,20260101,
code,Q4416,Alexiguard tl-t per sq cm,20260101,
code,Q4417,Alexiguard dl-t per sq cm,20260101,
code,Q4418,Biolab wrap flow per sq cm,20260401,
code,Q4419,Biolab wrap flw lt per sq cm,20260401,
code,Q4420,Nuform per sq cm,20260101,
code,Q4421,Biolab wrap solo per sq cm,20260401,
code,Q4422,Ac wrap per sq cm,20260401,
code,Q4423,Biolab tri wrap fl per sq cm,20260401,
code,Q4424,Revive ft per sq cm,20260401,
code,Q4425,Revive tl per sq cm,20260401,
code,Q4426,"Dermbnd tl+, tlx per sq cm",20260401,
code,Q4427,Dermbnd dln dl+ dlx sq cm,20260401,
code,Q4428,Dermbnd sln sl+ slx sq cm,20260401,
code,Q4429,"Dermbnd chn, chx per sq cm",20260401,
code,Q4431,"Pma skin substitute, nos",20260101,
code,Q4432,"510(k) skin subs, nos",20260101,
code,Q4433,"361 hct/p skin subs, nos",20260101,
code,Q4435,Renati membrane per sq cm,20260401,
code,Q4436,Renati ac membrane per sq cm,20260401,
code,Q4437,Revival ac per sq cm,20260401,
code,Q4438,Pretect per sq cm,20260401,
code,Q4439,Instagraft per sq cm,20260401,
code,Q4440,Curamatrix per sq cm,20260401,
code,Q5001,Hospice or home hlth in home,20070101,
code,Q5002,Hospice/home hlth in asst lv,20070101,
code,Q5003,Hospice in lt/non-skilled nf,20070101,
code,Q5004,Hospice in snf,20070101,
code,Q5005,"Hospice, inpatient hospital",20070101,
code,Q5006,Hospice in hospice facility,20070101,
code,Q5007,Hospice in ltch,20070101,
code,Q5008,Hospice in inpatient psych,20070101,
code,Q5009,"Hospice/home hlth, place nos",20070101,
code,Q5010,Hospice home care in hospice,20101001,
code,Q5098,"Inj ustekinumab-srlf, 1 mg",20250701,
code,Q5099,"Inj ustekinumab-stba, 1 mg",20250701,
code,Q5100,"Inj ustekinumab-kfce, 1 mg",20250701,
code,Q5101,"Injection, zarxio",20150701,
code,Q5102,"Inj., infliximab biosimilar",20160701,20180331
code,Q5103,"Injection, inflectra",20180401,
code,Q5104,"Injection, renflexis",20180401,
code,Q5105,Inj retacrit esrd on dialysi,20180701,
code,Q5106,Inj retacrit non-esrd use,20180701,
code,Q5107,Inj mvasi 10 mg,20190101,
code,Q5108,"Injection, fulphila",20181001,
code,Q5109,"Injection, ixifi, 10 mg",20190101,20251231
code,Q5110,Nivestym,20181001,
code,Q5111,"Injection, udenyca 0.5 mg",20190101,
code,Q5112,Inj ontruzant 10 mg,20190701,
code,Q5113,Inj herzuma 10 mg,20190701,
code,Q5114,Inj ogivri 10 mg,20190701,
code,Q5115,Inj truxima 10 mg,20190701,
code,Q5116,"Inj., trazimera, 10 mg",20191001,
code,Q5117,"Inj., kanjinti, 10 mg",20191001,
code,Q5118,"Inj., zirabev, 10 mg",20191001,
code,Q5119,"Inj ruxience, 10 mg",20200701,
code,Q5120,Inj pegfilgrastim-bmez 0.5mg,20200701,
code,Q5121,"Inj. avsola, 10 mg",20200701,
code,Q5122,"Inj, nyvepria",20210101,
code,Q5123,"Inj. riabni, 10 mg",20210701,
code,Q5124,"Inj. byooviz, 0.1 mg",20220401,
code,Q5125,"Inj, releuko 1 mcg",20221001,
code,Q5126,Inj alymsys 10 mg,20230101,
code,Q5127,"Inj, stimufend, 0.5 mg",20230401,
code,Q5128,"Inj, cimerli, 0.1 mg",20230401,
code,Q5129,"Inj, vegzelma, 10 mg",20230401,
code,Q5130,"Inj, fylnetra, 0.5 mg",20230401,
code,Q5131,"Inj, idacio, 20 mg",20230701,20241231
code,Q5132,"Inj, abrilada, 10 mg",20240101,20241231
code,Q5133,"Inj, tofidence, 1 mg",20240401,
code,Q5134,"Inj, tyruko, 1 mg",20240401,
code,Q5135,"Inj, tyenne, 1 mg",20241001,
code,Q5136,"Inj. denosumab-bbdz, 1 mg",20241001,
code,Q5137,"Inj, wezlana, sub cu, 1 mg",20240701,
code,Q5138,"Inj, wezlana, iv, 1 mg",20240701,
code,Q5139,"Inj, eculizumab-aeeb, 10 mg",20250101,20250331
code,Q5140,"Inj adalimumab-fkjp, 1 mg",20250101,
code,Q5141,"Inj adalimumab-aaty, 1 mg",20250101,
code,Q5142,"Inj adalimumab-ryvk, 1 mg",20250101,
code,Q5143,"Inj adalimumab-adbm, 1 mg",20250101,
code,Q5144,"Inj, idacio, 1 mg",20250101,
code,Q5145,"Inj, abrilada, 1 mg",20250101,
code,Q5146,"Inj, hercessi, 10 mg",20250101,
code,Q5147,"Inj, aflibercept-ayyh, 1 mg",20250401,
code,Q5148,"Inj, nyposi 1 mcg",20250401,
code,Q5149,"Inj, aflibercept-abzv, 1 mg",20250401,
code,Q5150,"Inj, aflibercept-mrbb, 1 mg",20250401,
code,Q5151,"Inj, eculizumab-aagh, 2 mg",20250401,
code,Q5152,"Inj, eculizumab-aeeb, 2 mg",20250401,
code,Q5153,"Inj, aflibercept-yszy, 1 mg",20250701,
code,Q5154,"Inj, omlyclo, 5 mg",20251001,
code,Q5155,"Inj, aflibercept-jbvf, 1 mg",20251001,
code,Q5156,"Inj, tocilizumab-anoh, 1 mg",20251001,
code,Q5157,"Inj, denosumab-bmwo, 1 mg",20251001,
code,Q5158,"Inj, denosumab-bnht, 1 mg",20251001,
code,Q5159,"Inj, denosumab-dssb, 1 mg",20251001,
code,Q5160,"Inj, jobevne, 10 mg",20260101,
code,Q5161,"Inj, denosumab-kyqq, 1 mg",20260401,
code,Q5162,"Inj, denosumab-nxxp, 1 mg",20260401,
code,Q5164,"Ustekinumab-hmny, 1 mg",20260701,
code,Q5165,"Inj, denosumab-mobz, 1 mg",20260701,
code,Q5166,"Inj, denosumab-desu, 1 mg",20260701,
code,Q5167,"Inj, denosumab-qbde, 1 mg",20260701,
code,Q5168,"Inj. nufymco, 0.1 mg",20260701,
code,Q5169,"Inj, armlupeg, 0.5 mg",20260701,
code,Q5170,"Inj, aflibercept-boav, 1 mg",20260701,
code,Q5171,"Inj, den (boncres), bio, 1mg",20260701,
code,Q5172,"Inj, filkri, 1 mcg",20261001,
code,Q5173,"Inj, denosumab-adet, 1 mg",20261001,
code,Q9001,Chaplain assessment,20201001,
code,Q9002,Chaplain counsel individu,20201001,
code,Q9003,Chaplain counsel group,20201001,
code,Q9004,Va whole health partner serv,20211001,
code,Q9950,Inj sulf hexa lipid microsph,20160101,
code,Q9951,"Locm >= 400 mg/ml iodine,1ml",20050401,
code,Q9953,"Inj fe-based mr contrast,1ml",20050401,
code,Q9954,"Oral mr contrast, 100 ml",20050401,
code,Q9955,"Inj perflexane lip micros,ml",20050401,
code,Q9956,"Inj octafluoropropane mic,ml",20050401,
code,Q9957,"Inj perflutren lip micros,ml",20050401,
code,Q9958,"Hocm <=149 mg/ml iodine, 1ml",20050701,
code,Q9959,"Hocm 150-199mg/ml iodine,1ml",20050701,
code,Q9960,"Hocm 200-249mg/ml iodine,1ml",20050701,
code,Q9961,"Hocm 250-299mg/ml iodine,1ml",20050701,
code,Q9962,"Hocm 300-349mg/ml iodine,1ml",20050701,
code,Q9963,"Hocm 350-399mg/ml iodine,1ml",20050701,
code,Q9964,"Hocm>= 400mg/ml iodine, 1ml",20050701,
code,Q9965,"Locm 100-199mg/ml iodine,1ml",20080101,
code,Q9966,"Locm 200-299mg/ml iodine,1ml",20080101,
code,Q9967,"Locm 300-399mg/ml iodine,1ml",20080101,
code,Q9968,Visualization adjunct,20100101,
code,Q9969,Non-heu tc-99m add-on/dose,20130101,20251231
code,Q9970,Inj ferric carboxymaltos 1mg,20140701,20141231
code,Q9972,Epoetin beta esrd use,20140701,20141231
code,Q9973,Epoetin beta non esrd,20140701,20141231
code,Q9974,Morphine epidural/intratheca,20140701,20141231
code,Q9975,Factor viii fc fusion recomb,20150401,20151231
code,Q9976,Inj ferric pyrophosphate cit,20150701,20151231
code,Q9977,Compounded drug noc,20150701,20151231
code,Q9978,Netupitant palonosetron oral,20150701,20151231
code,Q9979,"Injection, alemtuzumab",20151001,20151231
code,Q9980,"Genvisc, inj, 1mg",20160101,20161231
code,Q9981,"Rolapitant, oral, 1mg",20160701,20161231
code,Q9982,Flutemetamol f18 diagnostic,20160701,
code,Q9983,Florbetaben f18 diagnostic,20160701,
code,Q9984,"Kyleena, 19.5 mg",20170701,20171231
code,Q9985,Inj hydroxyprogst capoat nos,20170701,20171231
code,Q9986,"Makena, 10 mg",20170701,20171231
code,Q9987,Pathogen test for platelets,20170701,20171231
code,Q9988,"Platelets, pathogen reduced",20170701,20171231
code,Q9989,"Ustekinumab, iv inject,1 mg",20170701,20171231
code,Q9991,Buprenorph xr 100 mg or less,20180701,
code,Q9992,Buprenorphine xr over 100 mg,20180701,
code,Q9993,"Inj., triamcinolone ext rel",20180701,20181231
code,Q9994,Enzyme cartridge enteral nut,20180701,20181231
code,Q9995,"Inj., emicizumab-kxwh 0.5 mg",20180701,20181231
code,Q9996,Ustekinumab- ttwe sub cu inj,20250101,
code,Q9997,Ustekinumab-ttwe iv inj 1 mg,20250101,
code,Q9998,"Inj ustekinumab-aekn, 1 mg",20250101,
code,Q9999,Inj ustekinumab-aauz 1 mg,20250401,
code,R0070,Transport portable x-ray,19820101,
code,R0075,Transport port x-ray multipl,19860101,
code,R0076,Transport portable ekg,19840101,
code,S0012,"Butorphanol tartrate, nasal",20000101,
code,S0013,"Esketamine, nasal spray",20210101,20251231
code,S0014,"Tacrine hydrochloride, 10 mg",20000101,
code,S0017,"Injection, aminocaproic acid",20000101,20250331
code,S0020,"Injection, bupivicaine hydro",20000101,20230630
code,S0021,"Injection, cefoperazone sod",20000101,
code,S0023,"Injection, cimetidine hydroc",20000101,
code,S0028,"Injection, famotidine, 20 mg",20000101,20250331
code,S0030,"Injection, metronidazole",20000101,20230630
code,S0032,"Injection, nafcillin sodium",20000101,20250331
code,S0034,"Injection, ofloxacin, 400 mg",20000101,
code,S0039,"Injection, sulfamethoxazole",20000101,20250331
code,S0040,"Injection, ticarcillin disod",20000101,
code,S0073,"Injection, aztreonam, 500 mg",20000101,20230630
code,S0074,"Injection, cefotetan disodiu",20000101,20250930
code,S0077,"Injection, clindamycin phosp",20000101,20230630
code,S0078,"Injection, fosphenytoin sodi",20000101,
code,S0080,"Injection, pentamidine iseth",20000101,20251231
code,S0081,"Injection, piperacillin sodi",20000101,
code,S0088,Imatinib 100 mg,20020101,
code,S0090,"Sildenafil citrate, 25 mg",20000101,
code,S0091,Granisetron 1mg,20020101,
code,S0092,Hydromorphone 250 mg,20020101,
code,S0093,Morphine 500 mg,20020101,
code,S0104,"Zidovudine, oral, 100 mg",20021001,
code,S0106,Bupropion hcl sr 60 tablets,20020401,
code,S0108,Mercaptopurine 50 mg,20020401,
code,S0109,Methadone oral 5mg,20041001,
code,S0117,Tretinoin topical 5 g,20040701,
code,S0119,Ondansetron 4 mg,20120101,
code,S0122,Inj menotropins 75 iu,20020401,
code,S0126,Inj follitropin alfa 75 iu,20020401,
code,S0128,Inj follitropin beta 75 iu,20020401,
code,S0132,Inj ganirelix acetat 250 mcg,20020401,
code,S0136,"Clozapine, 25 mg",20030401,
code,S0137,"Didanosine, 25 mg",20030401,
code,S0138,"Finasteride, 5 mg",20030401,
code,S0139,"Minoxidil, 10 mg",20030401,
code,S0140,"Saquinavir, 200 mg",20030401,
code,S0142,Colistimethate inh sol mg,20050401,
code,S0144,"Inj, propofol, 10 mg",20140701,20141231
code,S0145,Peg interferon alfa-2a/180,20050701,
code,S0148,Peg interferon alfa-2b/10,20101001,
code,S0155,Epoprostenol dilutant,20020101,
code,S0156,"Exemestane, 25 mg",20010101,
code,S0157,"Becaplermin gel 1%, 0.5 gm",20010101,
code,S0160,Dextroamphetamine,20040401,
code,S0164,Injection pantroprazole,20040401,20240630
code,S0166,Inj olanzapine 2.5mg,20041001,20230930
code,S0169,Calcitrol,20101001,
code,S0170,Anastrozole 1 mg,20020101,
code,S0171,Bumetanide 0.5 mg,20020101,20231231
code,S0172,Chlorambucil 2 mg,20020101,
code,S0174,Dolasetron 50 mg,20020101,
code,S0175,Flutamide 125 mg,20020101,
code,S0176,Hydroxyurea 500 mg,20020101,
code,S0177,Levamisole 50 mg,20020101,
code,S0178,Lomustine 10 mg,20020101,
code,S0179,Megestrol 20 mg,20020101,
code,S0182,"Procarbazine, oral",20020101,
code,S0183,Prochlorperazine 5 mg,20020101,
code,S0187,Tamoxifen 10 mg,20020101,
code,S0189,Testosterone pellet 75 mg,20020101,20251231
code,S0190,"Mifepristone, oral, 200 mg",20010101,
code,S0191,"Misoprostol, oral, 200 mcg",20010101,
code,S0194,Vitamin suppl 100 caps,20040401,
code,S0195,Pneumo vaccine 5-9 yrs,20030101,20151231
code,S0197,Prenatal vitamins 30 day,20050401,
code,S0199,Med abortion inc all ex drug,20010101,
code,S0201,Partial hospitalization serv,20021001,
code,S0207,Paramedicintercep nonhospals,20021001,
code,S0208,Paramed intrcept nonvol,20020101,
code,S0209,Wc van mileage per mi,20020101,
code,S0215,Nonemerg transp mileage,20020101,
code,S0220,Medical conference by physic,20010101,
code,S0221,"Medical conference, 60 min",20010101,
code,S0250,Comp geriatr assmt team,20020101,
code,S0255,Hospice refer visit nonmd,20020101,
code,S0257,End of life counseling,20050101,
code,S0260,H&p for surgery,20020101,
code,S0265,Genetic counsel 15 mins,20050701,
code,S0270,Home std case rate 30 days,20070401,
code,S0271,Home hospice case 30 days,20070401,
code,S0272,Home episodic case 30 days,20070401,
code,S0273,Md home visit outside cap,20070401,
code,S0274,Nurse practr visit outs cap,20070401,
code,S0280,"Medical home, initial plan",20100101,
code,S0281,"Medical home, maintenance",20100101,
code,S0285,Cnslt before screen colonosc,20160701,
code,S0302,Completed epsdt,20020101,
code,S0310,Hospitalist visit,20020101,
code,S0311,Comp mgmt care coord adv ill,20160701,
code,S0315,Disease management program,20021001,
code,S0316,Follow-up/reassessment,20021001,
code,S0317,Disease mgmt per diem,20030701,
code,S0320,Rn telephone calls to dmp,20021001,
code,S0340,Lifestyle mod 1st stage,20020101,
code,S0341,Lifestyle mod 2 or 3 stage,20020101,
code,S0342,Lifestyle mod 4th stage,20020101,
code,S0353,Cancer treatmentplan initial,20120401,
code,S0354,Cancer treatment plan change,20120401,
code,S0390,Rout foot care per visit,20020401,
code,S0395,Impression casting ft,20020101,
code,S0400,Global eswl kidney,20020101,
code,S0500,Dispos cont lens,20010701,
code,S0504,Singl prscrp lens,20010701,
code,S0506,Bifoc prscp lens,20010701,
code,S0508,Trifoc prscrp lens,20010701,
code,S0510,Non-prscrp lens,20010701,
code,S0512,Daily cont lens,20010701,
code,S0514,Color cont lens,20010701,
code,S0515,Scleral lens liquid bandage,20041001,
code,S0516,Safety frames,20010701,
code,S0518,Sunglass frames,20010701,
code,S0580,Polycarb lens,20010701,
code,S0581,Nonstnd lens,20010701,
code,S0590,Misc integral lens serv,20010701,
code,S0592,Comp cont lens eval,20010701,
code,S0595,New lenses in pts old frame,20050401,
code,S0596,Phakic iol refractive error,20120401,
code,S0601,Screening proctoscopy,20000101,
code,S0610,Annual gynecological examina,20000101,
code,S0612,Annual gynecological examina,20000101,
code,S0613,Ann breast exam,20050701,
code,S0618,Audiometry for hearing aid,20040401,
code,S0620,Routine ophthalmological exa,20000101,
code,S0621,Routine ophthalmological exa,20000101,
code,S0622,Phys exam for college,20020101,
code,S0630,Removal of sutures,20010101,
code,S0800,Laser in situ keratomileusis,20000101,
code,S0810,Photorefractive keratectomy,20000101,
code,S0812,Phototherap keratect,20010701,
code,S1001,Deluxe item,20010701,
code,S1002,Custom item,20010701,
code,S1015,Iv tubing extension set,20010101,
code,S1016,Non-pvc intravenous administ,20010101,
code,S1030,Gluc monitor purchase,20020101,
code,S1031,Gluc monitor rental,20020101,
code,S1034,Art pancreas system,20140701,
code,S1035,Art pancreas inv disp sensor,20140701,
code,S1036,Art pancreas ext transmitter,20140701,
code,S1037,Art pancreas ext receiver,20140701,
code,S1040,Cranial remolding orthosis,20021001,
code,S1090,Mometasone sinus implant,20120701,20190930
code,S1091,Stent non-coronary propel,20210401,
code,S2053,Transplantation of small int,20000101,
code,S2054,Transplantation of multivisc,20000101,
code,S2055,Harvesting of donor multivis,20000101,
code,S2060,Lobar lung transplantation,20010101,
code,S2061,Donor lobectomy (lung),20010101,
code,S2065,Simult panc kidn trans,20010701,
code,S2066,Breast gap flap reconst,20070701,
code,S2067,"Breast ""stacked"" diep/gap",20070701,
code,S2068,Breast diep or siea flap,20060101,
code,S2070,Cysto laser tx ureteral calc,20031001,
code,S2079,Lap esophagomyotomy,20060101,
code,S2080,Laup,20020101,
code,S2083,Adjustment gastric band,20040401,
code,S2095,Transcath emboliz microspher,20040101,
code,S2102,Islet cell tissue transplant,20010101,
code,S2103,Adrenal tissue transplant,20010101,
code,S2107,Adoptive immunotherapy,20020401,
code,S2112,Knee arthroscp harv,20010701,
code,S2115,Periacetabular osteotomy,20020101,
code,S2117,"Arthroereisis, subtalar",20051001,
code,S2118,Total hip resurfacing,20081001,
code,S2120,Low density lipoprotein(ldl),20010101,
code,S2140,Cord blood harvesting,20010101,
code,S2142,Cord blood-derived stem-cell,20010101,
code,S2150,Bmt harv/transpl 28d pkg,20020101,
code,S2152,Solid organ transpl pkg,20040401,
code,S2202,Echosclerotherapy,20010101,
code,S2205,Minimally invasive direct co,20000101,
code,S2206,Minimally invasive direct co,20000101,
code,S2207,Minimally invasive direct co,20000101,
code,S2208,Minimally invasive direct co,20000101,
code,S2209,Minimally invasive direct co,20000101,
code,S2225,Myringotomy laser-assist,20040101,
code,S2230,Implant semi-imp hear,20031001,
code,S2235,Implant auditory brain imp,20031001,
code,S2260,Induced abortion 17-24 weeks,20020101,
code,S2265,Induced abortion 25-28 wks,20021001,
code,S2266,Induced abortion 29-31 wks,20021001,
code,S2267,Induced abortion 32 or more,20021001,
code,S2300,"Arthroscopy, shoulder, surgi",20000101,
code,S2325,Hip core decompression,20061001,
code,S2340,Chemodenervation of abductor,20010101,
code,S2341,Chemodenerv adduct vocal,20020101,
code,S2342,Nasal endoscop po debrid,20020101,
code,S2348,Decompress disc rf lumbar,20050101,
code,S2350,"Diskectomy, anterior, with d",20000101,
code,S2351,"Diskectomy, anterior, with d",20000101,
code,S2360,Vertebroplast cerv 1st,20020101,20151231
code,S2361,Vertebroplast cerv addl,20020101,20151231
code,S2400,Fetal surg congen hernia,20020101,
code,S2401,Fetal surg urin trac obstr,20020101,
code,S2402,Fetal surg cong cyst malf,20020101,
code,S2403,Fetal surg pulmon sequest,20020101,
code,S2404,Fetal surg myelomeningo,20020101,
code,S2405,Fetal surg sacrococ teratoma,20020401,
code,S2409,Fetal surg noc,20020101,
code,S2411,Fetoscop laser ther ttts,20020101,
code,S2900,Robotic surgical system,20050701,
code,S3000,Bilat dil retinal exam,20030401,
code,S3005,Eval self-assess depression,20050401,
code,S3600,Stat lab,20020101,
code,S3601,Stat lab home/nf,20020101,
code,S3620,Newborn metabolic screening,20010101,
code,S3630,Eosinophil blood count,20020101,
code,S3645,Hiv-1 antibody testing of or,20000101,
code,S3650,"Saliva test, hormone level;",20000101,
code,S3652,"Saliva test, hormone level;",20000101,
code,S3655,Antisperm antibodies test,20021001,
code,S3708,Gastrointestinal fat absorpt,20010101,
code,S3721,Pca3 testing,20120401,20151231
code,S3722,Dose optimization auc - 5fu,20120101,
code,S3800,Genetic testing als,20070701,
code,S3840,Dna analysis ret-oncogene,20030701,
code,S3841,Gene test retinoblastoma,20030701,
code,S3842,Gene test hippel-lindau,20030701,
code,S3844,Dna analysis deafness,20030701,
code,S3845,Gene test alpha-thalassemia,20030701,
code,S3846,Gene test beta-thalassemia,20030701,
code,S3849,Gene test niemann-pick,20030701,
code,S3850,Gene test sickle cell,20030701,
code,S3852,Dna analysis apoe alzheimer,20030701,
code,S3853,Gene test myo musclr dyst,20040101,
code,S3854,Gene profile panel breast,20060101,
code,S3855,Gene test presenilin-1 gene,20070101,20141231
code,S3861,Genetic test brugada,20081001,
code,S3865,Comp genet test hyp cardiomy,20090401,
code,S3866,Spec gene test hyp cardiomy,20090401,
code,S3870,Cgh test developmental delay,20090401,
code,S3890,Fecal dna analysis,20040401,20151231
code,S3900,Surface emg,20010701,
code,S3902,Ballistocardiogram,20010101,
code,S3904,Masters two step,20010101,
code,S4005,Interim labor facility globa,20020401,
code,S4011,Ivf package,20020101,
code,S4013,Compl gift case rate,20020401,
code,S4014,Compl zift case rate,20020401,
code,S4015,Complete ivf nos case rate,20020101,
code,S4016,Frozen ivf case rate,20020101,
code,S4017,Ivf canc a stim case rate,20020401,
code,S4018,F emb trns canc case rate,20020101,
code,S4020,Ivf canc b4 aspir case rate,20020101,
code,S4021,Ivf canc aftr aspr case rate,20020101,
code,S4022,Asst oocyte fert case rate,20020101,
code,S4023,Incompl donor egg case rate,20020401,
code,S4024,Air polymer foam per study,20250401,
code,S4025,Donor serv ivf case rate,20020101,
code,S4026,Procure donor sperm,20020101,
code,S4027,Store prev froz embryos,20020101,
code,S4028,Microsurg epi sperm asp,20020101,
code,S4030,Sperm procure init visit,20020101,
code,S4031,Sperm procure subs visit,20020101,
code,S4035,Stimulated iui case rate,20020401,
code,S4037,Cryo embryo transf case rate,20020401,
code,S4040,Monit store cryo embryo 30 d,20020401,
code,S4042,Ovulation mgmt per cycle,20050101,
code,S4981,Insert levonorgestrel ius,20010701,
code,S4988,Penile contractur devic manu,20240401,20250331
code,S4989,Contracept iud,20020101,
code,S4990,Nicotine patch legend,20020101,
code,S4991,Nicotine patch nonlegend,20020101,
code,S4993,Contraceptive pills for bc,20020401,
code,S4995,Smoking cessation gum,20020401,
code,S5000,"Prescription drug, generic",20010101,
code,S5001,"Prescription drug,brand name",20010101,
code,S5010,5% dextrose and 0.45% saline,20010101,
code,S5011,5% dextrose in lactated ring,20010101,20151231
code,S5012,5% dextrose with potassium,20010101,
code,S5013,5%dextrose/0.45%saline1000ml,20010101,
code,S5014,D5w/0.45ns w kcl and mgs04,20010101,
code,S5035,Hit routine device maint,20020101,
code,S5036,Hit device repair,20020101,
code,S5100,Adult daycare services 15min,20030101,
code,S5101,Adult day care per half day,20030101,
code,S5102,Adult day care per diem,20030101,
code,S5105,Centerbased day care perdiem,20030101,
code,S5108,Homecare train pt 15 min,20030401,
code,S5109,Homecare train pt session,20030401,
code,S5110,Family homecare training 15m,20030101,
code,S5111,Family homecare train/sessio,20030101,
code,S5115,Nonfamily homecare train/15m,20030101,
code,S5116,Nonfamily hc train/session,20030101,
code,S5120,Chore services per 15 min,20030101,
code,S5121,Chore services per diem,20030101,
code,S5125,Attendant care service /15m,20030101,
code,S5126,Attendant care service /diem,20030101,
code,S5130,Homaker service nos per 15m,20030101,
code,S5131,Homemaker service nos /diem,20030101,
code,S5135,Adult companioncare per 15m,20030101,
code,S5136,Adult companioncare per diem,20030101,
code,S5140,Adult foster care per diem,20030101,
code,S5141,Adult foster care per month,20030101,
code,S5145,Child fostercare th per diem,20030101,
code,S5146,Ther fostercare child /month,20030101,
code,S5150,Unskilled respite care /15m,20030101,
code,S5151,Unskilled respitecare /diem,20030101,
code,S5160,Emer response sys instal&tst,20030101,
code,S5161,Emer rspns sys serv permonth,20030101,
code,S5162,Emer rspns system purchase,20030101,
code,S5165,Home modifications per serv,20030101,
code,S5170,Homedelivered prepared meal,20030101,
code,S5175,"Laundry serv,ext,prof,/order",20030101,
code,S5180,Hh respiratory thrpy in eval,20030101,
code,S5181,Hh respiratory thrpy nos/day,20030101,
code,S5185,Med reminder serv per month,20030101,
code,S5190,Wellness assessment by nonph,20030101,
code,S5199,Personal care item nos each,20030101,
code,S5497,Hit cath care noc,20020101,
code,S5498,Hit simple cath care,20020101,
code,S5501,Hit complex cath care,20020101,
code,S5502,Hit interim cath care,20020101,
code,S5517,Hit declotting kit,20020101,
code,S5518,Hit cath repair kit,20020101,
code,S5520,Hit picc insert kit,20020101,
code,S5521,Hit midline cath insert kit,20020101,
code,S5522,Hit picc insert no supp,20020101,
code,S5523,Hip midline cath insert kit,20020101,
code,S5550,Insulin rapid 5 u,20031001,
code,S5551,Insulin most rapid 5 u,20031001,
code,S5552,Insulin intermed 5 u,20031001,
code,S5553,Insulin long acting 5 u,20031001,
code,S5560,Insulin reuse pen 1.5 ml,20031001,
code,S5561,Insulin reuse pen 3 ml,20031001,
code,S5565,Insulin cartridge 150 u,20031001,
code,S5566,Insulin cartridge 300 u,20031001,
code,S5570,Insulin dispos pen 1.5 ml,20031001,
code,S5571,Insulin dispos pen 3 ml,20031001,
code,S8030,Tantalum ring application,20020101,
code,S8032,Low dose ct lung screening,20141001,20160930
code,S8035,Magnetic source imaging,20000101,
code,S8037,Mrcp,20010701,
code,S8040,Topographic brain mapping,20000101,
code,S8042,Mri low field,20020401,
code,S8055,Us guidance fetal reduct,20020101,
code,S8080,Scintimammography,20010101,
code,S8085,Fluorine-18 fluorodeoxygluco,20010101,
code,S8092,Electron beam computed tomog,20000101,
code,S8096,Portable peak flow meter,20000101,
code,S8097,Asthma kit,20020101,
code,S8100,Spacer without mask,20020101,
code,S8101,Spacer with mask,20020101,
code,S8110,Peak expiratory flow rate (p,20000101,
code,S8120,O2 contents gas cubic ft,20031001,
code,S8121,O2 contents liquid lb,20031001,
code,S8130,Interferential stim 2 chan,20120101,
code,S8131,Interferential stim 4 chan,20120101,
code,S8185,Flutter device,20020101,
code,S8186,Swivel adaptor,20020101,
code,S8189,Trach supply noc,20020101,
code,S8210,Mucus trap,20010101,
code,S8262,Mandib ortho repos device,20020401,20150630
code,S8265,Haberman feeder,20020401,
code,S8270,Enuresis alarm,20050701,
code,S8301,Infect control supplies nos,20040701,
code,S8415,Supplies for home delivery,20020101,
code,S8420,Custom gradient sleev/glov,20020101,
code,S8421,Ready gradient sleev/glov,20020101,
code,S8422,Custom grad sleeve med,20020101,
code,S8423,Custom grad sleeve heavy,20020101,
code,S8424,Ready gradient sleeve,20020101,
code,S8425,Custom grad glove med,20020101,
code,S8426,Custom grad glove heavy,20020101,
code,S8427,Ready gradient glove,20020101,
code,S8428,Ready gradient gauntlet,20020101,
code,S8429,Gradient pressure wrap,20020101,
code,S8430,Padding for comprssn bdg,20020101,
code,S8431,Compression bandage,20020101,
code,S8450,Splint digit,20020101,
code,S8451,Splint wrist or ankle,20020101,
code,S8452,Splint elbow,20020101,
code,S8460,Camisole post-mast,20030401,
code,S8490,100 insulin syringes,20020101,
code,S8930,Auricular electrostimulation,20120401,
code,S8940,Hippotherapy per session,20050401,
code,S8948,Low-level laser trmt 15 min,20040101,
code,S8950,"Complex lymphedema therapy,",20000101,
code,S8990,Pt or manip for maint,20030401,
code,S8999,Resuscitation bag,20010101,
code,S9001,Home uterine monitor with or,20000101,
code,S9002,Intra-vag motion sens biofk,20240401,
code,S9007,Ultrafiltration monitor,20010101,
code,S9015,Automated eeg monitoring,20010101,20151231
code,S9024,Paranasal sinus ultrasound,20000101,
code,S9025,Omnicardiogram/cardiointegra,20010101,
code,S9034,Eswl for gallstones,20020401,
code,S9055,Procuren or other growth fac,20000101,
code,S9056,Coma stimulation per diem,20000101,
code,S9061,Medical supplies and equipme,20010101,
code,S9083,Urgent care center global,20020101,
code,S9088,Services provided in urgent,20010101,
code,S9090,Vertebral axial decompressio,20000101,
code,S9097,Home visit wound care,20041001,
code,S9098,Home phototherapy visit,20020101,
code,S9110,Telemonitoring/home per mnth,20130101,
code,S9117,Back school visit,20020101,
code,S9122,Home health aide or certifie,20000101,
code,S9123,Nursing care in home rn,20000101,
code,S9124,"Nursing care, in the home; b",20000101,
code,S9125,"Respite care, in the home, p",20000101,
code,S9126,"Hospice care, in the home, p",20000101,
code,S9127,"Social work visit, in the ho",20000101,
code,S9128,"Speech therapy, in the home,",20000101,
code,S9129,"Occupational therapy, in the",20000101,
code,S9131,Pt in the home per diem,20020101,
code,S9140,"Diabetic management program,",20000101,
code,S9141,"Diabetic management program,",20000101,
code,S9145,Insulin pump initiation,20020401,
code,S9150,Evaluation by ocularist,20020401,
code,S9152,"Speech therapy, re-eval",20070701,
code,S9208,Home mgmt preterm labor,20020101,
code,S9209,Home mgmt pprom,20020101,
code,S9211,Home mgmt gest hypertension,20020101,
code,S9212,Hm postpar hyper per diem,20020101,
code,S9213,Hm preeclamp per diem,20020101,
code,S9214,Hm gest dm per diem,20020101,
code,S9325,Hit pain mgmt per diem,20020101,
code,S9326,Hit cont pain per diem,20020101,
code,S9327,Hit int pain per diem,20020101,
code,S9328,Hit pain imp pump diem,20020101,
code,S9329,Hit chemo per diem,20020101,
code,S9330,Hit cont chem diem,20020101,
code,S9331,Hit intermit chemo diem,20020101,
code,S9335,Ht hemodialysis diem,20030701,
code,S9336,Hit cont anticoag diem,20020101,
code,S9338,Hit immunotherapy diem,20020101,
code,S9339,Hit periton dialysis diem,20020101,
code,S9340,Hit enteral per diem,20020101,
code,S9341,Hit enteral grav diem,20020101,
code,S9342,Hit enteral pump diem,20020101,
code,S9343,Hit enteral bolus nurs,20020101,
code,S9345,Hit anti-hemophil diem,20020101,
code,S9346,Hit alpha-1-proteinas diem,20020101,
code,S9347,Hit longterm infusion diem,20020101,
code,S9348,Hit sympathomim diem,20020101,
code,S9349,Hit tocolysis diem,20020101,
code,S9351,Hit cont antiemetic diem,20020101,
code,S9353,Hit cont insulin diem,20020101,
code,S9355,Hit chelation diem,20020101,
code,S9357,Hit enzyme replace diem,20020101,
code,S9359,Hit anti-tnf per diem,20020101,
code,S9361,Hit diuretic infus diem,20020101,
code,S9363,Hit anti-spasmotic diem,20020101,
code,S9364,Hit tpn total diem,20020101,
code,S9365,Hit tpn 1 liter diem,20020101,
code,S9366,Hit tpn 2 liter diem,20020101,
code,S9367,Hit tpn 3 liter diem,20020101,
code,S9368,Hit tpn over 3l diem,20020101,
code,S9370,Ht inj antiemetic diem,20020101,
code,S9372,Ht inj anticoag diem,20020101,
code,S9373,Hit hydra total diem,20020101,
code,S9374,Hit hydra 1 liter diem,20020101,
code,S9375,Hit hydra 2 liter diem,20020101,
code,S9376,Hit hydra 3 liter diem,20020101,
code,S9377,Hit hydra over 3l diem,20020101,
code,S9379,Hit noc per diem,20020101,
code,S9381,Hit high risk/escort,20020101,
code,S9401,Anticoag clinic per session,20020401,
code,S9430,Pharmacy comp/disp serv,20020401,
code,S9432,Med food non inborn err meta,20211001,
code,S9433,Medical food oral 100% nutr,20090101,
code,S9434,Mod solid food suppl,20030401,
code,S9435,Medical foods for inborn err,20010101,
code,S9436,Lamaze class,20020401,
code,S9437,Childbirth refresher class,20020401,
code,S9438,Cesarean birth class,20020401,
code,S9439,Vbac class,20020401,
code,S9441,Asthma education,20020101,
code,S9442,Birthing class,20020101,
code,S9443,Lactation class,20020101,
code,S9444,Parenting class,20020401,
code,S9445,Pt education noc individ,20020101,
code,S9446,Pt education noc group,20020101,
code,S9447,Infant safety class,20020401,
code,S9449,Weight mgmt class,20020401,
code,S9451,Exercise class,20020401,
code,S9452,Nutrition class,20020401,
code,S9453,Smoking cessation class,20020401,
code,S9454,Stress mgmt class,20020401,
code,S9455,"Diabetic management program,",20000101,
code,S9460,"Diabetic management program,",20000101,
code,S9465,"Diabetic management program,",20000101,
code,S9470,"Nutritional counseling, diet",20000101,
code,S9472,Cardiac rehabilitation progr,20000101,
code,S9473,Pulmonary rehabilitation pro,20000101,
code,S9474,Enterostomal therapy by a re,20000101,
code,S9475,Ambulatory setting substance,20000101,
code,S9476,Vestibular rehab per diem,20031001,
code,S9480,Intensive outpatient psychia,20000101,
code,S9482,Family stabilization 15 min,20050101,
code,S9484,Crisis intervention per hour,20020701,
code,S9485,Crisis intervention mental h,20000101,
code,S9490,Hit corticosteroid/diem,20020701,
code,S9494,Hit antibiotic total diem,20020101,
code,S9497,Hit antibiotic q3h diem,20020101,
code,S9500,Hit antibiotic q24h diem,20020101,
code,S9501,Hit antibiotic q12h diem,20020101,
code,S9502,Hit antibiotic q8h diem,20020101,
code,S9503,Hit antibiotic q6h diem,20020101,
code,S9504,Hit antibiotic q4h diem,20020101,
code,S9529,Venipuncture home/snf,20020101,
code,S9537,Ht hem horm inj diem,20020101,
code,S9538,Hit blood products diem,20020101,
code,S9542,Ht inj noc per diem,20020101,
code,S9558,Ht inj growth horm diem,20020101,
code,S9559,Hit inj interferon diem,20020101,
code,S9560,Ht inj hormone diem,20020101,
code,S9562,Ht inj palivizumab/ab diem,20030101,
code,S9563,Ht inj immuno diem,20230401,
code,S9590,Ht irrigation diem,20030101,
code,S9810,Ht pharm per hour,20020101,
code,S9900,Christian sci pract visit,20020701,
code,S9901,Christian sci nurse visit,20150101,
code,S9960,Air ambulanc nonemerg fixed,20140101,
code,S9961,Air ambulan nonemerg rotary,20140101,
code,S9970,Health club membership yr,20020401,
code,S9975,Transplant related per diem,20020401,
code,S9976,Lodging per diem,20040401,
code,S9977,Meals per diem,20040401,
code,S9981,Med record copy admin,20020101,
code,S9982,Med record copy per page,20020101,
code,S9986,Not medically necessary svc,20020101,
code,S9988,Serv part of phase i trial,20040401,
code,S9989,Services outside us,20020101,
code,S9990,Services provided as part of,20000101,
code,S9991,Services provided as part of,20000101,
code,S9992,Transportation costs to and,20000101,
code,S9994,Lodging costs (e.g. hotel ch,20000101,
code,S9996,Meals for clinical trial par,20000101,
code,S9999,Sales tax,20000101,
code,T1000,Private duty/independent nsg,20010701,
code,T1001,Nursing assessment/evaluatn,20010701,
code,T1002,Rn services up to 15 minutes,20010701,
code,T1003,Lpn/lvn services up to 15min,20010701,
code,T1004,Nsg aide service up to 15min,20010701,
code,T1005,Respite care service 15 min,20010701,
code,T1006,Family/couple counseling,20010701,
code,T1007,Treatment plan development,20010701,
code,T1009,Child sitting services,20010701,
code,T1010,Meals when receive services,20010701,
code,T1012,Alcohol/substance abuse skil,20010701,
code,T1013,Sign lang/oral interpreter,20010701,
code,T1014,"Telehealth transmit, per min",20010701,
code,T1015,Clinic service,20020101,
code,T1016,Case management,20020701,
code,T1017,Targeted case management,20020701,
code,T1018,School-based iep ser bundled,20020701,
code,T1019,Personal care ser per 15 min,20020701,
code,T1020,Personal care ser per diem,20020701,
code,T1021,Hh aide or cn aide per visit,20020701,
code,T1022,Contracted services per day,20030101,
code,T1023,Program intake assessment,20030101,
code,T1024,Team evaluation & management,20030101,
code,T1025,"Ped compr care pkg, per diem",20030101,
code,T1026,"Ped compr care pkg, per hour",20030101,
code,T1027,Family training & counseling,20030101,
code,T1028,Home environment assessment,20030101,
code,T1029,Dwelling lead investigation,20030101,
code,T1030,Rn home care per diem,20030101,
code,T1031,Lpn home care per diem,20030101,
code,T1032,Sv doula brth wrk per 15 min,20221001,
code,T1033,Sv doula brth wrk per diem,20221001,
code,T1040,Comm bh clinic svc per diem,20170101,
code,T1041,Comm bh clinic svc per month,20170101,
code,T1502,Medication admin visit,20030101,
code,T1503,"Med admin, not oral/inject",20070401,
code,T1505,"Elec med comp dev, noc",20110101,
code,T1999,Noc retail items andsupplies,20030101,
code,T2001,N-et; patient attend/escort,20020401,
code,T2002,N-et; per diem,20020401,
code,T2003,N-et; encounter/trip,20020401,
code,T2004,N-et; commerc carrier pass,20020401,
code,T2005,N-et; stretcher van,20020401,
code,T2007,Non-emer transport wait time,20030101,
code,T2010,Pasrr level i,20030401,
code,T2011,Pasrr level ii,20030401,
code,T2012,"Habil ed waiver, per diem",20031001,
code,T2013,Habil ed waiver per hour,20031001,
code,T2014,"Habil prevoc waiver, per d",20031001,
code,T2015,Habil prevoc waiver per hr,20031001,
code,T2016,Habil res waiver per diem,20031001,
code,T2017,Habil res waiver 15 min,20031001,
code,T2018,Habil sup empl waiver/diem,20031001,
code,T2019,Habil sup empl waiver 15min,20031001,
code,T2020,Day habil waiver per diem,20031001,
code,T2021,Day habil waiver per 15 min,20031001,
code,T2022,"Case management, per month",20031001,
code,T2023,Targeted case mgmt per month,20031001,
code,T2024,Serv asmnt/care plan waiver,20031001,
code,T2025,"Waiver service, nos",20031001,
code,T2026,Special childcare waiver/d,20031001,
code,T2027,Spec childcare waiver 15 min,20031001,
code,T2028,"Special supply, nos waiver",20031001,
code,T2029,"Special med equip, noswaiver",20031001,
code,T2030,Assist living waiver/month,20031001,
code,T2031,Assist living waiver/diem,20031001,
code,T2032,"Res care, nos waiver/month",20031001,
code,T2033,"Res, nos waiver per diem",20031001,
code,T2034,Crisis interven waiver/diem,20031001,
code,T2035,Utility services waiver,20031001,
code,T2036,Camp overnite waiver/session,20031001,
code,T2037,Camp day waiver/session,20031001,
code,T2038,Comm trans waiver/service,20031001,
code,T2039,Vehicle mod waiver/service,20031001,
code,T2040,Financial mgt waiver/15min,20031001,
code,T2041,Support broker waiver/15 min,20031001,
code,T2042,Hospice routine home care,20031001,
code,T2043,Hospice continuous home care,20031001,
code,T2044,Hospice respite care,20031001,
code,T2045,Hospice general care,20031001,
code,T2046,"Hospice long term care, r&b",20031001,
code,T2047,Hab prevo waiver per 15,20201001,
code,T2048,"Bh ltc res r&b, per diem",20031001,
code,T2049,"N-et; stretcher van, mileage",20040701,
code,T2050,Financial mgt waiver/diem,20220401,
code,T2051,Support broker waiver/diem,20220401,
code,T2101,Breast milk proc/store/dist,20040101,
code,T4521,Adult size brief/diaper sm,20050101,
code,T4522,Adult size brief/diaper med,20050101,
code,T4523,Adult size brief/diaper lg,20050101,
code,T4524,Adult size brief/diaper xl,20050101,
code,T4525,Adult size pull-on sm,20050101,
code,T4526,Adult size pull-on med,20050101,
code,T4527,Adult size pull-on lg,20050101,
code,T4528,Adult size pull-on xl,20050101,
code,T4529,Ped size brief/diaper sm/med,20050101,
code,T4530,Ped size brief/diaper lg,20050101,
code,T4531,Ped size pull-on sm/med,20050101,
code,T4532,Ped size pull-on lg,20050101,
code,T4533,Youth size brief/diaper,20050101,
code,T4534,Youth size pull-on,20050101,
code,T4535,Disposable liner/shield/pad,20050101,
code,T4536,Reusable pull-on any size,20050101,
code,T4537,Reusable underpad bed size,20050101,
code,T4538,Diaper serv reusable diaper,20050101,
code,T4539,Reuse diaper/brief any size,20050101,
code,T4540,Reusable underpad chair size,20050101,
code,T4541,Large disposable underpad,20050101,
code,T4542,Small disposable underpad,20050101,
code,T4543,Adult disp brief/diap abv xl,20070101,
code,T4544,Adlt disp und/pull on abv xl,20140101,
code,T4545,Incon disposable penile wrap,20190101,
code,T5001,Position seat spec orth need,20040101,
code,T5999,"Supply, nos",20040101,
code,U0001,2019-ncov diagnostic p,20200204,
code,U0002,Covid-19 lab test non-cdc,20200204,
code,U0003,Cov-19 amp prb hgh thruput,20200414,20230511
code,U0004,Cov-19 test non-cdc hgh thru,20200414,20230511
code,U0005,Infec agen detec ampli probe,20210101,20230511
code,V2020,Vision svcs frames purchases,19850101,
code,V2025,Eyeglasses delux frames,19920101,
code,V2100,Lens spher single plano 4.00,19850101,
code,V2101,Single visn sphere 4.12-7.00,19850101,
code,V2102,Singl visn sphere 7.12-20.00,19850101,
code,V2103,Spherocylindr 4.00d/12-2.00d,19850101,
code,V2104,Spherocylindr 4.00d/2.12-4d,19850101,
code,V2105,Spherocylinder 4.00d/4.25-6d,19850101,
code,V2106,Spherocylinder 4.00d/>6.00d,19850101,
code,V2107,Spherocylinder 4.25d/12-2d,19850101,
code,V2108,Spherocylinder 4.25d/2.12-4d,19850101,
code,V2109,Spherocylinder 4.25d/4.25-6d,19850101,
code,V2110,Spherocylinder 4.25d/over 6d,19850101,
code,V2111,Spherocylindr 7.25d/.25-2.25,19850101,
code,V2112,Spherocylindr 7.25d/2.25-4d,19850101,
code,V2113,Spherocylindr 7.25d/4.25-6d,19850101,
code,V2114,Spherocylinder over 12.00d,19850101,
code,V2115,Lens lenticular bifocal,19850101,
code,V2118,Lens aniseikonic single,19850101,
code,V2121,"Lenticular lens, single",20040101,
code,V2199,Lens single vision not oth c,19850101,
code,V2200,Lens spher bifoc plano 4.00d,19850101,
code,V2201,Lens sphere bifocal 4.12-7.0,19850101,
code,V2202,Lens sphere bifocal 7.12-20.,19850101,
code,V2203,Lens sphcyl bifocal 4.00d/.1,19850101,
code,V2204,Lens sphcy bifocal 4.00d/2.1,19850101,
code,V2205,Lens sphcy bifocal 4.00d/4.2,19850101,
code,V2206,Lens sphcy bifocal 4.00d/ove,19850101,
code,V2207,Lens sphcy bifocal 4.25-7d/.,19850101,
code,V2208,Lens sphcy bifocal 4.25-7/2.,19850101,
code,V2209,Lens sphcy bifocal 4.25-7/4.,19850101,
code,V2210,Lens sphcy bifocal 4.25-7/ov,19850101,
code,V2211,Lens sphcy bifo 7.25-12/.25-,19850101,
code,V2212,Lens sphcyl bifo 7.25-12/2.2,19850101,
code,V2213,Lens sphcyl bifo 7.25-12/4.2,19850101,
code,V2214,Lens sphcyl bifocal over 12.,19850101,
code,V2215,Lens lenticular bifocal,19850101,
code,V2218,Lens aniseikonic bifocal,19850101,
code,V2219,Lens bifocal seg width over,19850101,
code,V2220,Lens bifocal add over 3.25d,19850101,
code,V2221,"Lenticular lens, bifocal",20040101,
code,V2299,Lens bifocal speciality,19850101,
code,V2300,Lens sphere trifocal 4.00d,19850101,
code,V2301,Lens sphere trifocal 4.12-7.,19850101,
code,V2302,Lens sphere trifocal 7.12-20,19850101,
code,V2303,Lens sphcy trifocal 4.0/.12-,19850101,
code,V2304,Lens sphcy trifocal 4.0/2.25,19850101,
code,V2305,Lens sphcy trifocal 4.0/4.25,19850101,
code,V2306,Lens sphcyl trifocal 4.00/>6,19850101,
code,V2307,Lens sphcy trifocal 4.25-7/.,19850101,
code,V2308,Lens sphc trifocal 4.25-7/2.,19850101,
code,V2309,Lens sphc trifocal 4.25-7/4.,19850101,
code,V2310,Lens sphc trifocal 4.25-7/>6,19850101,
code,V2311,Lens sphc trifo 7.25-12/.25-,19850101,
code,V2312,Lens sphc trifo 7.25-12/2.25,19850101,
code,V2313,Lens sphc trifo 7.25-12/4.25,19850101,
code,V2314,Lens sphcyl trifocal over 12,19850101,
code,V2315,Lens lenticular trifocal,19850101,
code,V2318,Lens aniseikonic trifocal,19850101,
code,V2319,Lens trifocal seg width > 28,19850101,
code,V2320,Lens trifocal add over 3.25d,19850101,
code,V2321,"Lenticular lens, trifocal",20040101,
code,V2399,Lens trifocal speciality,19850101,
code,V2410,Lens variab asphericity sing,19840101,
code,V2430,Lens variable asphericity bi,19840101,
code,V2499,Variable asphericity lens,19840101,
code,V2500,Contact lens pmma spherical,19850101,
code,V2501,Cntct lens pmma-toric/prism,19850101,
code,V2502,Contact lens pmma bifocal,19850101,
code,V2503,Cntct lens pmma color vision,19850101,
code,V2510,Cntct gas permeable sphericl,19850101,
code,V2511,Cntct toric prism ballast,19850101,
code,V2512,Cntct lens gas permbl bifocl,19850101,
code,V2513,Contact lens extended wear,19850101,
code,V2520,Contact lens hydrophilic,19840101,
code,V2521,Cntct lens hydrophilic toric,19850101,
code,V2522,Cntct lens hydrophil bifocl,19850101,
code,V2523,Cntct lens hydrophil extend,19850101,
code,V2524,Cntct lens hydrophil photoch,20201001,
code,V2525,"Cl, hydrophilic, dual focus",20220401,
code,V2526,Cntct lens blue violet,20231001,
code,V2530,Contact lens gas impermeable,19850101,
code,V2531,Contact lens gas permeable,19960101,
code,V2599,Contact lens/es other type,19850101,
code,V2600,Hand held low vision aids,19850101,
code,V2610,Single lens spectacle mount,19850101,
code,V2615,Telescop/othr compound lens,19850101,
code,V2623,Plastic eye prosth custom,19850101,
code,V2624,Polishing artifical eye,19930101,
code,V2625,Enlargemnt of eye prosthesis,19930101,
code,V2626,Reduction of eye prosthesis,19930101,
code,V2627,Scleral cover shell,19930101,
code,V2628,Fabrication & fitting,19930101,
code,V2629,Prosthetic eye other type,19850101,
code,V2630,Anter chamber intraocul lens,19850101,
code,V2631,Iris support intraoclr lens,19850101,
code,V2632,Post chmbr intraocular lens,19850101,
code,V2700,Balance lens,19850101,
code,V2702,Deluxe lens feature,20050101,
code,V2710,Glass/plastic slab off prism,19850101,
code,V2715,Prism lens/es,19850101,
code,V2718,Fresnell prism press-on lens,19850101,
code,V2730,Special base curve,19850101,
code,V2744,Tint photochromatic lens/es,19850101,
code,V2745,"Tint, any color/solid/grad",20040101,
code,V2750,Anti-reflective coating,19850101,
code,V2755,Uv lens/es,19850101,
code,V2756,Eye glass case,20040101,
code,V2760,Scratch resistant coating,19850101,
code,V2761,Mirror coating,20040101,
code,V2762,"Polarization, any lens",20040101,
code,V2770,Occluder lens/es,19850101,
code,V2780,Oversize lens/es,19850101,
code,V2781,Progressive lens per lens,19960101,
code,V2782,"Lens, 1.54-1.65 p/1.60-1.79g",20040101,
code,V2783,"Lens, >= 1.66 p/>=1.80 g",20040101,
code,V2784,Lens polycarb or equal,20040101,
code,V2785,Corneal tissue processing,19900101,
code,V2786,Occupational multifocal lens,20040101,
code,V2787,Astigmatism-correct function,20080101,
code,V2788,Presbyopia-correct function,20060101,
code,V2790,Amniotic membrane,20010101,
code,V2797,Vis item/svc in other code,20040101,
code,V2799,Misc vision item or service,19850101,
code,V5008,Hearing screening,19900101,
code,V5010,Assessment for hearing aid,19840101,
code,V5011,Hearing aid fitting/checking,19900101,
code,V5014,Hearing aid repair/modifying,19900101,
code,V5020,Conformity evaluation,19840101,
code,V5030,Body-worn hearing aid air,19860101,
code,V5040,Body-worn hearing aid bone,19860101,
code,V5050,Hearing aid monaural in ear,19820101,
code,V5060,Behind ear hearing aid,19820101,
code,V5070,Glasses air conduction,19820101,
code,V5080,Glasses bone conduction,19820101,
code,V5090,Hearing aid dispensing fee,19820101,
code,V5095,Implant mid ear hearing pros,20030101,
code,V5100,Body-worn bilat hearing aid,19820101,
code,V5110,Hearing aid dispensing fee,19820101,
code,V5120,Body-worn binaur hearing aid,19820101,
code,V5130,In ear binaural hearing aid,19820101,
code,V5140,Behind ear binaur hearing ai,19820101,
code,V5150,Glasses binaural hearing aid,19820101,
code,V5160,Dispensing fee binaural,19820101,
code,V5170,Within ear cros hearing aid,19820101,20181231
code,V5171,Hearing aid monaural ite,20190101,
code,V5172,Hearing aid monaural itc,20190101,
code,V5180,Behind ear cros hearing aid,19820101,20181231
code,V5181,Hearing aid monaural bte,20190101,
code,V5190,Hearing aid monaural glasses,19820101,
code,V5200,Disp fee contralateral monau,19820101,
code,V5210,In ear bicros hearing aid,19820101,20181231
code,V5211,Hearing aid binaural ite/ite,20190101,
code,V5212,Hearing aid binaural ite/itc,20190101,
code,V5213,Hearing aid binaural ite/bte,20190101,
code,V5214,Hearing aid binaural itc/itc,20190101,
code,V5215,Hearing aid binaural itc/bte,20190101,
code,V5220,Behind ear bicros hearing ai,19820101,20181231
code,V5221,Hearing aid binaural bte/bte,20190101,
code,V5230,Hearing aid binaural glasses,19820101,
code,V5240,Disp fee contralateral binau,19820101,
code,V5241,"Dispensing fee, monaural",20020101,
code,V5242,"Hearing aid, monaural, cic",20020101,
code,V5243,"Hearing aid, monaural, itc",20020101,
code,V5244,"Hearing aid, prog, mon, cic",20020101,
code,V5245,"Hearing aid, prog, mon, itc",20020101,
code,V5246,"Hearing aid, prog, mon, ite",20020101,
code,V5247,"Hearing aid, prog, mon, bte",20020101,
code,V5248,"Hearing aid, binaural, cic",20020101,
code,V5249,"Hearing aid, binaural, itc",20020101,
code,V5250,"Hearing aid, prog, bin, cic",20020101,
code,V5251,"Hearing aid, prog, bin, itc",20020101,
code,V5252,"Hearing aid, prog, bin, ite",20020101,
code,V5253,"Hearing aid, prog, bin, bte",20020101,
code,V5254,"Hearing id, digit, mon, cic",20020101,
code,V5255,"Hearing aid, digit, mon, itc",20020101,
code,V5256,"Hearing aid, digit, mon, ite",20020101,
code,V5257,"Hearing aid, digit, mon, bte",20020101,
code,V5258,"Hearing aid, digit, bin, cic",20020101,
code,V5259,"Hearing aid, digit, bin, itc",20020101,
code,V5260,"Hearing aid, digit, bin, ite",20020101,
code,V5261,"Hearing aid, digit, bin, bte",20020101,
code,V5262,"Hearing aid, disp, monaural",20020101,
code,V5263,"Hearing aid, disp, binaural",20020101,
code,V5264,Ear mold/insert,20020101,
code,V5265,"Ear mold/insert, disp",20020101,
code,V5266,Battery for hearing device,20020101,
code,V5267,Hearing aid sup/access/dev,20020101,
code,V5268,Ald telephone amplifier,20020101,
code,V5269,"Alerting device, any type",20020101,
code,V5270,"Ald, tv amplifier, any type",20020101,
code,V5271,"Ald, tv caption decoder",20020101,
code,V5272,Tdd,20020101,
code,V5273,Ald for cochlear implant,20020101,
code,V5274,Ald unspecified,20020101,
code,V5275,Ear impression,20020101,
code,V5281,"Ald fm/dm system, monaural",20130101,
code,V5282,Ald fm/dm system binaural,20130101,
code,V5283,"Ald neck, loop ind receiver",20130101,
code,V5284,Ald fm/dm ear level receiver,20130101,
code,V5285,Ald fm/dm aud input receiver,20130101,
code,V5286,Ald blu tooth fm/dm receiver,20130101,
code,V5287,"Ald fm/dm receiver, nos",20130101,
code,V5288,Ald fm/dm transmitter ald,20130101,
code,V5289,Ald fm/dm adapt/boot couplin,20130101,
code,V5290,Ald transmitter microphone,20130101,
code,V5298,Hearing aid noc,20030101,
code,V5299,Hearing service,19820101,
code,V5336,Repair communication device,19900101,
code,V5362,Speech screening,19900101,
code,V5363,Language screening,19900101,
code,V5364,Dysphagia screening,19900101,
modifier,A1,Dressing for one wound,20020701,
modifier,A2,Dressing for two wounds,20020701,
modifier,A3,Dressing for three wounds,20020701,
modifier,A4,Dressing for four wounds,20020701,
modifier,A5,Dressing for five wounds,20020701,
modifier,A6,Dressing for six wounds,20020701,
modifier,A7,Dressing for seven wounds,20020701,
modifier,A8,Dressing for eight wounds,20020701,
modifier,A9,Dressing for 9 or more wound,20020701,
modifier,AA,Anesthesia perf by anesgst,19840101,
modifier,AB,Aud svs w/o order evry 12mo,20230101,
modifier,AC,Co-mgmt mod - onboarding,20260701,
modifier,AD,"Md supervision, >4 anes proc",19840101,
modifier,AE,Registered dietician,20050101,
modifier,AF,Specialty physician,20050101,
modifier,AG,Primary physician,20050101,
modifier,AH,Clinical psychologist,19910101,
modifier,AI,Principal physician of rec,20100101,
modifier,AJ,Clinical social worker,19910101,
modifier,AK,Non participating physician,20050101,
modifier,AM,"Physician, team member svc",19910101,
modifier,AO,Prov declined alt pmt method,20131001,
modifier,AP,No dtmn of refractive state,19840101,
modifier,AQ,Physician service hpsa area,20060101,
modifier,AR,Physician scarcity area,20050101,
modifier,AS,Assistant at surgery service,19880101,
modifier,AT,Acute treatment,19840101,
modifier,AU,"Uro, ostomy or trach item",20030101,
modifier,AV,Item w prosthetic/orthotic,20030101,
modifier,AW,Item w a surgical dressing,20030101,
modifier,AX,Item w dialysis services,20030101,
modifier,AY,Item/service not for esrd tx,20110101,
modifier,AZ,Physician serv in dent hpsa,20110101,
modifier,BA,Item w pen services,20030101,
modifier,BL,Spec acquisition blood prods,20050701,
modifier,BO,Nutrition oral admin no tube,20030101,
modifier,BP,Bene electd to purchase item,19920101,
modifier,BR,Bene elected to rent item,19920101,
modifier,BU,Bene undecided on purch/rent,19920101,
modifier,CA,Procedure payable inpatient,20030101,
modifier,CB,Esrd bene part a snf-sep pay,20030401,
modifier,CC,Procedure code change,19900101,
modifier,CD,Amcc test for esrd or mcp md,20040101,
modifier,CE,Med neces amcc tst sep reimb,20040101,
modifier,CF,Amcc tst not composite rate,20040101,
modifier,CG,Policy criteria applied,20080701,
modifier,CH,"0 percent impaired, ltd, res",20130101,
modifier,CI,1 to <20 percent impaired,20130101,
modifier,CJ,20 to <40 percent impaired,20130101,
modifier,CK,40 to <60 percent impaired,20130101,
modifier,CL,60 to <80 percent impaired,20130101,
modifier,CM,80 to <100 percent impaired,20130101,
modifier,CN,"100 percent impaired, ltd",20130101,
modifier,CO,Outpatient ot service by ota,20190101,
modifier,CP,C-apc adjunctive service,20160101,20171231
modifier,CQ,Outpatient pt service by pta,20190101,
modifier,CR,Catastrophe/disaster related,20050821,
modifier,CS,Cost share waiver covid-19,20110101,
modifier,CT,Ct does not meet nema standa,20160101,
modifier,DA,"Oral health assess, not dent",20110101,
modifier,E1,Upper left eyelid,19950101,
modifier,E2,Lower left eyelid,19950101,
modifier,E3,Upper right eyelid,19950101,
modifier,E4,Lower right eyelid,19950101,
modifier,EA,"Esa, anemia, chemo-induced",20080101,
modifier,EB,"Esa, anemia, radio-induced",20080101,
modifier,EC,"Esa, anemia, non-chemo/radio",20080101,
modifier,ED,Hct>39% or hgb>13g>=3 cycle,20080101,
modifier,EE,Hct>39% or hgb>13g<3 cycle,20080101,
modifier,EJ,Subsequent claim,19910101,
modifier,EM,Emer reserve supply (esrd),19910101,
modifier,EP,Medicaid epsdt program svc,19870101,
modifier,ER,Off-campus ed service,20190101,
modifier,ET,Emergency services,19840101,
modifier,EX,Expatriate beneficiary,20150401,
modifier,EY,No md order for item/service,20030101,
modifier,F1,"Left hand, second digit",19950101,
modifier,F2,"Left hand, third digit",19950101,
modifier,F3,"Left hand, fourth digit",19950101,
modifier,F4,"Left hand, fifth digit",19950101,
modifier,F5,"Right hand, thumb",19950101,
modifier,F6,"Right hand, second digit",19950101,
modifier,F7,"Right hand, third digit",19950101,
modifier,F8,"Right hand, fourth digit",19950101,
modifier,F9,"Right hand, fifth digit",19950101,
modifier,FA,"Left hand, thumb",19950101,
modifier,FB,Item provided without cost,20060101,
modifier,FC,"Part credit, replaced device",20080101,
modifier,FP,Svc part of family plan pgm,19870101,
modifier,FQ,Audio-only service,20220101,
modifier,FR,Two-way a/v dir supervision,20220101,
modifier,FS,Split or shared e/m visit,20220101,
modifier,FT,"Separate, unrelated e/m",20220101,
modifier,FX,X-ray taken using film,20170101,
modifier,FY,Computed radiography x-ray,20180101,
modifier,G0,Telestroke,20190101,
modifier,G1,Urr reading of less than 60,19970101,
modifier,G2,Urr reading of 60 to 64.9,19970101,
modifier,G3,Urr  reading of 65 to 69.9,19970101,
modifier,G4,Urr reading of 70 to 74.9,19970101,
modifier,G5,Urr reading of 75 or greater,19970101,
modifier,G6,Esrd patient <6 dialysis/mth,19980501,
modifier,G7,Payment limits do not apply,19990701,
modifier,G8,Monitored anesthesia care,19990701,
modifier,G9,Mac for at risk patient,19990701,
modifier,GA,Liability waiver ind case,19950101,
modifier,GB,Claim resubmitted,20020101,
modifier,GC,Resident/teaching phys serv,19970101,
modifier,GD,Unit of service > mue value,20080101,20191231
modifier,GE,Resident prim care exception,19970101,
modifier,GF,Nonphysician serv c a hosp,20030401,
modifier,GG,Payment screen mam + diagmam,20020101,
modifier,GH,Diag mammo to screening mamo,19981001,
modifier,GJ,Opt out provider of er srvc,19981001,
modifier,GK,Actual item/service ordered,20020101,
modifier,GL,"Upgraded item, no charge",20020101,
modifier,GM,Multiple transports,20020101,
modifier,GN,Op speech language service,19990101,
modifier,GO,Op occupational therapy serv,19990101,
modifier,GP,Op pt services,19990101,
modifier,GQ,Telehealth store and forward,20011001,
modifier,GR,Service by va resident,20060101,
modifier,GS,Epo/darbepoietin reduced 25%,20060101,
modifier,GT,Interactivetelecommunication,19990101,
modifier,GU,Liability waiver rout notice,20110101,
modifier,GV,Attending phys not hospice,20020101,
modifier,GW,Service unrelated to term co,20020101,
modifier,GX,Voluntary liability notice,20100401,
modifier,GY,Statutorily excluded,20020101,
modifier,GZ,Not reasonable and necessary,20020101,
modifier,H9,Court-ordered,20030101,
modifier,HA,Child/adolescent program,20030101,
modifier,HB,Adult program non-geriatric,20030101,
modifier,HC,Adult program geriatric,20030101,
modifier,HD,Pregnant/parenting program,20030101,
modifier,HE,Mental health program,20030101,
modifier,HF,Substance abuse program,20030101,
modifier,HG,Opioid addiction tx program,20030101,
modifier,HH,Mental hlth/substance abs pr,20030101,
modifier,HI,Men hlth intel/dev disab pgm,20030101,
modifier,HJ,Employee assistance program,20030101,
modifier,HK,Spec hgh rsk mntl hlth pop p,20030101,
modifier,HL,Intern,20030101,
modifier,HM,Less than bachelor degree lv,20030101,
modifier,HN,Bachelors degree level,20030101,
modifier,HO,Masters degree level,20030101,
modifier,HP,Doctoral level,20030101,
modifier,HQ,Group setting,20030101,
modifier,HR,Family/couple w client prsnt,20030101,
modifier,HS,Family/couple w/o client prs,20030101,
modifier,HT,Multi-disciplinary team,20030101,
modifier,HU,Child welfare agency funded,20030101,
modifier,HV,Funded state addiction agncy,20030101,
modifier,HW,State mntl hlth agncy funded,20030101,
modifier,HX,County/local agency funded,20030101,
modifier,HY,Funded by juvenile justice,20030101,
modifier,HZ,Criminal justice agncy fund,20030101,
modifier,J1,Cap no-pay for prescript num,20060101,
modifier,J2,Cap restock of emerg drugs,20060101,
modifier,J3,Cap drug unavail thru cap,20060101,
modifier,J4,Dmepos comp bid furn by hosp,20100101,
modifier,J5,Dmepos comp bid fur by pt/ot,20201001,
modifier,JA,Administered intravenously,20070101,
modifier,JB,Administered subcutaneously,20070101,
modifier,JC,Skin substitute graft,20090101,
modifier,JD,Skin sub not used as a graft,20090101,
modifier,JE,Administered via dialysate,20130701,
modifier,JF,Compounded drug,20150401,20150630
modifier,JG,340b acquired drug,20180101,20241231
modifier,JK,Drug supply 1 month or less,20230401,
modifier,JL,Drug 3 month supply,20230401,
modifier,JW,Discarded drug not administe,20030101,
modifier,JZ,Zero drug wasted,20230101,
modifier,K0,Lwr ext prost functnl lvl 0,19930101,
modifier,K1,Lwr ext prost functnl lvl 1,19930101,
modifier,K2,Lwr ext prost functnl lvl 2,19930101,
modifier,K3,Lwr ext prost functnl lvl 3,19930101,
modifier,K4,Lwr ext prost functnl lvl 4,19930101,
modifier,KA,Wheelchair add-on option/acc,19940101,
modifier,KB,>4 modifiers on claim,20030101,
modifier,KC,Repl special pwr wc intrface,20050101,
modifier,KD,Drug/biological dme infused,20040101,
modifier,KE,Bid under round 1 dmepos cb,20090101,
modifier,KF,Fda class iii device,20040401,
modifier,KG,Dmepos comp bid prgm no 1,20070701,
modifier,KH,"Dmepos ini clm, pur/1 mo rnt",19940101,
modifier,KI,Dmepos 2nd or 3rd mo rental,19940101,
modifier,KJ,Dmepos pen pmp or 4-15mo rnt,19940101,
modifier,KK,Dmepos comp bid prgm no 2,20070701,
modifier,KL,Dmepos mailorder comp bid,20070701,
modifier,KM,Rplc facial prosth new imp,19960101,
modifier,KN,Rplc facial prosth old mod,19960101,
modifier,KO,Single drug unit dose form,19970401,
modifier,KP,First drug of multi drug u d,19970401,
modifier,KQ,2nd/subsqnt drg multi drg ud,19970401,
modifier,KR,Rental item partial month,20020101,
modifier,KS,Glucose monitor supply,19981001,
modifier,KT,Item from noncontract supply,20070701,
modifier,KU,Dmepos comp bid prgm no 3,20070701,
modifier,KV,"Dmepos item, profession serv",20080101,
modifier,KW,Dmepos comp bid prgm no 4,20080101,
modifier,KX,Documentation on file,20020701,
modifier,KY,Dmepos comp bid prgm no 5,20080101,
modifier,KZ,New cov not implement by m+c,20031001,
modifier,L1,Separately payable lab test,20140701,20161231
modifier,LC,Lft circum coronary artery,19970101,
modifier,LD,Left ant des coronary artery,19970101,
modifier,LL,Lease/rental (appld to pur),19840101,
modifier,LM,Left main coronary artery,20130101,
modifier,LR,Laboratory round trip,19870101,
modifier,LS,Fda-monitored iol implant,19910101,
modifier,LT,Left side,19840101,
modifier,LU,Fractionated payment,20220101,
modifier,M2,Medicare secondary payer,20070101,
modifier,MA,Emer med cond susp/confirm,20200101,20241231
modifier,MB,"Auc hardship, insuf internet",20200101,20241231
modifier,MC,"Auc hardship, vendor issues",20200101,20241231
modifier,MD,"Auc hardship, extreme circ",20200101,20241231
modifier,ME,Order adheres to auc,20200101,20241231
modifier,MF,Order does not adhere to auc,20200101,20241231
modifier,MG,Auc not applicable to order,20200101,20241231
modifier,MH,Auc consult not provided,20200101,20241231
modifier,MS,6-mo maint/svc fee parts/lbr,19890101,
modifier,N1,Group 1 oxygen cov crit met,20230101,
modifier,N2,Group 2 oxygen cov crit met,20230101,
modifier,N3,Group 3 oxygen cov crit met,20230101,
modifier,NB,Drug specific nebulizer,20110101,
modifier,NR,New when rented,19840101,
modifier,NU,New equipment,19840101,
modifier,P1,Normal healthy patient,20060101,
modifier,P2,Patient w/mild syst disease,20060101,
modifier,P3,Patient w/severe sys disease,20060101,
modifier,P4,Pt w/sev sys dis threat life,20060101,
modifier,P5,Pt not expect surv w/o oper,20060101,
modifier,P6,Brain-dead pt organs removed,20060101,
modifier,PA,"Surgery, wrong body part",20090701,
modifier,PB,"Surgery, wrong patient",20090701,
modifier,PC,Wrong surgery on patient,20090701,
modifier,PD,Inp admit w/in 3 days,20120101,
modifier,PI,Pet tumor init tx strat,20090701,
modifier,PL,Progressive addition lenses,19890101,
modifier,PM,Post mortem,20140101,
modifier,PN,Non-excepted off-campus svc,20170101,
modifier,PO,Excepted off-campus service,20150101,
modifier,PS,Pet tumor subsq tx strategy,20090701,
modifier,PT,Clrctal screen to diagn,20110101,
modifier,Q0,Invest clinical research,20080101,
modifier,Q1,Routine clinical research,20080101,
modifier,Q2,"Demo procedure, service",19920101,
modifier,Q3,Live donor surgery/services,19950101,
modifier,Q4,Svc exempt - ordrg/rfrng md,19940101,
modifier,Q5,Recip bill arr subs md or pt,19930101,
modifier,Q6,Fee/time comp subst md or pt,19930101,
modifier,Q7,One class a finding,19950101,
modifier,Q8,Two class b findings,19950101,
modifier,Q9,1 class b & 2 class c fndngs,19950101,
modifier,QA,Avg sta day/night o2 < 1 lpm,20180401,
modifier,QB,Avg day/nite o2 > 4 lpm/port,20180401,
modifier,QC,Single channel monitoring,19890101,
modifier,QD,Rcrdg/strg in sld st memory,19890101,
modifier,QE,Stationary o2 @ rest <1 lpm,19890101,
modifier,QF,Station o2 @ rest >4lpm/port,19890101,
modifier,QG,Station o2 @ rest > 4 lpm,19890101,
modifier,QH,Oxygen cnsrvg dvc w del sys,19890101,
modifier,QJ,Patient in state/locl custod,20030101,
modifier,QK,Med dir 2-4 cncrnt anes proc,19950101,
modifier,QL,Patient died after amb call,19990101,
modifier,QM,Ambulance arr by provider,19960101,
modifier,QN,Ambulance furn by provider,19960101,
modifier,QP,Individually ordered lab tst,19960101,
modifier,QQ,Qualified cdsm consulted,20180701,20241231
modifier,QR,Avg sta day/night o2 > 4 lpm,20180401,
modifier,QS,Monitored anesthesia care,19900101,
modifier,QT,Rcrdg/strg tape analog recdr,19890101,
modifier,QW,Clia waived test,19960101,
modifier,QX,Crna svc w/ md med direction,19930101,
modifier,QY,Medically directed crna,19980101,
modifier,QZ,Crna svc w/o med dir by md,19930101,
modifier,RA,Replacement of dme item,20090101,
modifier,RB,"Replacement part, dme item",20090101,
modifier,RC,Right coronary artery,19970101,
modifier,RD,Drug admin not incident-to,20040101,
modifier,RE,Furnish full compliance rems,20090101,
modifier,RI,Ramus intermedius cor artery,20130101,
modifier,RR,Rental (dme),19840101,
modifier,RT,Right side,19840101,
modifier,SA,Nurse practitioner w physici,20010701,
modifier,SB,Nurse midwife,20010701,
modifier,SC,Medically necessary serv/sup,20010701,
modifier,SD,Serv by home infusion rn,20010701,
modifier,SE,State/fed funded program/ser,20010701,
modifier,SF,2nd opinion ordered by pro,19870101,
modifier,SG,Asc facility service,19920101,
modifier,SH,2nd concurrent infusion ther,20010701,
modifier,SJ,3rd concurrent infusion ther,20010701,
modifier,SK,High risk population,20020401,
modifier,SL,State supplied vaccine,20020401,
modifier,SM,Second opinion,20020701,
modifier,SN,Third opinion,20020701,
modifier,SQ,Item ordered by home health,20021001,
modifier,SS,Hit in infusion suite,20041001,
modifier,ST,Related to trauma or injury,20030101,
modifier,SU,Performed in phys office,20030101,
modifier,SV,Drugs delivered not used,20030101,
modifier,SW,Serv by cert diab educator,20040401,
modifier,SY,Contact w/high-risk pop,20050101,
modifier,SZ,Habilitative services,20140701,20171231
modifier,T1,"Left foot, second digit",19950101,
modifier,T2,"Left foot, third digit",19950101,
modifier,T3,"Left foot, fourth digit",19950101,
modifier,T4,"Left foot, fifth digit",19950101,
modifier,T5,"Right foot, great toe",19950101,
modifier,T6,"Right foot, second digit",19950101,
modifier,T7,"Right foot, third digit",19950101,
modifier,T8,"Right foot, fourth digit",19950101,
modifier,T9,"Right foot, fifth digit",19950101,
modifier,TA,"Left foot, great toe",19950101,
modifier,TB,340b drug,20180101,
modifier,TC,Technical component,19840101,
modifier,TD,Rn,20010701,
modifier,TE,Lpn/lvn,20010701,
modifier,TF,Intermediate level of care,20010701,
modifier,TG,Complex/high tech level care,20010701,
modifier,TH,Ob tx/srvcs prenatl/postpart,20010701,
modifier,TJ,Child/adolescent program gp,20010701,
modifier,TK,Extra patient or passenger,20020401,
modifier,TL,Early intervention ifsp,20020401,
modifier,TM,Individualized ed prgrm(iep),20020401,
modifier,TN,Rural/out of service area,20020401,
modifier,TP,Med transprt unloaded vehicl,20020401,
modifier,TQ,Bls by volunteer amb providr,20020401,
modifier,TR,School-based iep out of dist,20020701,
modifier,TS,Follow-up service,20021001,
modifier,TT,Additional patient,20021001,
modifier,TU,Overtime payment rate,20030101,
modifier,TV,Holiday/weekend payment rate,20030101,
modifier,TW,Back-up equipment,20030101,
modifier,U1,M/caid care lev 1 state def,20020701,
modifier,U2,M/caid care lev 2 state def,20020701,
modifier,U3,M/caid care lev 3 state def,20020701,
modifier,U4,M/caid care lev 4 state def,20020701,
modifier,U5,M/caid care lev 5 state def,20020701,
modifier,U6,M/caid care lev 6 state def,20020701,
modifier,U7,M/caid care lev 7 state def,20020701,
modifier,U8,M/caid care lev 8 state def,20020701,
modifier,U9,M/caid care lev 9 state def,20020701,
modifier,UA,M/caid care lev 10 state def,20020701,
modifier,UB,M/caid care lev 11 state def,20020701,
modifier,UC,M/caid care lev 12 state def,20020701,
modifier,UD,M/caid care lev 13 state def,20020701,
modifier,UE,Used durable med equipment,19840101,
modifier,UF,"Services provided, morning",20030401,
modifier,UG,"Services provided, afternoon",20030401,
modifier,UH,"Services provided, evening",20030401,
modifier,UJ,"Services provided, night",20030401,
modifier,UK,Svc on behalf client-collat,20030401,
modifier,UN,Two patients served,20040101,
modifier,UP,Three patients served,20040101,
modifier,UQ,Four patients served,20040101,
modifier,UR,Five patients served,20040101,
modifier,US,Six or more patients served,20040101,
modifier,V1,Demonstration modifier 1,20170101,
modifier,V2,Demonstration modifier 2,20170101,
modifier,V3,Demonstration modifier 3,20170101,
modifier,V4,Demonstration modifier 4,20201001,
modifier,V5,Vascular catheter,20100101,
modifier,V6,Arteriovenous graft,20100101,
modifier,V7,Arteriovenous fistula,20100101,
modifier,V8,Infection present,20100101,20120331
modifier,V9,No infection present,20100101,20120331
modifier,VM,Mdpp virtual make-up session,20180401,
modifier,VP,Aphakic patient,19840101,
modifier,X1,Continuous/broad services,20180101,
modifier,X2,Continuous/focused services,20180101,
modifier,X3,Episodic/broad services,20180101,
modifier,X4,Episodic/focused services,20180101,
modifier,X5,Svc req by another clinician,20180101,
modifier,XE,Separate encounter,20150101,
modifier,XP,Separate practitioner,20150101,
modifier,XS,Separate organ/structure,20150101,
modifier,XU,Unusual separate service,20150101,
modifier,ZA,Novartis/sandoz,20160101,20180331
modifier,ZB,Pfizer/hospira,20160701,20180331
modifier,ZC,Merck/samsung bioepis,20171001,20180331
